[2026-08-15 22:26:20] [INFO    ] [sta_top_parser] [sta_top_parser.py:302] ====================================================================
[2026-08-15 22:26:20] [INFO    ] [sta_top_parser] [sta_top_parser.py:303]   sta_top_parser.py — Synopsys PrimeTime STA Hierarchy Parser
[2026-08-15 22:26:20] [INFO    ] [sta_top_parser] [sta_top_parser.py:304]   Root       : D:\Certificates\PD_STA_REPORTS
[2026-08-15 22:26:20] [INFO    ] [sta_top_parser] [sta_top_parser.py:305]   Output dir : D:\Certificates\PD_STA_REPORTS
[2026-08-15 22:26:20] [INFO    ] [sta_top_parser] [sta_top_parser.py:306]   Pattern    : *.rpt
[2026-08-15 22:26:20] [INFO    ] [sta_top_parser] [sta_top_parser.py:309] ====================================================================
[2026-08-15 22:26:20] [INFO    ] [sta_top_parser] [sta_top_parser.py:228] Found 57 block director(ies) with '*.rpt' files under D:\Certificates\PD_STA_REPORTS
[2026-08-15 22:26:20] [INFO    ] [sta_top_parser] [sta_top_parser.py:328] [1/57] Scanning: CACHE\CACHE_CONTROLLER
[2026-08-15 22:26:20] [INFO    ] [sta_top_parser] [parser.py:284]   Found 11 report file(s) in D:\Certificates\PD_STA_REPORTS\CACHE\CACHE_CONTROLLER
[2026-08-15 22:26:20] [DEBUG   ] [sta_top_parser] [parser.py:130]   Parsing: 01_SETUP_SS_125C_CACHE_CTRL_TOP.rpt
[2026-08-15 22:26:20] [DEBUG   ] [sta_top_parser] [parser.py:209]     → design=CACHE_CTRL_TOP       corner=ss_0p72v_0p72v_125c                 check=setup  wns=+1.119  status=MET
[2026-08-15 22:26:20] [DEBUG   ] [sta_top_parser] [parser.py:130]   Parsing: 02_HOLD_FF_N40C_CACHE_CTRL_TOP.rpt
[2026-08-15 22:26:20] [DEBUG   ] [sta_top_parser] [parser.py:209]     → design=CACHE_CTRL_TOP       corner=ff_1p16v_1p16v_n40c                 check=hold   wns=+1.088  status=MET
[2026-08-15 22:26:20] [DEBUG   ] [sta_top_parser] [parser.py:130]   Parsing: 03_SETUP_TT_25C_CACHE_CTRL_TOP.rpt
[2026-08-15 22:26:20] [DEBUG   ] [sta_top_parser] [parser.py:209]     → design=CACHE_CTRL_TOP       corner=tt_0p90v_0p90v_25c                  check=setup  wns=+1.126  status=MET
[2026-08-15 22:26:20] [DEBUG   ] [sta_top_parser] [parser.py:130]   Parsing: 04_HOLD_TT_25C_CACHE_CTRL_TOP.rpt
[2026-08-15 22:26:20] [DEBUG   ] [sta_top_parser] [parser.py:209]     → design=CACHE_CTRL_TOP       corner=tt_0p90v_0p90v_25c                  check=hold   wns=+1.147  status=MET
[2026-08-15 22:26:20] [DEBUG   ] [sta_top_parser] [parser.py:130]   Parsing: 05_SETUP_SS_M40C_CACHE_CTRL_TOP.rpt
[2026-08-15 22:26:20] [DEBUG   ] [sta_top_parser] [parser.py:209]     → design=CACHE_CTRL_TOP       corner=ss_0p72v_0p72v_n40c                 check=setup  wns=+1.043  status=MET
[2026-08-15 22:26:20] [DEBUG   ] [sta_top_parser] [parser.py:130]   Parsing: 06_HOLD_FF_125C_CACHE_CTRL_TOP.rpt
[2026-08-15 22:26:20] [DEBUG   ] [sta_top_parser] [parser.py:209]     → design=CACHE_CTRL_TOP       corner=ff_1p16v_1p16v_125c                 check=hold   wns=+1.069  status=MET
[2026-08-15 22:26:20] [DEBUG   ] [sta_top_parser] [parser.py:130]   Parsing: 07_SETUP_LVSS_125C_CACHE_CTRL_TOP.rpt
[2026-08-15 22:26:20] [DEBUG   ] [sta_top_parser] [parser.py:209]     → design=CACHE_CTRL_TOP       corner=ss_0p63v_0p63v_125c                 check=setup  wns=+1.133  status=MET
[2026-08-15 22:26:20] [DEBUG   ] [sta_top_parser] [parser.py:130]   Parsing: 08_CG_CHECK_TT_25C_CACHE_CTRL_TOP.rpt
[2026-08-15 22:26:20] [DEBUG   ] [sta_top_parser] [parser.py:209]     → design=CACHE_CTRL_TOP       corner=tt_0p90v_0p90v_25c                  check=setup  wns=+1.088  status=MET
[2026-08-15 22:26:20] [DEBUG   ] [sta_top_parser] [parser.py:130]   Parsing: 09_RECOVERY_SS_125C_CACHE_CTRL_TOP.rpt
[2026-08-15 22:26:20] [DEBUG   ] [sta_top_parser] [parser.py:209]     → design=CACHE_CTRL_TOP       corner=ss_0p72v_0p72v_125c                 check=setup  wns=+1.065  status=MET
[2026-08-15 22:26:20] [DEBUG   ] [sta_top_parser] [parser.py:130]   Parsing: 10_MULTICYCLE_TT_25C_CACHE_CTRL_TOP.rpt
[2026-08-15 22:26:20] [DEBUG   ] [sta_top_parser] [parser.py:209]     → design=CACHE_CTRL_TOP       corner=tt_0p90v_0p90v_25c                  check=setup  wns=+1.083  status=MET
[2026-08-15 22:26:20] [DEBUG   ] [sta_top_parser] [parser.py:130]   Parsing: CACHE_CTRL_TIMING.rpt
[2026-08-15 22:26:20] [DEBUG   ] [sta_top_parser] [parser.py:209]     → design=N/A                  corner=N/A                                 check=N/A    wns=+0.000  status=UNKNOWN
[2026-08-15 22:26:20] [INFO    ] [sta_top_parser] [parser.py:294]   Parsed 11 / 11 report(s) OK
[2026-08-15 22:26:20] [INFO    ] [sta_top_parser] [dump_log.py:246] Dump log    → D:\Certificates\PD_STA_REPORTS\CACHE\CACHE_CONTROLLER\CACHE_CTRL_TOP_dump.log
[2026-08-15 22:26:20] [INFO    ] [sta_top_parser] [json_writer.py:75] JSON dump   → D:\Certificates\PD_STA_REPORTS\CACHE\CACHE_CONTROLLER\CACHE_CTRL_TOP_summary.json
[2026-08-15 22:26:20] [INFO    ] [sta_top_parser] [html_writer.py:479] HTML report → D:\Certificates\PD_STA_REPORTS\CACHE\CACHE_CONTROLLER\CACHE_CTRL_TOP_report.html
[2026-08-15 22:26:20] [INFO    ] [sta_top_parser] [sta_top_parser.py:328] [2/57] Scanning: CACHE\L1D
[2026-08-15 22:26:20] [INFO    ] [sta_top_parser] [parser.py:284]   Found 11 report file(s) in D:\Certificates\PD_STA_REPORTS\CACHE\L1D
[2026-08-15 22:26:20] [DEBUG   ] [sta_top_parser] [parser.py:130]   Parsing: 01_SETUP_SS_125C_L1D_TOP.rpt
[2026-08-15 22:26:20] [DEBUG   ] [sta_top_parser] [parser.py:209]     → design=L1D_TOP              corner=ss_0p72v_0p72v_125c                 check=setup  wns=+1.045  status=MET
[2026-08-15 22:26:20] [DEBUG   ] [sta_top_parser] [parser.py:130]   Parsing: 02_HOLD_FF_N40C_L1D_TOP.rpt
[2026-08-15 22:26:20] [DEBUG   ] [sta_top_parser] [parser.py:209]     → design=L1D_TOP              corner=ff_1p16v_1p16v_n40c                 check=hold   wns=+1.116  status=MET
[2026-08-15 22:26:20] [DEBUG   ] [sta_top_parser] [parser.py:130]   Parsing: 03_SETUP_TT_25C_L1D_TOP.rpt
[2026-08-15 22:26:20] [DEBUG   ] [sta_top_parser] [parser.py:209]     → design=L1D_TOP              corner=tt_0p90v_0p90v_25c                  check=setup  wns=+1.132  status=MET
[2026-08-15 22:26:20] [DEBUG   ] [sta_top_parser] [parser.py:130]   Parsing: 04_HOLD_TT_25C_L1D_TOP.rpt
[2026-08-15 22:26:20] [DEBUG   ] [sta_top_parser] [parser.py:209]     → design=L1D_TOP              corner=tt_0p90v_0p90v_25c                  check=hold   wns=+1.040  status=MET
[2026-08-15 22:26:20] [DEBUG   ] [sta_top_parser] [parser.py:130]   Parsing: 05_SETUP_SS_M40C_L1D_TOP.rpt
[2026-08-15 22:26:20] [DEBUG   ] [sta_top_parser] [parser.py:209]     → design=L1D_TOP              corner=ss_0p72v_0p72v_n40c                 check=setup  wns=+1.130  status=MET
[2026-08-15 22:26:20] [DEBUG   ] [sta_top_parser] [parser.py:130]   Parsing: 06_HOLD_FF_125C_L1D_TOP.rpt
[2026-08-15 22:26:20] [DEBUG   ] [sta_top_parser] [parser.py:209]     → design=L1D_TOP              corner=ff_1p16v_1p16v_125c                 check=hold   wns=+1.081  status=MET
[2026-08-15 22:26:20] [DEBUG   ] [sta_top_parser] [parser.py:130]   Parsing: 07_SETUP_LVSS_125C_L1D_TOP.rpt
[2026-08-15 22:26:20] [DEBUG   ] [sta_top_parser] [parser.py:209]     → design=L1D_TOP              corner=ss_0p63v_0p63v_125c                 check=setup  wns=+1.121  status=MET
[2026-08-15 22:26:20] [DEBUG   ] [sta_top_parser] [parser.py:130]   Parsing: 08_CG_CHECK_TT_25C_L1D_TOP.rpt
[2026-08-15 22:26:20] [DEBUG   ] [sta_top_parser] [parser.py:209]     → design=L1D_TOP              corner=tt_0p90v_0p90v_25c                  check=setup  wns=+1.089  status=MET
[2026-08-15 22:26:20] [DEBUG   ] [sta_top_parser] [parser.py:130]   Parsing: 09_RECOVERY_SS_125C_L1D_TOP.rpt
[2026-08-15 22:26:20] [DEBUG   ] [sta_top_parser] [parser.py:209]     → design=L1D_TOP              corner=ss_0p72v_0p72v_125c                 check=setup  wns=+1.110  status=MET
[2026-08-15 22:26:20] [DEBUG   ] [sta_top_parser] [parser.py:130]   Parsing: 10_MULTICYCLE_TT_25C_L1D_TOP.rpt
[2026-08-15 22:26:20] [DEBUG   ] [sta_top_parser] [parser.py:209]     → design=L1D_TOP              corner=tt_0p90v_0p90v_25c                  check=setup  wns=+1.124  status=MET
[2026-08-15 22:26:20] [DEBUG   ] [sta_top_parser] [parser.py:130]   Parsing: L1D_TIMING.rpt
[2026-08-15 22:26:20] [DEBUG   ] [sta_top_parser] [parser.py:209]     → design=N/A                  corner=N/A                                 check=N/A    wns=+0.000  status=UNKNOWN
[2026-08-15 22:26:20] [INFO    ] [sta_top_parser] [parser.py:294]   Parsed 11 / 11 report(s) OK
[2026-08-15 22:26:20] [INFO    ] [sta_top_parser] [dump_log.py:246] Dump log    → D:\Certificates\PD_STA_REPORTS\CACHE\L1D\L1D_TOP_dump.log
[2026-08-15 22:26:20] [INFO    ] [sta_top_parser] [json_writer.py:75] JSON dump   → D:\Certificates\PD_STA_REPORTS\CACHE\L1D\L1D_TOP_summary.json
[2026-08-15 22:26:20] [INFO    ] [sta_top_parser] [html_writer.py:479] HTML report → D:\Certificates\PD_STA_REPORTS\CACHE\L1D\L1D_TOP_report.html
[2026-08-15 22:26:20] [INFO    ] [sta_top_parser] [sta_top_parser.py:328] [3/57] Scanning: CACHE\L1I
[2026-08-15 22:26:20] [INFO    ] [sta_top_parser] [parser.py:284]   Found 11 report file(s) in D:\Certificates\PD_STA_REPORTS\CACHE\L1I
[2026-08-15 22:26:20] [DEBUG   ] [sta_top_parser] [parser.py:130]   Parsing: 01_SETUP_SS_125C_L1I_TOP.rpt
[2026-08-15 22:26:20] [DEBUG   ] [sta_top_parser] [parser.py:209]     → design=L1I_TOP              corner=ss_0p72v_0p72v_125c                 check=setup  wns=+1.088  status=MET
[2026-08-15 22:26:20] [DEBUG   ] [sta_top_parser] [parser.py:130]   Parsing: 02_HOLD_FF_N40C_L1I_TOP.rpt
[2026-08-15 22:26:20] [DEBUG   ] [sta_top_parser] [parser.py:209]     → design=L1I_TOP              corner=ff_1p16v_1p16v_n40c                 check=hold   wns=+1.058  status=MET
[2026-08-15 22:26:20] [DEBUG   ] [sta_top_parser] [parser.py:130]   Parsing: 03_SETUP_TT_25C_L1I_TOP.rpt
[2026-08-15 22:26:20] [DEBUG   ] [sta_top_parser] [parser.py:209]     → design=L1I_TOP              corner=tt_0p90v_0p90v_25c                  check=setup  wns=+1.127  status=MET
[2026-08-15 22:26:20] [DEBUG   ] [sta_top_parser] [parser.py:130]   Parsing: 04_HOLD_TT_25C_L1I_TOP.rpt
[2026-08-15 22:26:20] [DEBUG   ] [sta_top_parser] [parser.py:209]     → design=L1I_TOP              corner=tt_0p90v_0p90v_25c                  check=hold   wns=+1.101  status=MET
[2026-08-15 22:26:20] [DEBUG   ] [sta_top_parser] [parser.py:130]   Parsing: 05_SETUP_SS_M40C_L1I_TOP.rpt
[2026-08-15 22:26:20] [DEBUG   ] [sta_top_parser] [parser.py:209]     → design=L1I_TOP              corner=ss_0p72v_0p72v_n40c                 check=setup  wns=+1.085  status=MET
[2026-08-15 22:26:20] [DEBUG   ] [sta_top_parser] [parser.py:130]   Parsing: 06_HOLD_FF_125C_L1I_TOP.rpt
[2026-08-15 22:26:20] [DEBUG   ] [sta_top_parser] [parser.py:209]     → design=L1I_TOP              corner=ff_1p16v_1p16v_125c                 check=hold   wns=+1.130  status=MET
[2026-08-15 22:26:20] [DEBUG   ] [sta_top_parser] [parser.py:130]   Parsing: 07_SETUP_LVSS_125C_L1I_TOP.rpt
[2026-08-15 22:26:20] [DEBUG   ] [sta_top_parser] [parser.py:209]     → design=L1I_TOP              corner=ss_0p63v_0p63v_125c                 check=setup  wns=+1.104  status=MET
[2026-08-15 22:26:20] [DEBUG   ] [sta_top_parser] [parser.py:130]   Parsing: 08_CG_CHECK_TT_25C_L1I_TOP.rpt
[2026-08-15 22:26:20] [DEBUG   ] [sta_top_parser] [parser.py:209]     → design=L1I_TOP              corner=tt_0p90v_0p90v_25c                  check=setup  wns=+1.083  status=MET
[2026-08-15 22:26:20] [DEBUG   ] [sta_top_parser] [parser.py:130]   Parsing: 09_RECOVERY_SS_125C_L1I_TOP.rpt
[2026-08-15 22:26:20] [DEBUG   ] [sta_top_parser] [parser.py:209]     → design=L1I_TOP              corner=ss_0p72v_0p72v_125c                 check=setup  wns=+1.123  status=MET
[2026-08-15 22:26:20] [DEBUG   ] [sta_top_parser] [parser.py:130]   Parsing: 10_MULTICYCLE_TT_25C_L1I_TOP.rpt
[2026-08-15 22:26:20] [DEBUG   ] [sta_top_parser] [parser.py:209]     → design=L1I_TOP              corner=tt_0p90v_0p90v_25c                  check=setup  wns=+1.066  status=MET
[2026-08-15 22:26:20] [DEBUG   ] [sta_top_parser] [parser.py:130]   Parsing: L1I_TIMING.rpt
[2026-08-15 22:26:20] [DEBUG   ] [sta_top_parser] [parser.py:209]     → design=N/A                  corner=N/A                                 check=N/A    wns=+0.000  status=UNKNOWN
[2026-08-15 22:26:20] [INFO    ] [sta_top_parser] [parser.py:294]   Parsed 11 / 11 report(s) OK
[2026-08-15 22:26:20] [INFO    ] [sta_top_parser] [dump_log.py:246] Dump log    → D:\Certificates\PD_STA_REPORTS\CACHE\L1I\L1I_TOP_dump.log
[2026-08-15 22:26:20] [INFO    ] [sta_top_parser] [json_writer.py:75] JSON dump   → D:\Certificates\PD_STA_REPORTS\CACHE\L1I\L1I_TOP_summary.json
[2026-08-15 22:26:20] [INFO    ] [sta_top_parser] [html_writer.py:479] HTML report → D:\Certificates\PD_STA_REPORTS\CACHE\L1I\L1I_TOP_report.html
[2026-08-15 22:26:20] [INFO    ] [sta_top_parser] [sta_top_parser.py:328] [4/57] Scanning: CACHE\L2
[2026-08-15 22:26:20] [INFO    ] [sta_top_parser] [parser.py:284]   Found 11 report file(s) in D:\Certificates\PD_STA_REPORTS\CACHE\L2
[2026-08-15 22:26:20] [DEBUG   ] [sta_top_parser] [parser.py:130]   Parsing: 01_SETUP_SS_125C_L2_TOP.rpt
[2026-08-15 22:26:20] [DEBUG   ] [sta_top_parser] [parser.py:209]     → design=L2_TOP               corner=ss_0p72v_0p72v_125c                 check=setup  wns=-0.145  status=VIOLATED
[2026-08-15 22:26:20] [DEBUG   ] [sta_top_parser] [parser.py:130]   Parsing: 02_HOLD_FF_N40C_L2_TOP.rpt
[2026-08-15 22:26:20] [DEBUG   ] [sta_top_parser] [parser.py:209]     → design=L2_TOP               corner=ff_1p16v_1p16v_n40c                 check=hold   wns=+1.613  status=MET
[2026-08-15 22:26:20] [DEBUG   ] [sta_top_parser] [parser.py:130]   Parsing: 03_SETUP_TT_25C_L2_TOP.rpt
[2026-08-15 22:26:20] [DEBUG   ] [sta_top_parser] [parser.py:209]     → design=L2_TOP               corner=tt_0p90v_0p90v_25c                  check=setup  wns=+1.623  status=MET
[2026-08-15 22:26:20] [DEBUG   ] [sta_top_parser] [parser.py:130]   Parsing: 04_HOLD_TT_25C_L2_TOP.rpt
[2026-08-15 22:26:20] [DEBUG   ] [sta_top_parser] [parser.py:209]     → design=L2_TOP               corner=tt_0p90v_0p90v_25c                  check=hold   wns=+1.601  status=MET
[2026-08-15 22:26:20] [DEBUG   ] [sta_top_parser] [parser.py:130]   Parsing: 05_SETUP_SS_M40C_L2_TOP.rpt
[2026-08-15 22:26:20] [DEBUG   ] [sta_top_parser] [parser.py:209]     → design=L2_TOP               corner=ss_0p72v_0p72v_n40c                 check=setup  wns=+1.610  status=MET
[2026-08-15 22:26:20] [DEBUG   ] [sta_top_parser] [parser.py:130]   Parsing: 06_HOLD_FF_125C_L2_TOP.rpt
[2026-08-15 22:26:20] [DEBUG   ] [sta_top_parser] [parser.py:209]     → design=L2_TOP               corner=ff_1p16v_1p16v_125c                 check=hold   wns=+1.577  status=MET
[2026-08-15 22:26:20] [DEBUG   ] [sta_top_parser] [parser.py:130]   Parsing: 07_SETUP_LVSS_125C_L2_TOP.rpt
[2026-08-15 22:26:20] [DEBUG   ] [sta_top_parser] [parser.py:209]     → design=L2_TOP               corner=ss_0p63v_0p63v_125c                 check=setup  wns=+1.614  status=MET
[2026-08-15 22:26:20] [DEBUG   ] [sta_top_parser] [parser.py:130]   Parsing: 08_CG_CHECK_TT_25C_L2_TOP.rpt
[2026-08-15 22:26:20] [DEBUG   ] [sta_top_parser] [parser.py:209]     → design=L2_TOP               corner=tt_0p90v_0p90v_25c                  check=setup  wns=+1.579  status=MET
[2026-08-15 22:26:20] [DEBUG   ] [sta_top_parser] [parser.py:130]   Parsing: 09_RECOVERY_SS_125C_L2_TOP.rpt
[2026-08-15 22:26:20] [DEBUG   ] [sta_top_parser] [parser.py:209]     → design=L2_TOP               corner=ss_0p72v_0p72v_125c                 check=setup  wns=+1.594  status=MET
[2026-08-15 22:26:20] [DEBUG   ] [sta_top_parser] [parser.py:130]   Parsing: 10_MULTICYCLE_TT_25C_L2_TOP.rpt
[2026-08-15 22:26:20] [DEBUG   ] [sta_top_parser] [parser.py:209]     → design=L2_TOP               corner=tt_0p90v_0p90v_25c                  check=setup  wns=+1.638  status=MET
[2026-08-15 22:26:20] [DEBUG   ] [sta_top_parser] [parser.py:130]   Parsing: L2_TIMING.rpt
[2026-08-15 22:26:20] [DEBUG   ] [sta_top_parser] [parser.py:209]     → design=N/A                  corner=N/A                                 check=N/A    wns=+0.000  status=UNKNOWN
[2026-08-15 22:26:20] [INFO    ] [sta_top_parser] [parser.py:294]   Parsed 11 / 11 report(s) OK
[2026-08-15 22:26:20] [INFO    ] [sta_top_parser] [dump_log.py:246] Dump log    → D:\Certificates\PD_STA_REPORTS\CACHE\L2\L2_TOP_dump.log
[2026-08-15 22:26:20] [INFO    ] [sta_top_parser] [json_writer.py:75] JSON dump   → D:\Certificates\PD_STA_REPORTS\CACHE\L2\L2_TOP_summary.json
[2026-08-15 22:26:20] [INFO    ] [sta_top_parser] [html_writer.py:479] HTML report → D:\Certificates\PD_STA_REPORTS\CACHE\L2\L2_TOP_report.html
[2026-08-15 22:26:20] [INFO    ] [sta_top_parser] [sta_top_parser.py:328] [5/57] Scanning: CACHE\L3_LLC
[2026-08-15 22:26:20] [INFO    ] [sta_top_parser] [parser.py:284]   Found 11 report file(s) in D:\Certificates\PD_STA_REPORTS\CACHE\L3_LLC
[2026-08-15 22:26:20] [DEBUG   ] [sta_top_parser] [parser.py:130]   Parsing: 01_SETUP_SS_125C_L3_LLC_TOP.rpt
[2026-08-15 22:26:20] [DEBUG   ] [sta_top_parser] [parser.py:209]     → design=L3_LLC_TOP           corner=ss_0p72v_0p72v_125c                 check=setup  wns=+2.489  status=MET
[2026-08-15 22:26:20] [DEBUG   ] [sta_top_parser] [parser.py:130]   Parsing: 02_HOLD_FF_N40C_L3_LLC_TOP.rpt
[2026-08-15 22:26:20] [DEBUG   ] [sta_top_parser] [parser.py:209]     → design=L3_LLC_TOP           corner=ff_1p16v_1p16v_n40c                 check=hold   wns=+2.426  status=MET
[2026-08-15 22:26:20] [DEBUG   ] [sta_top_parser] [parser.py:130]   Parsing: 03_SETUP_TT_25C_L3_LLC_TOP.rpt
[2026-08-15 22:26:20] [DEBUG   ] [sta_top_parser] [parser.py:209]     → design=L3_LLC_TOP           corner=tt_0p90v_0p90v_25c                  check=setup  wns=+2.478  status=MET
[2026-08-15 22:26:20] [DEBUG   ] [sta_top_parser] [parser.py:130]   Parsing: 04_HOLD_TT_25C_L3_LLC_TOP.rpt
[2026-08-15 22:26:20] [DEBUG   ] [sta_top_parser] [parser.py:209]     → design=L3_LLC_TOP           corner=tt_0p90v_0p90v_25c                  check=hold   wns=+2.475  status=MET
[2026-08-15 22:26:20] [DEBUG   ] [sta_top_parser] [parser.py:130]   Parsing: 05_SETUP_SS_M40C_L3_LLC_TOP.rpt
[2026-08-15 22:26:20] [DEBUG   ] [sta_top_parser] [parser.py:209]     → design=L3_LLC_TOP           corner=ss_0p72v_0p72v_n40c                 check=setup  wns=+2.444  status=MET
[2026-08-15 22:26:20] [DEBUG   ] [sta_top_parser] [parser.py:130]   Parsing: 06_HOLD_FF_125C_L3_LLC_TOP.rpt
[2026-08-15 22:26:20] [DEBUG   ] [sta_top_parser] [parser.py:209]     → design=L3_LLC_TOP           corner=ff_1p16v_1p16v_125c                 check=hold   wns=+2.429  status=MET
[2026-08-15 22:26:20] [DEBUG   ] [sta_top_parser] [parser.py:130]   Parsing: 07_SETUP_LVSS_125C_L3_LLC_TOP.rpt
[2026-08-15 22:26:20] [DEBUG   ] [sta_top_parser] [parser.py:209]     → design=L3_LLC_TOP           corner=ss_0p63v_0p63v_125c                 check=setup  wns=+2.407  status=MET
[2026-08-15 22:26:20] [DEBUG   ] [sta_top_parser] [parser.py:130]   Parsing: 08_CG_CHECK_TT_25C_L3_LLC_TOP.rpt
[2026-08-15 22:26:20] [DEBUG   ] [sta_top_parser] [parser.py:209]     → design=L3_LLC_TOP           corner=tt_0p90v_0p90v_25c                  check=setup  wns=+2.393  status=MET
[2026-08-15 22:26:20] [DEBUG   ] [sta_top_parser] [parser.py:130]   Parsing: 09_RECOVERY_SS_125C_L3_LLC_TOP.rpt
[2026-08-15 22:26:20] [DEBUG   ] [sta_top_parser] [parser.py:209]     → design=L3_LLC_TOP           corner=ss_0p72v_0p72v_125c                 check=setup  wns=+2.375  status=MET
[2026-08-15 22:26:20] [DEBUG   ] [sta_top_parser] [parser.py:130]   Parsing: 10_MULTICYCLE_TT_25C_L3_LLC_TOP.rpt
[2026-08-15 22:26:20] [DEBUG   ] [sta_top_parser] [parser.py:209]     → design=L3_LLC_TOP           corner=tt_0p90v_0p90v_25c                  check=setup  wns=+2.403  status=MET
[2026-08-15 22:26:20] [DEBUG   ] [sta_top_parser] [parser.py:130]   Parsing: L3_LLC_TIMING.rpt
[2026-08-15 22:26:20] [DEBUG   ] [sta_top_parser] [parser.py:209]     → design=N/A                  corner=N/A                                 check=N/A    wns=+0.000  status=UNKNOWN
[2026-08-15 22:26:20] [INFO    ] [sta_top_parser] [parser.py:294]   Parsed 11 / 11 report(s) OK
[2026-08-15 22:26:20] [INFO    ] [sta_top_parser] [dump_log.py:246] Dump log    → D:\Certificates\PD_STA_REPORTS\CACHE\L3_LLC\L3_LLC_TOP_dump.log
[2026-08-15 22:26:20] [INFO    ] [sta_top_parser] [json_writer.py:75] JSON dump   → D:\Certificates\PD_STA_REPORTS\CACHE\L3_LLC\L3_LLC_TOP_summary.json
[2026-08-15 22:26:20] [INFO    ] [sta_top_parser] [html_writer.py:479] HTML report → D:\Certificates\PD_STA_REPORTS\CACHE\L3_LLC\L3_LLC_TOP_report.html
[2026-08-15 22:26:20] [INFO    ] [sta_top_parser] [sta_top_parser.py:328] [6/57] Scanning: COMMIT\ARF
[2026-08-15 22:26:20] [INFO    ] [sta_top_parser] [parser.py:284]   Found 11 report file(s) in D:\Certificates\PD_STA_REPORTS\COMMIT\ARF
[2026-08-15 22:26:20] [DEBUG   ] [sta_top_parser] [parser.py:130]   Parsing: 01_SETUP_SS_125C_ARF_TOP.rpt
[2026-08-15 22:26:20] [DEBUG   ] [sta_top_parser] [parser.py:209]     → design=ARF_TOP              corner=ss_0p72v_0p72v_125c                 check=setup  wns=+1.179  status=MET
[2026-08-15 22:26:20] [DEBUG   ] [sta_top_parser] [parser.py:130]   Parsing: 02_HOLD_FF_N40C_ARF_TOP.rpt
[2026-08-15 22:26:20] [DEBUG   ] [sta_top_parser] [parser.py:209]     → design=ARF_TOP              corner=ff_1p16v_1p16v_n40c                 check=hold   wns=+1.104  status=MET
[2026-08-15 22:26:20] [DEBUG   ] [sta_top_parser] [parser.py:130]   Parsing: 03_SETUP_TT_25C_ARF_TOP.rpt
[2026-08-15 22:26:20] [DEBUG   ] [sta_top_parser] [parser.py:209]     → design=ARF_TOP              corner=tt_0p90v_0p90v_25c                  check=setup  wns=+1.073  status=MET
[2026-08-15 22:26:20] [DEBUG   ] [sta_top_parser] [parser.py:130]   Parsing: 04_HOLD_TT_25C_ARF_TOP.rpt
[2026-08-15 22:26:20] [DEBUG   ] [sta_top_parser] [parser.py:209]     → design=ARF_TOP              corner=tt_0p90v_0p90v_25c                  check=hold   wns=+1.101  status=MET
[2026-08-15 22:26:20] [DEBUG   ] [sta_top_parser] [parser.py:130]   Parsing: 05_SETUP_SS_M40C_ARF_TOP.rpt
[2026-08-15 22:26:20] [DEBUG   ] [sta_top_parser] [parser.py:209]     → design=ARF_TOP              corner=ss_0p72v_0p72v_n40c                 check=setup  wns=+1.125  status=MET
[2026-08-15 22:26:20] [DEBUG   ] [sta_top_parser] [parser.py:130]   Parsing: 06_HOLD_FF_125C_ARF_TOP.rpt
[2026-08-15 22:26:20] [DEBUG   ] [sta_top_parser] [parser.py:209]     → design=ARF_TOP              corner=ff_1p16v_1p16v_125c                 check=hold   wns=+1.067  status=MET
[2026-08-15 22:26:20] [DEBUG   ] [sta_top_parser] [parser.py:130]   Parsing: 07_SETUP_LVSS_125C_ARF_TOP.rpt
[2026-08-15 22:26:20] [DEBUG   ] [sta_top_parser] [parser.py:209]     → design=ARF_TOP              corner=ss_0p63v_0p63v_125c                 check=setup  wns=+1.053  status=MET
[2026-08-15 22:26:20] [DEBUG   ] [sta_top_parser] [parser.py:130]   Parsing: 08_CG_CHECK_TT_25C_ARF_TOP.rpt
[2026-08-15 22:26:20] [DEBUG   ] [sta_top_parser] [parser.py:209]     → design=ARF_TOP              corner=tt_0p90v_0p90v_25c                  check=setup  wns=+1.068  status=MET
[2026-08-15 22:26:20] [DEBUG   ] [sta_top_parser] [parser.py:130]   Parsing: 09_RECOVERY_SS_125C_ARF_TOP.rpt
[2026-08-15 22:26:20] [DEBUG   ] [sta_top_parser] [parser.py:209]     → design=ARF_TOP              corner=ss_0p72v_0p72v_125c                 check=setup  wns=+1.112  status=MET
[2026-08-15 22:26:20] [DEBUG   ] [sta_top_parser] [parser.py:130]   Parsing: 10_MULTICYCLE_TT_25C_ARF_TOP.rpt
[2026-08-15 22:26:20] [DEBUG   ] [sta_top_parser] [parser.py:209]     → design=ARF_TOP              corner=tt_0p90v_0p90v_25c                  check=setup  wns=+1.149  status=MET
[2026-08-15 22:26:20] [DEBUG   ] [sta_top_parser] [parser.py:130]   Parsing: ARF_TIMING.rpt
[2026-08-15 22:26:20] [DEBUG   ] [sta_top_parser] [parser.py:209]     → design=N/A                  corner=N/A                                 check=N/A    wns=+0.000  status=UNKNOWN
[2026-08-15 22:26:20] [INFO    ] [sta_top_parser] [parser.py:294]   Parsed 11 / 11 report(s) OK
[2026-08-15 22:26:20] [INFO    ] [sta_top_parser] [dump_log.py:246] Dump log    → D:\Certificates\PD_STA_REPORTS\COMMIT\ARF\ARF_TOP_dump.log
[2026-08-15 22:26:20] [INFO    ] [sta_top_parser] [json_writer.py:75] JSON dump   → D:\Certificates\PD_STA_REPORTS\COMMIT\ARF\ARF_TOP_summary.json
[2026-08-15 22:26:20] [INFO    ] [sta_top_parser] [html_writer.py:479] HTML report → D:\Certificates\PD_STA_REPORTS\COMMIT\ARF\ARF_TOP_report.html
[2026-08-15 22:26:20] [INFO    ] [sta_top_parser] [sta_top_parser.py:328] [7/57] Scanning: COMMIT\EXCEPTION_HANDLER
[2026-08-15 22:26:20] [INFO    ] [sta_top_parser] [parser.py:284]   Found 11 report file(s) in D:\Certificates\PD_STA_REPORTS\COMMIT\EXCEPTION_HANDLER
[2026-08-15 22:26:20] [DEBUG   ] [sta_top_parser] [parser.py:130]   Parsing: 01_SETUP_SS_125C_EXCEPTION_HANDLER_TOP.rpt
[2026-08-15 22:26:20] [DEBUG   ] [sta_top_parser] [parser.py:209]     → design=EXCEPTION_HANDLER_TOP corner=ss_0p72v_0p72v_125c                 check=setup  wns=+1.099  status=MET
[2026-08-15 22:26:20] [DEBUG   ] [sta_top_parser] [parser.py:130]   Parsing: 02_HOLD_FF_N40C_EXCEPTION_HANDLER_TOP.rpt
[2026-08-15 22:26:20] [DEBUG   ] [sta_top_parser] [parser.py:209]     → design=EXCEPTION_HANDLER_TOP corner=ff_1p16v_1p16v_n40c                 check=hold   wns=+1.086  status=MET
[2026-08-15 22:26:20] [DEBUG   ] [sta_top_parser] [parser.py:130]   Parsing: 03_SETUP_TT_25C_EXCEPTION_HANDLER_TOP.rpt
[2026-08-15 22:26:20] [DEBUG   ] [sta_top_parser] [parser.py:209]     → design=EXCEPTION_HANDLER_TOP corner=tt_0p90v_0p90v_25c                  check=setup  wns=+1.090  status=MET
[2026-08-15 22:26:20] [DEBUG   ] [sta_top_parser] [parser.py:130]   Parsing: 04_HOLD_TT_25C_EXCEPTION_HANDLER_TOP.rpt
[2026-08-15 22:26:20] [DEBUG   ] [sta_top_parser] [parser.py:209]     → design=EXCEPTION_HANDLER_TOP corner=tt_0p90v_0p90v_25c                  check=hold   wns=+1.095  status=MET
[2026-08-15 22:26:20] [DEBUG   ] [sta_top_parser] [parser.py:130]   Parsing: 05_SETUP_SS_M40C_EXCEPTION_HANDLER_TOP.rpt
[2026-08-15 22:26:20] [DEBUG   ] [sta_top_parser] [parser.py:209]     → design=EXCEPTION_HANDLER_TOP corner=ss_0p72v_0p72v_n40c                 check=setup  wns=+1.117  status=MET
[2026-08-15 22:26:20] [DEBUG   ] [sta_top_parser] [parser.py:130]   Parsing: 06_HOLD_FF_125C_EXCEPTION_HANDLER_TOP.rpt
[2026-08-15 22:26:20] [DEBUG   ] [sta_top_parser] [parser.py:209]     → design=EXCEPTION_HANDLER_TOP corner=ff_1p16v_1p16v_125c                 check=hold   wns=+1.116  status=MET
[2026-08-15 22:26:20] [DEBUG   ] [sta_top_parser] [parser.py:130]   Parsing: 07_SETUP_LVSS_125C_EXCEPTION_HANDLER_TOP.rpt
[2026-08-15 22:26:20] [DEBUG   ] [sta_top_parser] [parser.py:209]     → design=EXCEPTION_HANDLER_TOP corner=ss_0p63v_0p63v_125c                 check=setup  wns=+1.102  status=MET
[2026-08-15 22:26:20] [DEBUG   ] [sta_top_parser] [parser.py:130]   Parsing: 08_CG_CHECK_TT_25C_EXCEPTION_HANDLER_TOP.rpt
[2026-08-15 22:26:20] [DEBUG   ] [sta_top_parser] [parser.py:209]     → design=EXCEPTION_HANDLER_TOP corner=tt_0p90v_0p90v_25c                  check=setup  wns=+1.114  status=MET
[2026-08-15 22:26:20] [DEBUG   ] [sta_top_parser] [parser.py:130]   Parsing: 09_RECOVERY_SS_125C_EXCEPTION_HANDLER_TOP.rpt
[2026-08-15 22:26:20] [DEBUG   ] [sta_top_parser] [parser.py:209]     → design=EXCEPTION_HANDLER_TOP corner=ss_0p72v_0p72v_125c                 check=setup  wns=+1.083  status=MET
[2026-08-15 22:26:20] [DEBUG   ] [sta_top_parser] [parser.py:130]   Parsing: 10_MULTICYCLE_TT_25C_EXCEPTION_HANDLER_TOP.rpt
[2026-08-15 22:26:20] [DEBUG   ] [sta_top_parser] [parser.py:209]     → design=EXCEPTION_HANDLER_TOP corner=tt_0p90v_0p90v_25c                  check=setup  wns=+1.117  status=MET
[2026-08-15 22:26:20] [DEBUG   ] [sta_top_parser] [parser.py:130]   Parsing: EXCEPTION_HANDLER_TIMING.rpt
[2026-08-15 22:26:20] [DEBUG   ] [sta_top_parser] [parser.py:209]     → design=N/A                  corner=N/A                                 check=N/A    wns=+0.000  status=UNKNOWN
[2026-08-15 22:26:20] [INFO    ] [sta_top_parser] [parser.py:294]   Parsed 11 / 11 report(s) OK
[2026-08-15 22:26:20] [INFO    ] [sta_top_parser] [dump_log.py:246] Dump log    → D:\Certificates\PD_STA_REPORTS\COMMIT\EXCEPTION_HANDLER\EXCEPTION_HANDLER_TOP_dump.log
[2026-08-15 22:26:20] [INFO    ] [sta_top_parser] [json_writer.py:75] JSON dump   → D:\Certificates\PD_STA_REPORTS\COMMIT\EXCEPTION_HANDLER\EXCEPTION_HANDLER_TOP_summary.json
[2026-08-15 22:26:20] [INFO    ] [sta_top_parser] [html_writer.py:479] HTML report → D:\Certificates\PD_STA_REPORTS\COMMIT\EXCEPTION_HANDLER\EXCEPTION_HANDLER_TOP_report.html
[2026-08-15 22:26:20] [INFO    ] [sta_top_parser] [sta_top_parser.py:328] [8/57] Scanning: COMMIT\RETIRE_QUEUE
[2026-08-15 22:26:20] [INFO    ] [sta_top_parser] [parser.py:284]   Found 11 report file(s) in D:\Certificates\PD_STA_REPORTS\COMMIT\RETIRE_QUEUE
[2026-08-15 22:26:20] [DEBUG   ] [sta_top_parser] [parser.py:130]   Parsing: 01_SETUP_SS_125C_RETIRE_QUEUE_TOP.rpt
[2026-08-15 22:26:20] [DEBUG   ] [sta_top_parser] [parser.py:209]     → design=RETIRE_QUEUE_TOP     corner=ss_0p72v_0p72v_125c                 check=setup  wns=+1.137  status=MET
[2026-08-15 22:26:20] [DEBUG   ] [sta_top_parser] [parser.py:130]   Parsing: 02_HOLD_FF_N40C_RETIRE_QUEUE_TOP.rpt
[2026-08-15 22:26:20] [DEBUG   ] [sta_top_parser] [parser.py:209]     → design=RETIRE_QUEUE_TOP     corner=ff_1p16v_1p16v_n40c                 check=hold   wns=+1.145  status=MET
[2026-08-15 22:26:20] [DEBUG   ] [sta_top_parser] [parser.py:130]   Parsing: 03_SETUP_TT_25C_RETIRE_QUEUE_TOP.rpt
[2026-08-15 22:26:20] [DEBUG   ] [sta_top_parser] [parser.py:209]     → design=RETIRE_QUEUE_TOP     corner=tt_0p90v_0p90v_25c                  check=setup  wns=+1.128  status=MET
[2026-08-15 22:26:20] [DEBUG   ] [sta_top_parser] [parser.py:130]   Parsing: 04_HOLD_TT_25C_RETIRE_QUEUE_TOP.rpt
[2026-08-15 22:26:20] [DEBUG   ] [sta_top_parser] [parser.py:209]     → design=RETIRE_QUEUE_TOP     corner=tt_0p90v_0p90v_25c                  check=hold   wns=+1.086  status=MET
[2026-08-15 22:26:20] [DEBUG   ] [sta_top_parser] [parser.py:130]   Parsing: 05_SETUP_SS_M40C_RETIRE_QUEUE_TOP.rpt
[2026-08-15 22:26:20] [DEBUG   ] [sta_top_parser] [parser.py:209]     → design=RETIRE_QUEUE_TOP     corner=ss_0p72v_0p72v_n40c                 check=setup  wns=+1.153  status=MET
[2026-08-15 22:26:20] [DEBUG   ] [sta_top_parser] [parser.py:130]   Parsing: 06_HOLD_FF_125C_RETIRE_QUEUE_TOP.rpt
[2026-08-15 22:26:20] [DEBUG   ] [sta_top_parser] [parser.py:209]     → design=RETIRE_QUEUE_TOP     corner=ff_1p16v_1p16v_125c                 check=hold   wns=+1.083  status=MET
[2026-08-15 22:26:20] [DEBUG   ] [sta_top_parser] [parser.py:130]   Parsing: 07_SETUP_LVSS_125C_RETIRE_QUEUE_TOP.rpt
[2026-08-15 22:26:20] [DEBUG   ] [sta_top_parser] [parser.py:209]     → design=RETIRE_QUEUE_TOP     corner=ss_0p63v_0p63v_125c                 check=setup  wns=+1.085  status=MET
[2026-08-15 22:26:20] [DEBUG   ] [sta_top_parser] [parser.py:130]   Parsing: 08_CG_CHECK_TT_25C_RETIRE_QUEUE_TOP.rpt
[2026-08-15 22:26:20] [DEBUG   ] [sta_top_parser] [parser.py:209]     → design=RETIRE_QUEUE_TOP     corner=tt_0p90v_0p90v_25c                  check=setup  wns=+1.104  status=MET
[2026-08-15 22:26:20] [DEBUG   ] [sta_top_parser] [parser.py:130]   Parsing: 09_RECOVERY_SS_125C_RETIRE_QUEUE_TOP.rpt
[2026-08-15 22:26:20] [DEBUG   ] [sta_top_parser] [parser.py:209]     → design=RETIRE_QUEUE_TOP     corner=ss_0p72v_0p72v_125c                 check=setup  wns=+1.117  status=MET
[2026-08-15 22:26:20] [DEBUG   ] [sta_top_parser] [parser.py:130]   Parsing: 10_MULTICYCLE_TT_25C_RETIRE_QUEUE_TOP.rpt
[2026-08-15 22:26:20] [DEBUG   ] [sta_top_parser] [parser.py:209]     → design=RETIRE_QUEUE_TOP     corner=tt_0p90v_0p90v_25c                  check=setup  wns=+1.080  status=MET
[2026-08-15 22:26:20] [DEBUG   ] [sta_top_parser] [parser.py:130]   Parsing: RETIRE_QUEUE_TIMING.rpt
[2026-08-15 22:26:20] [DEBUG   ] [sta_top_parser] [parser.py:209]     → design=N/A                  corner=N/A                                 check=N/A    wns=+0.000  status=UNKNOWN
[2026-08-15 22:26:20] [INFO    ] [sta_top_parser] [parser.py:294]   Parsed 11 / 11 report(s) OK
[2026-08-15 22:26:20] [INFO    ] [sta_top_parser] [dump_log.py:246] Dump log    → D:\Certificates\PD_STA_REPORTS\COMMIT\RETIRE_QUEUE\RETIRE_QUEUE_TOP_dump.log
[2026-08-15 22:26:20] [INFO    ] [sta_top_parser] [json_writer.py:75] JSON dump   → D:\Certificates\PD_STA_REPORTS\COMMIT\RETIRE_QUEUE\RETIRE_QUEUE_TOP_summary.json
[2026-08-15 22:26:20] [INFO    ] [sta_top_parser] [html_writer.py:479] HTML report → D:\Certificates\PD_STA_REPORTS\COMMIT\RETIRE_QUEUE\RETIRE_QUEUE_TOP_report.html
[2026-08-15 22:26:20] [INFO    ] [sta_top_parser] [sta_top_parser.py:328] [9/57] Scanning: COMMIT\ROB_COMMIT
[2026-08-15 22:26:20] [INFO    ] [sta_top_parser] [parser.py:284]   Found 11 report file(s) in D:\Certificates\PD_STA_REPORTS\COMMIT\ROB_COMMIT
[2026-08-15 22:26:20] [DEBUG   ] [sta_top_parser] [parser.py:130]   Parsing: 01_SETUP_SS_125C_ROB_COMMIT_TOP.rpt
[2026-08-15 22:26:20] [DEBUG   ] [sta_top_parser] [parser.py:209]     → design=ROB_COMMIT_TOP       corner=ss_0p72v_0p72v_125c                 check=setup  wns=+1.191  status=MET
[2026-08-15 22:26:20] [DEBUG   ] [sta_top_parser] [parser.py:130]   Parsing: 02_HOLD_FF_N40C_ROB_COMMIT_TOP.rpt
[2026-08-15 22:26:20] [DEBUG   ] [sta_top_parser] [parser.py:209]     → design=ROB_COMMIT_TOP       corner=ff_1p16v_1p16v_n40c                 check=hold   wns=+1.073  status=MET
[2026-08-15 22:26:20] [DEBUG   ] [sta_top_parser] [parser.py:130]   Parsing: 03_SETUP_TT_25C_ROB_COMMIT_TOP.rpt
[2026-08-15 22:26:20] [DEBUG   ] [sta_top_parser] [parser.py:209]     → design=ROB_COMMIT_TOP       corner=tt_0p90v_0p90v_25c                  check=setup  wns=+1.073  status=MET
[2026-08-15 22:26:20] [DEBUG   ] [sta_top_parser] [parser.py:130]   Parsing: 04_HOLD_TT_25C_ROB_COMMIT_TOP.rpt
[2026-08-15 22:26:20] [DEBUG   ] [sta_top_parser] [parser.py:209]     → design=ROB_COMMIT_TOP       corner=tt_0p90v_0p90v_25c                  check=hold   wns=+1.135  status=MET
[2026-08-15 22:26:20] [DEBUG   ] [sta_top_parser] [parser.py:130]   Parsing: 05_SETUP_SS_M40C_ROB_COMMIT_TOP.rpt
[2026-08-15 22:26:20] [DEBUG   ] [sta_top_parser] [parser.py:209]     → design=ROB_COMMIT_TOP       corner=ss_0p72v_0p72v_n40c                 check=setup  wns=+1.141  status=MET
[2026-08-15 22:26:20] [DEBUG   ] [sta_top_parser] [parser.py:130]   Parsing: 06_HOLD_FF_125C_ROB_COMMIT_TOP.rpt
[2026-08-15 22:26:20] [DEBUG   ] [sta_top_parser] [parser.py:209]     → design=ROB_COMMIT_TOP       corner=ff_1p16v_1p16v_125c                 check=hold   wns=+1.147  status=MET
[2026-08-15 22:26:20] [DEBUG   ] [sta_top_parser] [parser.py:130]   Parsing: 07_SETUP_LVSS_125C_ROB_COMMIT_TOP.rpt
[2026-08-15 22:26:20] [DEBUG   ] [sta_top_parser] [parser.py:209]     → design=ROB_COMMIT_TOP       corner=ss_0p63v_0p63v_125c                 check=setup  wns=+1.152  status=MET
[2026-08-15 22:26:20] [DEBUG   ] [sta_top_parser] [parser.py:130]   Parsing: 08_CG_CHECK_TT_25C_ROB_COMMIT_TOP.rpt
[2026-08-15 22:26:20] [DEBUG   ] [sta_top_parser] [parser.py:209]     → design=ROB_COMMIT_TOP       corner=tt_0p90v_0p90v_25c                  check=setup  wns=+1.100  status=MET
[2026-08-15 22:26:20] [DEBUG   ] [sta_top_parser] [parser.py:130]   Parsing: 09_RECOVERY_SS_125C_ROB_COMMIT_TOP.rpt
[2026-08-15 22:26:20] [DEBUG   ] [sta_top_parser] [parser.py:209]     → design=ROB_COMMIT_TOP       corner=ss_0p72v_0p72v_125c                 check=setup  wns=+1.065  status=MET
[2026-08-15 22:26:20] [DEBUG   ] [sta_top_parser] [parser.py:130]   Parsing: 10_MULTICYCLE_TT_25C_ROB_COMMIT_TOP.rpt
[2026-08-15 22:26:20] [DEBUG   ] [sta_top_parser] [parser.py:209]     → design=ROB_COMMIT_TOP       corner=tt_0p90v_0p90v_25c                  check=setup  wns=+1.070  status=MET
[2026-08-15 22:26:20] [DEBUG   ] [sta_top_parser] [parser.py:130]   Parsing: ROB_COMMIT_TIMING.rpt
[2026-08-15 22:26:20] [DEBUG   ] [sta_top_parser] [parser.py:209]     → design=N/A                  corner=N/A                                 check=N/A    wns=+0.000  status=UNKNOWN
[2026-08-15 22:26:20] [INFO    ] [sta_top_parser] [parser.py:294]   Parsed 11 / 11 report(s) OK
[2026-08-15 22:26:20] [INFO    ] [sta_top_parser] [dump_log.py:246] Dump log    → D:\Certificates\PD_STA_REPORTS\COMMIT\ROB_COMMIT\ROB_COMMIT_TOP_dump.log
[2026-08-15 22:26:20] [INFO    ] [sta_top_parser] [json_writer.py:75] JSON dump   → D:\Certificates\PD_STA_REPORTS\COMMIT\ROB_COMMIT\ROB_COMMIT_TOP_summary.json
[2026-08-15 22:26:20] [INFO    ] [sta_top_parser] [html_writer.py:479] HTML report → D:\Certificates\PD_STA_REPORTS\COMMIT\ROB_COMMIT\ROB_COMMIT_TOP_report.html
[2026-08-15 22:26:20] [INFO    ] [sta_top_parser] [sta_top_parser.py:328] [10/57] Scanning: DECODE\DECODE_QUEUE
[2026-08-15 22:26:20] [INFO    ] [sta_top_parser] [parser.py:284]   Found 11 report file(s) in D:\Certificates\PD_STA_REPORTS\DECODE\DECODE_QUEUE
[2026-08-15 22:26:20] [DEBUG   ] [sta_top_parser] [parser.py:130]   Parsing: 01_SETUP_SS_125C_DECODE_QUEUE_TOP.rpt
[2026-08-15 22:26:20] [DEBUG   ] [sta_top_parser] [parser.py:209]     → design=DECODE_QUEUE_TOP     corner=ss_0p72v_0p72v_125c                 check=setup  wns=+1.136  status=MET
[2026-08-15 22:26:20] [DEBUG   ] [sta_top_parser] [parser.py:130]   Parsing: 02_HOLD_FF_N40C_DECODE_QUEUE_TOP.rpt
[2026-08-15 22:26:20] [DEBUG   ] [sta_top_parser] [parser.py:209]     → design=DECODE_QUEUE_TOP     corner=ff_1p16v_1p16v_n40c                 check=hold   wns=+1.097  status=MET
[2026-08-15 22:26:20] [DEBUG   ] [sta_top_parser] [parser.py:130]   Parsing: 03_SETUP_TT_25C_DECODE_QUEUE_TOP.rpt
[2026-08-15 22:26:20] [DEBUG   ] [sta_top_parser] [parser.py:209]     → design=DECODE_QUEUE_TOP     corner=tt_0p90v_0p90v_25c                  check=setup  wns=+1.127  status=MET
[2026-08-15 22:26:20] [DEBUG   ] [sta_top_parser] [parser.py:130]   Parsing: 04_HOLD_TT_25C_DECODE_QUEUE_TOP.rpt
[2026-08-15 22:26:20] [DEBUG   ] [sta_top_parser] [parser.py:209]     → design=DECODE_QUEUE_TOP     corner=tt_0p90v_0p90v_25c                  check=hold   wns=+1.101  status=MET
[2026-08-15 22:26:20] [DEBUG   ] [sta_top_parser] [parser.py:130]   Parsing: 05_SETUP_SS_M40C_DECODE_QUEUE_TOP.rpt
[2026-08-15 22:26:20] [DEBUG   ] [sta_top_parser] [parser.py:209]     → design=DECODE_QUEUE_TOP     corner=ss_0p72v_0p72v_n40c                 check=setup  wns=+1.103  status=MET
[2026-08-15 22:26:20] [DEBUG   ] [sta_top_parser] [parser.py:130]   Parsing: 06_HOLD_FF_125C_DECODE_QUEUE_TOP.rpt
[2026-08-15 22:26:20] [DEBUG   ] [sta_top_parser] [parser.py:209]     → design=DECODE_QUEUE_TOP     corner=ff_1p16v_1p16v_125c                 check=hold   wns=+1.105  status=MET
[2026-08-15 22:26:20] [DEBUG   ] [sta_top_parser] [parser.py:130]   Parsing: 07_SETUP_LVSS_125C_DECODE_QUEUE_TOP.rpt
[2026-08-15 22:26:20] [DEBUG   ] [sta_top_parser] [parser.py:209]     → design=DECODE_QUEUE_TOP     corner=ss_0p63v_0p63v_125c                 check=setup  wns=+1.129  status=MET
[2026-08-15 22:26:20] [DEBUG   ] [sta_top_parser] [parser.py:130]   Parsing: 08_CG_CHECK_TT_25C_DECODE_QUEUE_TOP.rpt
[2026-08-15 22:26:20] [DEBUG   ] [sta_top_parser] [parser.py:209]     → design=DECODE_QUEUE_TOP     corner=tt_0p90v_0p90v_25c                  check=setup  wns=+1.082  status=MET
[2026-08-15 22:26:20] [DEBUG   ] [sta_top_parser] [parser.py:130]   Parsing: 09_RECOVERY_SS_125C_DECODE_QUEUE_TOP.rpt
[2026-08-15 22:26:20] [DEBUG   ] [sta_top_parser] [parser.py:209]     → design=DECODE_QUEUE_TOP     corner=ss_0p72v_0p72v_125c                 check=setup  wns=+1.138  status=MET
[2026-08-15 22:26:20] [DEBUG   ] [sta_top_parser] [parser.py:130]   Parsing: 10_MULTICYCLE_TT_25C_DECODE_QUEUE_TOP.rpt
[2026-08-15 22:26:20] [DEBUG   ] [sta_top_parser] [parser.py:209]     → design=DECODE_QUEUE_TOP     corner=tt_0p90v_0p90v_25c                  check=setup  wns=+1.009  status=MET
[2026-08-15 22:26:20] [DEBUG   ] [sta_top_parser] [parser.py:130]   Parsing: DECODE_QUEUE_TIMING.rpt
[2026-08-15 22:26:20] [DEBUG   ] [sta_top_parser] [parser.py:209]     → design=N/A                  corner=N/A                                 check=N/A    wns=+0.000  status=UNKNOWN
[2026-08-15 22:26:20] [INFO    ] [sta_top_parser] [parser.py:294]   Parsed 11 / 11 report(s) OK
[2026-08-15 22:26:20] [INFO    ] [sta_top_parser] [dump_log.py:246] Dump log    → D:\Certificates\PD_STA_REPORTS\DECODE\DECODE_QUEUE\DECODE_QUEUE_TOP_dump.log
[2026-08-15 22:26:20] [INFO    ] [sta_top_parser] [json_writer.py:75] JSON dump   → D:\Certificates\PD_STA_REPORTS\DECODE\DECODE_QUEUE\DECODE_QUEUE_TOP_summary.json
[2026-08-15 22:26:20] [INFO    ] [sta_top_parser] [html_writer.py:479] HTML report → D:\Certificates\PD_STA_REPORTS\DECODE\DECODE_QUEUE\DECODE_QUEUE_TOP_report.html
[2026-08-15 22:26:20] [INFO    ] [sta_top_parser] [sta_top_parser.py:328] [11/57] Scanning: DECODE\INSTRUCTION_DECODER
[2026-08-15 22:26:20] [INFO    ] [sta_top_parser] [parser.py:284]   Found 11 report file(s) in D:\Certificates\PD_STA_REPORTS\DECODE\INSTRUCTION_DECODER
[2026-08-15 22:26:20] [DEBUG   ] [sta_top_parser] [parser.py:130]   Parsing: 01_SETUP_SS_125C_INSTR_DECODER_TOP.rpt
[2026-08-15 22:26:20] [DEBUG   ] [sta_top_parser] [parser.py:209]     → design=INSTR_DECODER_TOP    corner=ss_0p72v_0p72v_125c                 check=setup  wns=-0.089  status=VIOLATED
[2026-08-15 22:26:20] [DEBUG   ] [sta_top_parser] [parser.py:130]   Parsing: 02_HOLD_FF_N40C_INSTR_DECODER_TOP.rpt
[2026-08-15 22:26:20] [DEBUG   ] [sta_top_parser] [parser.py:209]     → design=INSTR_DECODER_TOP    corner=ff_1p16v_1p16v_n40c                 check=hold   wns=+1.137  status=MET
[2026-08-15 22:26:20] [DEBUG   ] [sta_top_parser] [parser.py:130]   Parsing: 03_SETUP_TT_25C_INSTR_DECODER_TOP.rpt
[2026-08-15 22:26:20] [DEBUG   ] [sta_top_parser] [parser.py:209]     → design=INSTR_DECODER_TOP    corner=tt_0p90v_0p90v_25c                  check=setup  wns=+1.105  status=MET
[2026-08-15 22:26:20] [DEBUG   ] [sta_top_parser] [parser.py:130]   Parsing: 04_HOLD_TT_25C_INSTR_DECODER_TOP.rpt
[2026-08-15 22:26:20] [DEBUG   ] [sta_top_parser] [parser.py:209]     → design=INSTR_DECODER_TOP    corner=tt_0p90v_0p90v_25c                  check=hold   wns=+1.060  status=MET
[2026-08-15 22:26:20] [DEBUG   ] [sta_top_parser] [parser.py:130]   Parsing: 05_SETUP_SS_M40C_INSTR_DECODER_TOP.rpt
[2026-08-15 22:26:20] [DEBUG   ] [sta_top_parser] [parser.py:209]     → design=INSTR_DECODER_TOP    corner=ss_0p72v_0p72v_n40c                 check=setup  wns=+1.093  status=MET
[2026-08-15 22:26:20] [DEBUG   ] [sta_top_parser] [parser.py:130]   Parsing: 06_HOLD_FF_125C_INSTR_DECODER_TOP.rpt
[2026-08-15 22:26:20] [DEBUG   ] [sta_top_parser] [parser.py:209]     → design=INSTR_DECODER_TOP    corner=ff_1p16v_1p16v_125c                 check=hold   wns=+1.035  status=MET
[2026-08-15 22:26:20] [DEBUG   ] [sta_top_parser] [parser.py:130]   Parsing: 07_SETUP_LVSS_125C_INSTR_DECODER_TOP.rpt
[2026-08-15 22:26:20] [DEBUG   ] [sta_top_parser] [parser.py:209]     → design=INSTR_DECODER_TOP    corner=ss_0p63v_0p63v_125c                 check=setup  wns=+1.104  status=MET
[2026-08-15 22:26:20] [DEBUG   ] [sta_top_parser] [parser.py:130]   Parsing: 08_CG_CHECK_TT_25C_INSTR_DECODER_TOP.rpt
[2026-08-15 22:26:20] [DEBUG   ] [sta_top_parser] [parser.py:209]     → design=INSTR_DECODER_TOP    corner=tt_0p90v_0p90v_25c                  check=setup  wns=+1.082  status=MET
[2026-08-15 22:26:20] [DEBUG   ] [sta_top_parser] [parser.py:130]   Parsing: 09_RECOVERY_SS_125C_INSTR_DECODER_TOP.rpt
[2026-08-15 22:26:20] [DEBUG   ] [sta_top_parser] [parser.py:209]     → design=INSTR_DECODER_TOP    corner=ss_0p72v_0p72v_125c                 check=setup  wns=+1.057  status=MET
[2026-08-15 22:26:20] [DEBUG   ] [sta_top_parser] [parser.py:130]   Parsing: 10_MULTICYCLE_TT_25C_INSTR_DECODER_TOP.rpt
[2026-08-15 22:26:20] [DEBUG   ] [sta_top_parser] [parser.py:209]     → design=INSTR_DECODER_TOP    corner=tt_0p90v_0p90v_25c                  check=setup  wns=+1.128  status=MET
[2026-08-15 22:26:20] [DEBUG   ] [sta_top_parser] [parser.py:130]   Parsing: INSTR_DECODER_TIMING.rpt
[2026-08-15 22:26:20] [DEBUG   ] [sta_top_parser] [parser.py:209]     → design=N/A                  corner=N/A                                 check=N/A    wns=+0.000  status=UNKNOWN
[2026-08-15 22:26:20] [INFO    ] [sta_top_parser] [parser.py:294]   Parsed 11 / 11 report(s) OK
[2026-08-15 22:26:20] [INFO    ] [sta_top_parser] [dump_log.py:246] Dump log    → D:\Certificates\PD_STA_REPORTS\DECODE\INSTRUCTION_DECODER\INSTR_DECODER_TOP_dump.log
[2026-08-15 22:26:20] [INFO    ] [sta_top_parser] [json_writer.py:75] JSON dump   → D:\Certificates\PD_STA_REPORTS\DECODE\INSTRUCTION_DECODER\INSTR_DECODER_TOP_summary.json
[2026-08-15 22:26:20] [INFO    ] [sta_top_parser] [html_writer.py:479] HTML report → D:\Certificates\PD_STA_REPORTS\DECODE\INSTRUCTION_DECODER\INSTR_DECODER_TOP_report.html
[2026-08-15 22:26:20] [INFO    ] [sta_top_parser] [sta_top_parser.py:328] [12/57] Scanning: DECODE\INSTRUCTION_LENGTH_DECODER
[2026-08-15 22:26:20] [INFO    ] [sta_top_parser] [parser.py:284]   Found 11 report file(s) in D:\Certificates\PD_STA_REPORTS\DECODE\INSTRUCTION_LENGTH_DECODER
[2026-08-15 22:26:20] [DEBUG   ] [sta_top_parser] [parser.py:130]   Parsing: 01_SETUP_SS_125C_ILD_TOP.rpt
[2026-08-15 22:26:20] [DEBUG   ] [sta_top_parser] [parser.py:209]     → design=ILD_TOP              corner=ss_0p72v_0p72v_125c                 check=setup  wns=+1.055  status=MET
[2026-08-15 22:26:20] [DEBUG   ] [sta_top_parser] [parser.py:130]   Parsing: 02_HOLD_FF_N40C_ILD_TOP.rpt
[2026-08-15 22:26:20] [DEBUG   ] [sta_top_parser] [parser.py:209]     → design=ILD_TOP              corner=ff_1p16v_1p16v_n40c                 check=hold   wns=+1.120  status=MET
[2026-08-15 22:26:20] [DEBUG   ] [sta_top_parser] [parser.py:130]   Parsing: 03_SETUP_TT_25C_ILD_TOP.rpt
[2026-08-15 22:26:20] [DEBUG   ] [sta_top_parser] [parser.py:209]     → design=ILD_TOP              corner=tt_0p90v_0p90v_25c                  check=setup  wns=+1.093  status=MET
[2026-08-15 22:26:20] [DEBUG   ] [sta_top_parser] [parser.py:130]   Parsing: 04_HOLD_TT_25C_ILD_TOP.rpt
[2026-08-15 22:26:20] [DEBUG   ] [sta_top_parser] [parser.py:209]     → design=ILD_TOP              corner=tt_0p90v_0p90v_25c                  check=hold   wns=+1.135  status=MET
[2026-08-15 22:26:20] [DEBUG   ] [sta_top_parser] [parser.py:130]   Parsing: 05_SETUP_SS_M40C_ILD_TOP.rpt
[2026-08-15 22:26:20] [DEBUG   ] [sta_top_parser] [parser.py:209]     → design=ILD_TOP              corner=ss_0p72v_0p72v_n40c                 check=setup  wns=+1.136  status=MET
[2026-08-15 22:26:20] [DEBUG   ] [sta_top_parser] [parser.py:130]   Parsing: 06_HOLD_FF_125C_ILD_TOP.rpt
[2026-08-15 22:26:20] [DEBUG   ] [sta_top_parser] [parser.py:209]     → design=ILD_TOP              corner=ff_1p16v_1p16v_125c                 check=hold   wns=+1.113  status=MET
[2026-08-15 22:26:20] [DEBUG   ] [sta_top_parser] [parser.py:130]   Parsing: 07_SETUP_LVSS_125C_ILD_TOP.rpt
[2026-08-15 22:26:20] [DEBUG   ] [sta_top_parser] [parser.py:209]     → design=ILD_TOP              corner=ss_0p63v_0p63v_125c                 check=setup  wns=+1.141  status=MET
[2026-08-15 22:26:20] [DEBUG   ] [sta_top_parser] [parser.py:130]   Parsing: 08_CG_CHECK_TT_25C_ILD_TOP.rpt
[2026-08-15 22:26:20] [DEBUG   ] [sta_top_parser] [parser.py:209]     → design=ILD_TOP              corner=tt_0p90v_0p90v_25c                  check=setup  wns=+1.131  status=MET
[2026-08-15 22:26:20] [DEBUG   ] [sta_top_parser] [parser.py:130]   Parsing: 09_RECOVERY_SS_125C_ILD_TOP.rpt
[2026-08-15 22:26:20] [DEBUG   ] [sta_top_parser] [parser.py:209]     → design=ILD_TOP              corner=ss_0p72v_0p72v_125c                 check=setup  wns=+1.089  status=MET
[2026-08-15 22:26:20] [DEBUG   ] [sta_top_parser] [parser.py:130]   Parsing: 10_MULTICYCLE_TT_25C_ILD_TOP.rpt
[2026-08-15 22:26:20] [DEBUG   ] [sta_top_parser] [parser.py:209]     → design=ILD_TOP              corner=tt_0p90v_0p90v_25c                  check=setup  wns=+1.087  status=MET
[2026-08-15 22:26:20] [DEBUG   ] [sta_top_parser] [parser.py:130]   Parsing: ILD_TIMING.rpt
[2026-08-15 22:26:20] [DEBUG   ] [sta_top_parser] [parser.py:209]     → design=N/A                  corner=N/A                                 check=N/A    wns=+0.000  status=UNKNOWN
[2026-08-15 22:26:20] [INFO    ] [sta_top_parser] [parser.py:294]   Parsed 11 / 11 report(s) OK
[2026-08-15 22:26:20] [INFO    ] [sta_top_parser] [dump_log.py:246] Dump log    → D:\Certificates\PD_STA_REPORTS\DECODE\INSTRUCTION_LENGTH_DECODER\ILD_TOP_dump.log
[2026-08-15 22:26:20] [INFO    ] [sta_top_parser] [json_writer.py:75] JSON dump   → D:\Certificates\PD_STA_REPORTS\DECODE\INSTRUCTION_LENGTH_DECODER\ILD_TOP_summary.json
[2026-08-15 22:26:20] [INFO    ] [sta_top_parser] [html_writer.py:479] HTML report → D:\Certificates\PD_STA_REPORTS\DECODE\INSTRUCTION_LENGTH_DECODER\ILD_TOP_report.html
[2026-08-15 22:26:20] [INFO    ] [sta_top_parser] [sta_top_parser.py:328] [13/57] Scanning: DECODE\MICRO_OP_SPLITTER
[2026-08-15 22:26:20] [INFO    ] [sta_top_parser] [parser.py:284]   Found 11 report file(s) in D:\Certificates\PD_STA_REPORTS\DECODE\MICRO_OP_SPLITTER
[2026-08-15 22:26:20] [DEBUG   ] [sta_top_parser] [parser.py:130]   Parsing: 01_SETUP_SS_125C_MICRO_OP_SPLIT_TOP.rpt
[2026-08-15 22:26:20] [DEBUG   ] [sta_top_parser] [parser.py:209]     → design=MICRO_OP_SPLIT_TOP   corner=ss_0p72v_0p72v_125c                 check=setup  wns=+1.064  status=MET
[2026-08-15 22:26:20] [DEBUG   ] [sta_top_parser] [parser.py:130]   Parsing: 02_HOLD_FF_N40C_MICRO_OP_SPLIT_TOP.rpt
[2026-08-15 22:26:20] [DEBUG   ] [sta_top_parser] [parser.py:209]     → design=MICRO_OP_SPLIT_TOP   corner=ff_1p16v_1p16v_n40c                 check=hold   wns=+1.084  status=MET
[2026-08-15 22:26:20] [DEBUG   ] [sta_top_parser] [parser.py:130]   Parsing: 03_SETUP_TT_25C_MICRO_OP_SPLIT_TOP.rpt
[2026-08-15 22:26:20] [DEBUG   ] [sta_top_parser] [parser.py:209]     → design=MICRO_OP_SPLIT_TOP   corner=tt_0p90v_0p90v_25c                  check=setup  wns=+1.125  status=MET
[2026-08-15 22:26:20] [DEBUG   ] [sta_top_parser] [parser.py:130]   Parsing: 04_HOLD_TT_25C_MICRO_OP_SPLIT_TOP.rpt
[2026-08-15 22:26:20] [DEBUG   ] [sta_top_parser] [parser.py:209]     → design=MICRO_OP_SPLIT_TOP   corner=tt_0p90v_0p90v_25c                  check=hold   wns=+1.185  status=MET
[2026-08-15 22:26:20] [DEBUG   ] [sta_top_parser] [parser.py:130]   Parsing: 05_SETUP_SS_M40C_MICRO_OP_SPLIT_TOP.rpt
[2026-08-15 22:26:20] [DEBUG   ] [sta_top_parser] [parser.py:209]     → design=MICRO_OP_SPLIT_TOP   corner=ss_0p72v_0p72v_n40c                 check=setup  wns=+1.093  status=MET
[2026-08-15 22:26:20] [DEBUG   ] [sta_top_parser] [parser.py:130]   Parsing: 06_HOLD_FF_125C_MICRO_OP_SPLIT_TOP.rpt
[2026-08-15 22:26:20] [DEBUG   ] [sta_top_parser] [parser.py:209]     → design=MICRO_OP_SPLIT_TOP   corner=ff_1p16v_1p16v_125c                 check=hold   wns=+1.157  status=MET
[2026-08-15 22:26:20] [DEBUG   ] [sta_top_parser] [parser.py:130]   Parsing: 07_SETUP_LVSS_125C_MICRO_OP_SPLIT_TOP.rpt
[2026-08-15 22:26:20] [DEBUG   ] [sta_top_parser] [parser.py:209]     → design=MICRO_OP_SPLIT_TOP   corner=ss_0p63v_0p63v_125c                 check=setup  wns=+1.113  status=MET
[2026-08-15 22:26:20] [DEBUG   ] [sta_top_parser] [parser.py:130]   Parsing: 08_CG_CHECK_TT_25C_MICRO_OP_SPLIT_TOP.rpt
[2026-08-15 22:26:20] [DEBUG   ] [sta_top_parser] [parser.py:209]     → design=MICRO_OP_SPLIT_TOP   corner=tt_0p90v_0p90v_25c                  check=setup  wns=+1.085  status=MET
[2026-08-15 22:26:20] [DEBUG   ] [sta_top_parser] [parser.py:130]   Parsing: 09_RECOVERY_SS_125C_MICRO_OP_SPLIT_TOP.rpt
[2026-08-15 22:26:20] [DEBUG   ] [sta_top_parser] [parser.py:209]     → design=MICRO_OP_SPLIT_TOP   corner=ss_0p72v_0p72v_125c                 check=setup  wns=+1.119  status=MET
[2026-08-15 22:26:20] [DEBUG   ] [sta_top_parser] [parser.py:130]   Parsing: 10_MULTICYCLE_TT_25C_MICRO_OP_SPLIT_TOP.rpt
[2026-08-15 22:26:20] [DEBUG   ] [sta_top_parser] [parser.py:209]     → design=MICRO_OP_SPLIT_TOP   corner=tt_0p90v_0p90v_25c                  check=setup  wns=+1.110  status=MET
[2026-08-15 22:26:20] [DEBUG   ] [sta_top_parser] [parser.py:130]   Parsing: MICRO_OP_SPLIT_TIMING.rpt
[2026-08-15 22:26:20] [DEBUG   ] [sta_top_parser] [parser.py:209]     → design=N/A                  corner=N/A                                 check=N/A    wns=+0.000  status=UNKNOWN
[2026-08-15 22:26:20] [INFO    ] [sta_top_parser] [parser.py:294]   Parsed 11 / 11 report(s) OK
[2026-08-15 22:26:20] [INFO    ] [sta_top_parser] [dump_log.py:246] Dump log    → D:\Certificates\PD_STA_REPORTS\DECODE\MICRO_OP_SPLITTER\MICRO_OP_SPLIT_TOP_dump.log
[2026-08-15 22:26:20] [INFO    ] [sta_top_parser] [json_writer.py:75] JSON dump   → D:\Certificates\PD_STA_REPORTS\DECODE\MICRO_OP_SPLITTER\MICRO_OP_SPLIT_TOP_summary.json
[2026-08-15 22:26:20] [INFO    ] [sta_top_parser] [html_writer.py:479] HTML report → D:\Certificates\PD_STA_REPORTS\DECODE\MICRO_OP_SPLITTER\MICRO_OP_SPLIT_TOP_report.html
[2026-08-15 22:26:20] [INFO    ] [sta_top_parser] [sta_top_parser.py:328] [14/57] Scanning: DECODE\PRE_DECODE
[2026-08-15 22:26:20] [INFO    ] [sta_top_parser] [parser.py:284]   Found 11 report file(s) in D:\Certificates\PD_STA_REPORTS\DECODE\PRE_DECODE
[2026-08-15 22:26:20] [DEBUG   ] [sta_top_parser] [parser.py:130]   Parsing: 01_SETUP_SS_125C_PRE_DECODE_TOP.rpt
[2026-08-15 22:26:20] [DEBUG   ] [sta_top_parser] [parser.py:209]     → design=PRE_DECODE_TOP       corner=ss_0p72v_0p72v_125c                 check=setup  wns=+1.101  status=MET
[2026-08-15 22:26:20] [DEBUG   ] [sta_top_parser] [parser.py:130]   Parsing: 02_HOLD_FF_N40C_PRE_DECODE_TOP.rpt
[2026-08-15 22:26:20] [DEBUG   ] [sta_top_parser] [parser.py:209]     → design=PRE_DECODE_TOP       corner=ff_1p16v_1p16v_n40c                 check=hold   wns=+1.081  status=MET
[2026-08-15 22:26:20] [DEBUG   ] [sta_top_parser] [parser.py:130]   Parsing: 03_SETUP_TT_25C_PRE_DECODE_TOP.rpt
[2026-08-15 22:26:20] [DEBUG   ] [sta_top_parser] [parser.py:209]     → design=PRE_DECODE_TOP       corner=tt_0p90v_0p90v_25c                  check=setup  wns=+1.152  status=MET
[2026-08-15 22:26:20] [DEBUG   ] [sta_top_parser] [parser.py:130]   Parsing: 04_HOLD_TT_25C_PRE_DECODE_TOP.rpt
[2026-08-15 22:26:20] [DEBUG   ] [sta_top_parser] [parser.py:209]     → design=PRE_DECODE_TOP       corner=tt_0p90v_0p90v_25c                  check=hold   wns=+1.128  status=MET
[2026-08-15 22:26:20] [DEBUG   ] [sta_top_parser] [parser.py:130]   Parsing: 05_SETUP_SS_M40C_PRE_DECODE_TOP.rpt
[2026-08-15 22:26:20] [DEBUG   ] [sta_top_parser] [parser.py:209]     → design=PRE_DECODE_TOP       corner=ss_0p72v_0p72v_n40c                 check=setup  wns=+1.130  status=MET
[2026-08-15 22:26:20] [DEBUG   ] [sta_top_parser] [parser.py:130]   Parsing: 06_HOLD_FF_125C_PRE_DECODE_TOP.rpt
[2026-08-15 22:26:20] [DEBUG   ] [sta_top_parser] [parser.py:209]     → design=PRE_DECODE_TOP       corner=ff_1p16v_1p16v_125c                 check=hold   wns=+1.173  status=MET
[2026-08-15 22:26:20] [DEBUG   ] [sta_top_parser] [parser.py:130]   Parsing: 07_SETUP_LVSS_125C_PRE_DECODE_TOP.rpt
[2026-08-15 22:26:20] [DEBUG   ] [sta_top_parser] [parser.py:209]     → design=PRE_DECODE_TOP       corner=ss_0p63v_0p63v_125c                 check=setup  wns=+1.084  status=MET
[2026-08-15 22:26:20] [DEBUG   ] [sta_top_parser] [parser.py:130]   Parsing: 08_CG_CHECK_TT_25C_PRE_DECODE_TOP.rpt
[2026-08-15 22:26:20] [DEBUG   ] [sta_top_parser] [parser.py:209]     → design=PRE_DECODE_TOP       corner=tt_0p90v_0p90v_25c                  check=setup  wns=+1.068  status=MET
[2026-08-15 22:26:20] [DEBUG   ] [sta_top_parser] [parser.py:130]   Parsing: 09_RECOVERY_SS_125C_PRE_DECODE_TOP.rpt
[2026-08-15 22:26:20] [DEBUG   ] [sta_top_parser] [parser.py:209]     → design=PRE_DECODE_TOP       corner=ss_0p72v_0p72v_125c                 check=setup  wns=+1.069  status=MET
[2026-08-15 22:26:20] [DEBUG   ] [sta_top_parser] [parser.py:130]   Parsing: 10_MULTICYCLE_TT_25C_PRE_DECODE_TOP.rpt
[2026-08-15 22:26:20] [DEBUG   ] [sta_top_parser] [parser.py:209]     → design=PRE_DECODE_TOP       corner=tt_0p90v_0p90v_25c                  check=setup  wns=+1.174  status=MET
[2026-08-15 22:26:20] [DEBUG   ] [sta_top_parser] [parser.py:130]   Parsing: PRE_DECODE_TIMING.rpt
[2026-08-15 22:26:20] [DEBUG   ] [sta_top_parser] [parser.py:209]     → design=N/A                  corner=N/A                                 check=N/A    wns=+0.000  status=UNKNOWN
[2026-08-15 22:26:20] [INFO    ] [sta_top_parser] [parser.py:294]   Parsed 11 / 11 report(s) OK
[2026-08-15 22:26:20] [INFO    ] [sta_top_parser] [dump_log.py:246] Dump log    → D:\Certificates\PD_STA_REPORTS\DECODE\PRE_DECODE\PRE_DECODE_TOP_dump.log
[2026-08-15 22:26:20] [INFO    ] [sta_top_parser] [json_writer.py:75] JSON dump   → D:\Certificates\PD_STA_REPORTS\DECODE\PRE_DECODE\PRE_DECODE_TOP_summary.json
[2026-08-15 22:26:20] [INFO    ] [sta_top_parser] [html_writer.py:479] HTML report → D:\Certificates\PD_STA_REPORTS\DECODE\PRE_DECODE\PRE_DECODE_TOP_report.html
[2026-08-15 22:26:20] [INFO    ] [sta_top_parser] [sta_top_parser.py:328] [15/57] Scanning: EXECUTE\ALU\ALU0
[2026-08-15 22:26:20] [INFO    ] [sta_top_parser] [parser.py:284]   Found 11 report file(s) in D:\Certificates\PD_STA_REPORTS\EXECUTE\ALU\ALU0
[2026-08-15 22:26:20] [DEBUG   ] [sta_top_parser] [parser.py:130]   Parsing: 01_SETUP_SS_125C_ALU0_TOP.rpt
[2026-08-15 22:26:20] [DEBUG   ] [sta_top_parser] [parser.py:209]     → design=ALU0_TOP             corner=ss_0p72v_0p72v_125c                 check=setup  wns=-0.112  status=VIOLATED
[2026-08-15 22:26:20] [DEBUG   ] [sta_top_parser] [parser.py:130]   Parsing: 02_HOLD_FF_N40C_ALU0_TOP.rpt
[2026-08-15 22:26:20] [DEBUG   ] [sta_top_parser] [parser.py:209]     → design=ALU0_TOP             corner=ff_1p16v_1p16v_n40c                 check=hold   wns=+1.072  status=MET
[2026-08-15 22:26:20] [DEBUG   ] [sta_top_parser] [parser.py:130]   Parsing: 03_SETUP_TT_25C_ALU0_TOP.rpt
[2026-08-15 22:26:20] [DEBUG   ] [sta_top_parser] [parser.py:209]     → design=ALU0_TOP             corner=tt_0p90v_0p90v_25c                  check=setup  wns=+1.107  status=MET
[2026-08-15 22:26:20] [DEBUG   ] [sta_top_parser] [parser.py:130]   Parsing: 04_HOLD_TT_25C_ALU0_TOP.rpt
[2026-08-15 22:26:20] [DEBUG   ] [sta_top_parser] [parser.py:209]     → design=ALU0_TOP             corner=tt_0p90v_0p90v_25c                  check=hold   wns=+1.078  status=MET
[2026-08-15 22:26:20] [DEBUG   ] [sta_top_parser] [parser.py:130]   Parsing: 05_SETUP_SS_M40C_ALU0_TOP.rpt
[2026-08-15 22:26:20] [DEBUG   ] [sta_top_parser] [parser.py:209]     → design=ALU0_TOP             corner=ss_0p72v_0p72v_n40c                 check=setup  wns=+1.143  status=MET
[2026-08-15 22:26:20] [DEBUG   ] [sta_top_parser] [parser.py:130]   Parsing: 06_HOLD_FF_125C_ALU0_TOP.rpt
[2026-08-15 22:26:20] [DEBUG   ] [sta_top_parser] [parser.py:209]     → design=ALU0_TOP             corner=ff_1p16v_1p16v_125c                 check=hold   wns=+1.131  status=MET
[2026-08-15 22:26:20] [DEBUG   ] [sta_top_parser] [parser.py:130]   Parsing: 07_SETUP_LVSS_125C_ALU0_TOP.rpt
[2026-08-15 22:26:20] [DEBUG   ] [sta_top_parser] [parser.py:209]     → design=ALU0_TOP             corner=ss_0p63v_0p63v_125c                 check=setup  wns=+1.141  status=MET
[2026-08-15 22:26:20] [DEBUG   ] [sta_top_parser] [parser.py:130]   Parsing: 08_CG_CHECK_TT_25C_ALU0_TOP.rpt
[2026-08-15 22:26:20] [DEBUG   ] [sta_top_parser] [parser.py:209]     → design=ALU0_TOP             corner=tt_0p90v_0p90v_25c                  check=setup  wns=+1.091  status=MET
[2026-08-15 22:26:20] [DEBUG   ] [sta_top_parser] [parser.py:130]   Parsing: 09_RECOVERY_SS_125C_ALU0_TOP.rpt
[2026-08-15 22:26:20] [DEBUG   ] [sta_top_parser] [parser.py:209]     → design=ALU0_TOP             corner=ss_0p72v_0p72v_125c                 check=setup  wns=+1.133  status=MET
[2026-08-15 22:26:20] [DEBUG   ] [sta_top_parser] [parser.py:130]   Parsing: 10_MULTICYCLE_TT_25C_ALU0_TOP.rpt
[2026-08-15 22:26:20] [DEBUG   ] [sta_top_parser] [parser.py:209]     → design=ALU0_TOP             corner=tt_0p90v_0p90v_25c                  check=setup  wns=+1.127  status=MET
[2026-08-15 22:26:20] [DEBUG   ] [sta_top_parser] [parser.py:130]   Parsing: ALU0_TIMING.rpt
[2026-08-15 22:26:20] [DEBUG   ] [sta_top_parser] [parser.py:209]     → design=N/A                  corner=N/A                                 check=N/A    wns=+0.000  status=UNKNOWN
[2026-08-15 22:26:20] [INFO    ] [sta_top_parser] [parser.py:294]   Parsed 11 / 11 report(s) OK
[2026-08-15 22:26:20] [INFO    ] [sta_top_parser] [dump_log.py:246] Dump log    → D:\Certificates\PD_STA_REPORTS\EXECUTE\ALU\ALU0\ALU0_TOP_dump.log
[2026-08-15 22:26:20] [INFO    ] [sta_top_parser] [json_writer.py:75] JSON dump   → D:\Certificates\PD_STA_REPORTS\EXECUTE\ALU\ALU0\ALU0_TOP_summary.json
[2026-08-15 22:26:20] [INFO    ] [sta_top_parser] [html_writer.py:479] HTML report → D:\Certificates\PD_STA_REPORTS\EXECUTE\ALU\ALU0\ALU0_TOP_report.html
[2026-08-15 22:26:20] [INFO    ] [sta_top_parser] [sta_top_parser.py:328] [16/57] Scanning: EXECUTE\ALU\ALU1
[2026-08-15 22:26:20] [INFO    ] [sta_top_parser] [parser.py:284]   Found 11 report file(s) in D:\Certificates\PD_STA_REPORTS\EXECUTE\ALU\ALU1
[2026-08-15 22:26:20] [DEBUG   ] [sta_top_parser] [parser.py:130]   Parsing: 01_SETUP_SS_125C_ALU1_TOP.rpt
[2026-08-15 22:26:20] [DEBUG   ] [sta_top_parser] [parser.py:209]     → design=ALU1_TOP             corner=ss_0p72v_0p72v_125c                 check=setup  wns=+1.095  status=MET
[2026-08-15 22:26:20] [DEBUG   ] [sta_top_parser] [parser.py:130]   Parsing: 02_HOLD_FF_N40C_ALU1_TOP.rpt
[2026-08-15 22:26:20] [DEBUG   ] [sta_top_parser] [parser.py:209]     → design=ALU1_TOP             corner=ff_1p16v_1p16v_n40c                 check=hold   wns=+1.145  status=MET
[2026-08-15 22:26:20] [DEBUG   ] [sta_top_parser] [parser.py:130]   Parsing: 03_SETUP_TT_25C_ALU1_TOP.rpt
[2026-08-15 22:26:20] [DEBUG   ] [sta_top_parser] [parser.py:209]     → design=ALU1_TOP             corner=tt_0p90v_0p90v_25c                  check=setup  wns=+1.093  status=MET
[2026-08-15 22:26:20] [DEBUG   ] [sta_top_parser] [parser.py:130]   Parsing: 04_HOLD_TT_25C_ALU1_TOP.rpt
[2026-08-15 22:26:20] [DEBUG   ] [sta_top_parser] [parser.py:209]     → design=ALU1_TOP             corner=tt_0p90v_0p90v_25c                  check=hold   wns=+1.079  status=MET
[2026-08-15 22:26:20] [DEBUG   ] [sta_top_parser] [parser.py:130]   Parsing: 05_SETUP_SS_M40C_ALU1_TOP.rpt
[2026-08-15 22:26:20] [DEBUG   ] [sta_top_parser] [parser.py:209]     → design=ALU1_TOP             corner=ss_0p72v_0p72v_n40c                 check=setup  wns=+1.091  status=MET
[2026-08-15 22:26:20] [DEBUG   ] [sta_top_parser] [parser.py:130]   Parsing: 06_HOLD_FF_125C_ALU1_TOP.rpt
[2026-08-15 22:26:20] [DEBUG   ] [sta_top_parser] [parser.py:209]     → design=ALU1_TOP             corner=ff_1p16v_1p16v_125c                 check=hold   wns=+1.049  status=MET
[2026-08-15 22:26:20] [DEBUG   ] [sta_top_parser] [parser.py:130]   Parsing: 07_SETUP_LVSS_125C_ALU1_TOP.rpt
[2026-08-15 22:26:20] [DEBUG   ] [sta_top_parser] [parser.py:209]     → design=ALU1_TOP             corner=ss_0p63v_0p63v_125c                 check=setup  wns=+1.120  status=MET
[2026-08-15 22:26:20] [DEBUG   ] [sta_top_parser] [parser.py:130]   Parsing: 08_CG_CHECK_TT_25C_ALU1_TOP.rpt
[2026-08-15 22:26:20] [DEBUG   ] [sta_top_parser] [parser.py:209]     → design=ALU1_TOP             corner=tt_0p90v_0p90v_25c                  check=setup  wns=+1.123  status=MET
[2026-08-15 22:26:20] [DEBUG   ] [sta_top_parser] [parser.py:130]   Parsing: 09_RECOVERY_SS_125C_ALU1_TOP.rpt
[2026-08-15 22:26:20] [DEBUG   ] [sta_top_parser] [parser.py:209]     → design=ALU1_TOP             corner=ss_0p72v_0p72v_125c                 check=setup  wns=+1.070  status=MET
[2026-08-15 22:26:20] [DEBUG   ] [sta_top_parser] [parser.py:130]   Parsing: 10_MULTICYCLE_TT_25C_ALU1_TOP.rpt
[2026-08-15 22:26:20] [DEBUG   ] [sta_top_parser] [parser.py:209]     → design=ALU1_TOP             corner=tt_0p90v_0p90v_25c                  check=setup  wns=+1.148  status=MET
[2026-08-15 22:26:20] [DEBUG   ] [sta_top_parser] [parser.py:130]   Parsing: ALU1_TIMING.rpt
[2026-08-15 22:26:20] [DEBUG   ] [sta_top_parser] [parser.py:209]     → design=N/A                  corner=N/A                                 check=N/A    wns=+0.000  status=UNKNOWN
[2026-08-15 22:26:20] [INFO    ] [sta_top_parser] [parser.py:294]   Parsed 11 / 11 report(s) OK
[2026-08-15 22:26:20] [INFO    ] [sta_top_parser] [dump_log.py:246] Dump log    → D:\Certificates\PD_STA_REPORTS\EXECUTE\ALU\ALU1\ALU1_TOP_dump.log
[2026-08-15 22:26:20] [INFO    ] [sta_top_parser] [json_writer.py:75] JSON dump   → D:\Certificates\PD_STA_REPORTS\EXECUTE\ALU\ALU1\ALU1_TOP_summary.json
[2026-08-15 22:26:20] [INFO    ] [sta_top_parser] [html_writer.py:479] HTML report → D:\Certificates\PD_STA_REPORTS\EXECUTE\ALU\ALU1\ALU1_TOP_report.html
[2026-08-15 22:26:20] [INFO    ] [sta_top_parser] [sta_top_parser.py:328] [17/57] Scanning: EXECUTE\BRU
[2026-08-15 22:26:20] [INFO    ] [sta_top_parser] [parser.py:284]   Found 11 report file(s) in D:\Certificates\PD_STA_REPORTS\EXECUTE\BRU
[2026-08-15 22:26:20] [DEBUG   ] [sta_top_parser] [parser.py:130]   Parsing: 01_SETUP_SS_125C_BRU_TOP.rpt
[2026-08-15 22:26:20] [DEBUG   ] [sta_top_parser] [parser.py:209]     → design=BRU_TOP              corner=ss_0p72v_0p72v_125c                 check=setup  wns=+1.110  status=MET
[2026-08-15 22:26:20] [DEBUG   ] [sta_top_parser] [parser.py:130]   Parsing: 02_HOLD_FF_N40C_BRU_TOP.rpt
[2026-08-15 22:26:20] [DEBUG   ] [sta_top_parser] [parser.py:209]     → design=BRU_TOP              corner=ff_1p16v_1p16v_n40c                 check=hold   wns=+1.135  status=MET
[2026-08-15 22:26:20] [DEBUG   ] [sta_top_parser] [parser.py:130]   Parsing: 03_SETUP_TT_25C_BRU_TOP.rpt
[2026-08-15 22:26:20] [DEBUG   ] [sta_top_parser] [parser.py:209]     → design=BRU_TOP              corner=tt_0p90v_0p90v_25c                  check=setup  wns=+1.112  status=MET
[2026-08-15 22:26:20] [DEBUG   ] [sta_top_parser] [parser.py:130]   Parsing: 04_HOLD_TT_25C_BRU_TOP.rpt
[2026-08-15 22:26:20] [DEBUG   ] [sta_top_parser] [parser.py:209]     → design=BRU_TOP              corner=tt_0p90v_0p90v_25c                  check=hold   wns=+1.076  status=MET
[2026-08-15 22:26:20] [DEBUG   ] [sta_top_parser] [parser.py:130]   Parsing: 05_SETUP_SS_M40C_BRU_TOP.rpt
[2026-08-15 22:26:20] [DEBUG   ] [sta_top_parser] [parser.py:209]     → design=BRU_TOP              corner=ss_0p72v_0p72v_n40c                 check=setup  wns=+1.115  status=MET
[2026-08-15 22:26:20] [DEBUG   ] [sta_top_parser] [parser.py:130]   Parsing: 06_HOLD_FF_125C_BRU_TOP.rpt
[2026-08-15 22:26:20] [DEBUG   ] [sta_top_parser] [parser.py:209]     → design=BRU_TOP              corner=ff_1p16v_1p16v_125c                 check=hold   wns=+1.092  status=MET
[2026-08-15 22:26:20] [DEBUG   ] [sta_top_parser] [parser.py:130]   Parsing: 07_SETUP_LVSS_125C_BRU_TOP.rpt
[2026-08-15 22:26:20] [DEBUG   ] [sta_top_parser] [parser.py:209]     → design=BRU_TOP              corner=ss_0p63v_0p63v_125c                 check=setup  wns=+1.138  status=MET
[2026-08-15 22:26:20] [DEBUG   ] [sta_top_parser] [parser.py:130]   Parsing: 08_CG_CHECK_TT_25C_BRU_TOP.rpt
[2026-08-15 22:26:20] [DEBUG   ] [sta_top_parser] [parser.py:209]     → design=BRU_TOP              corner=tt_0p90v_0p90v_25c                  check=setup  wns=+1.100  status=MET
[2026-08-15 22:26:20] [DEBUG   ] [sta_top_parser] [parser.py:130]   Parsing: 09_RECOVERY_SS_125C_BRU_TOP.rpt
[2026-08-15 22:26:20] [DEBUG   ] [sta_top_parser] [parser.py:209]     → design=BRU_TOP              corner=ss_0p72v_0p72v_125c                 check=setup  wns=+1.073  status=MET
[2026-08-15 22:26:20] [DEBUG   ] [sta_top_parser] [parser.py:130]   Parsing: 10_MULTICYCLE_TT_25C_BRU_TOP.rpt
[2026-08-15 22:26:20] [DEBUG   ] [sta_top_parser] [parser.py:209]     → design=BRU_TOP              corner=tt_0p90v_0p90v_25c                  check=setup  wns=+1.065  status=MET
[2026-08-15 22:26:20] [DEBUG   ] [sta_top_parser] [parser.py:130]   Parsing: BRU_TIMING.rpt
[2026-08-15 22:26:20] [DEBUG   ] [sta_top_parser] [parser.py:209]     → design=N/A                  corner=N/A                                 check=N/A    wns=+0.000  status=UNKNOWN
[2026-08-15 22:26:20] [INFO    ] [sta_top_parser] [parser.py:294]   Parsed 11 / 11 report(s) OK
[2026-08-15 22:26:20] [INFO    ] [sta_top_parser] [dump_log.py:246] Dump log    → D:\Certificates\PD_STA_REPORTS\EXECUTE\BRU\BRU_TOP_dump.log
[2026-08-15 22:26:20] [INFO    ] [sta_top_parser] [json_writer.py:75] JSON dump   → D:\Certificates\PD_STA_REPORTS\EXECUTE\BRU\BRU_TOP_summary.json
[2026-08-15 22:26:20] [INFO    ] [sta_top_parser] [html_writer.py:479] HTML report → D:\Certificates\PD_STA_REPORTS\EXECUTE\BRU\BRU_TOP_report.html
[2026-08-15 22:26:20] [INFO    ] [sta_top_parser] [sta_top_parser.py:328] [18/57] Scanning: EXECUTE\DIV
[2026-08-15 22:26:20] [INFO    ] [sta_top_parser] [parser.py:284]   Found 11 report file(s) in D:\Certificates\PD_STA_REPORTS\EXECUTE\DIV
[2026-08-15 22:26:20] [DEBUG   ] [sta_top_parser] [parser.py:130]   Parsing: 01_SETUP_SS_125C_DIV_TOP.rpt
[2026-08-15 22:26:20] [DEBUG   ] [sta_top_parser] [parser.py:209]     → design=DIV_TOP              corner=ss_0p72v_0p72v_125c                 check=setup  wns=+1.101  status=MET
[2026-08-15 22:26:20] [DEBUG   ] [sta_top_parser] [parser.py:130]   Parsing: 02_HOLD_FF_N40C_DIV_TOP.rpt
[2026-08-15 22:26:20] [DEBUG   ] [sta_top_parser] [parser.py:209]     → design=DIV_TOP              corner=ff_1p16v_1p16v_n40c                 check=hold   wns=+1.071  status=MET
[2026-08-15 22:26:20] [DEBUG   ] [sta_top_parser] [parser.py:130]   Parsing: 03_SETUP_TT_25C_DIV_TOP.rpt
[2026-08-15 22:26:20] [DEBUG   ] [sta_top_parser] [parser.py:209]     → design=DIV_TOP              corner=tt_0p90v_0p90v_25c                  check=setup  wns=+1.121  status=MET
[2026-08-15 22:26:20] [DEBUG   ] [sta_top_parser] [parser.py:130]   Parsing: 04_HOLD_TT_25C_DIV_TOP.rpt
[2026-08-15 22:26:20] [DEBUG   ] [sta_top_parser] [parser.py:209]     → design=DIV_TOP              corner=tt_0p90v_0p90v_25c                  check=hold   wns=+1.127  status=MET
[2026-08-15 22:26:20] [DEBUG   ] [sta_top_parser] [parser.py:130]   Parsing: 05_SETUP_SS_M40C_DIV_TOP.rpt
[2026-08-15 22:26:20] [DEBUG   ] [sta_top_parser] [parser.py:209]     → design=DIV_TOP              corner=ss_0p72v_0p72v_n40c                 check=setup  wns=+1.112  status=MET
[2026-08-15 22:26:20] [DEBUG   ] [sta_top_parser] [parser.py:130]   Parsing: 06_HOLD_FF_125C_DIV_TOP.rpt
[2026-08-15 22:26:20] [DEBUG   ] [sta_top_parser] [parser.py:209]     → design=DIV_TOP              corner=ff_1p16v_1p16v_125c                 check=hold   wns=+1.143  status=MET
[2026-08-15 22:26:20] [DEBUG   ] [sta_top_parser] [parser.py:130]   Parsing: 07_SETUP_LVSS_125C_DIV_TOP.rpt
[2026-08-15 22:26:20] [DEBUG   ] [sta_top_parser] [parser.py:209]     → design=DIV_TOP              corner=ss_0p63v_0p63v_125c                 check=setup  wns=+1.063  status=MET
[2026-08-15 22:26:20] [DEBUG   ] [sta_top_parser] [parser.py:130]   Parsing: 08_CG_CHECK_TT_25C_DIV_TOP.rpt
[2026-08-15 22:26:20] [DEBUG   ] [sta_top_parser] [parser.py:209]     → design=DIV_TOP              corner=tt_0p90v_0p90v_25c                  check=setup  wns=+1.098  status=MET
[2026-08-15 22:26:20] [DEBUG   ] [sta_top_parser] [parser.py:130]   Parsing: 09_RECOVERY_SS_125C_DIV_TOP.rpt
[2026-08-15 22:26:20] [DEBUG   ] [sta_top_parser] [parser.py:209]     → design=DIV_TOP              corner=ss_0p72v_0p72v_125c                 check=setup  wns=+1.089  status=MET
[2026-08-15 22:26:20] [DEBUG   ] [sta_top_parser] [parser.py:130]   Parsing: 10_MULTICYCLE_TT_25C_DIV_TOP.rpt
[2026-08-15 22:26:20] [DEBUG   ] [sta_top_parser] [parser.py:209]     → design=DIV_TOP              corner=tt_0p90v_0p90v_25c                  check=setup  wns=+1.051  status=MET
[2026-08-15 22:26:20] [DEBUG   ] [sta_top_parser] [parser.py:130]   Parsing: DIV_TIMING.rpt
[2026-08-15 22:26:20] [DEBUG   ] [sta_top_parser] [parser.py:209]     → design=N/A                  corner=N/A                                 check=N/A    wns=+0.000  status=UNKNOWN
[2026-08-15 22:26:20] [INFO    ] [sta_top_parser] [parser.py:294]   Parsed 11 / 11 report(s) OK
[2026-08-15 22:26:20] [INFO    ] [sta_top_parser] [dump_log.py:246] Dump log    → D:\Certificates\PD_STA_REPORTS\EXECUTE\DIV\DIV_TOP_dump.log
[2026-08-15 22:26:20] [INFO    ] [sta_top_parser] [json_writer.py:75] JSON dump   → D:\Certificates\PD_STA_REPORTS\EXECUTE\DIV\DIV_TOP_summary.json
[2026-08-15 22:26:20] [INFO    ] [sta_top_parser] [html_writer.py:479] HTML report → D:\Certificates\PD_STA_REPORTS\EXECUTE\DIV\DIV_TOP_report.html
[2026-08-15 22:26:20] [INFO    ] [sta_top_parser] [sta_top_parser.py:328] [19/57] Scanning: EXECUTE\FPU\FADD
[2026-08-15 22:26:20] [INFO    ] [sta_top_parser] [parser.py:284]   Found 11 report file(s) in D:\Certificates\PD_STA_REPORTS\EXECUTE\FPU\FADD
[2026-08-15 22:26:20] [DEBUG   ] [sta_top_parser] [parser.py:130]   Parsing: 01_SETUP_SS_125C_FADD_TOP.rpt
[2026-08-15 22:26:20] [DEBUG   ] [sta_top_parser] [parser.py:209]     → design=FADD_TOP             corner=ss_0p72v_0p72v_125c                 check=setup  wns=+1.103  status=MET
[2026-08-15 22:26:20] [DEBUG   ] [sta_top_parser] [parser.py:130]   Parsing: 02_HOLD_FF_N40C_FADD_TOP.rpt
[2026-08-15 22:26:20] [DEBUG   ] [sta_top_parser] [parser.py:209]     → design=FADD_TOP             corner=ff_1p16v_1p16v_n40c                 check=hold   wns=+1.064  status=MET
[2026-08-15 22:26:20] [DEBUG   ] [sta_top_parser] [parser.py:130]   Parsing: 03_SETUP_TT_25C_FADD_TOP.rpt
[2026-08-15 22:26:20] [DEBUG   ] [sta_top_parser] [parser.py:209]     → design=FADD_TOP             corner=tt_0p90v_0p90v_25c                  check=setup  wns=+1.089  status=MET
[2026-08-15 22:26:20] [DEBUG   ] [sta_top_parser] [parser.py:130]   Parsing: 04_HOLD_TT_25C_FADD_TOP.rpt
[2026-08-15 22:26:20] [DEBUG   ] [sta_top_parser] [parser.py:209]     → design=FADD_TOP             corner=tt_0p90v_0p90v_25c                  check=hold   wns=+1.110  status=MET
[2026-08-15 22:26:20] [DEBUG   ] [sta_top_parser] [parser.py:130]   Parsing: 05_SETUP_SS_M40C_FADD_TOP.rpt
[2026-08-15 22:26:20] [DEBUG   ] [sta_top_parser] [parser.py:209]     → design=FADD_TOP             corner=ss_0p72v_0p72v_n40c                 check=setup  wns=+1.099  status=MET
[2026-08-15 22:26:20] [DEBUG   ] [sta_top_parser] [parser.py:130]   Parsing: 06_HOLD_FF_125C_FADD_TOP.rpt
[2026-08-15 22:26:20] [DEBUG   ] [sta_top_parser] [parser.py:209]     → design=FADD_TOP             corner=ff_1p16v_1p16v_125c                 check=hold   wns=+1.089  status=MET
[2026-08-15 22:26:20] [DEBUG   ] [sta_top_parser] [parser.py:130]   Parsing: 07_SETUP_LVSS_125C_FADD_TOP.rpt
[2026-08-15 22:26:20] [DEBUG   ] [sta_top_parser] [parser.py:209]     → design=FADD_TOP             corner=ss_0p63v_0p63v_125c                 check=setup  wns=+1.180  status=MET
[2026-08-15 22:26:20] [DEBUG   ] [sta_top_parser] [parser.py:130]   Parsing: 08_CG_CHECK_TT_25C_FADD_TOP.rpt
[2026-08-15 22:26:20] [DEBUG   ] [sta_top_parser] [parser.py:209]     → design=FADD_TOP             corner=tt_0p90v_0p90v_25c                  check=setup  wns=+1.088  status=MET
[2026-08-15 22:26:20] [DEBUG   ] [sta_top_parser] [parser.py:130]   Parsing: 09_RECOVERY_SS_125C_FADD_TOP.rpt
[2026-08-15 22:26:20] [DEBUG   ] [sta_top_parser] [parser.py:209]     → design=FADD_TOP             corner=ss_0p72v_0p72v_125c                 check=setup  wns=+1.062  status=MET
[2026-08-15 22:26:20] [DEBUG   ] [sta_top_parser] [parser.py:130]   Parsing: 10_MULTICYCLE_TT_25C_FADD_TOP.rpt
[2026-08-15 22:26:20] [DEBUG   ] [sta_top_parser] [parser.py:209]     → design=FADD_TOP             corner=tt_0p90v_0p90v_25c                  check=setup  wns=+1.137  status=MET
[2026-08-15 22:26:20] [DEBUG   ] [sta_top_parser] [parser.py:130]   Parsing: FADD_TIMING.rpt
[2026-08-15 22:26:20] [DEBUG   ] [sta_top_parser] [parser.py:209]     → design=N/A                  corner=N/A                                 check=N/A    wns=+0.000  status=UNKNOWN
[2026-08-15 22:26:20] [INFO    ] [sta_top_parser] [parser.py:294]   Parsed 11 / 11 report(s) OK
[2026-08-15 22:26:20] [INFO    ] [sta_top_parser] [dump_log.py:246] Dump log    → D:\Certificates\PD_STA_REPORTS\EXECUTE\FPU\FADD\FADD_TOP_dump.log
[2026-08-15 22:26:20] [INFO    ] [sta_top_parser] [json_writer.py:75] JSON dump   → D:\Certificates\PD_STA_REPORTS\EXECUTE\FPU\FADD\FADD_TOP_summary.json
[2026-08-15 22:26:20] [INFO    ] [sta_top_parser] [html_writer.py:479] HTML report → D:\Certificates\PD_STA_REPORTS\EXECUTE\FPU\FADD\FADD_TOP_report.html
[2026-08-15 22:26:20] [INFO    ] [sta_top_parser] [sta_top_parser.py:328] [20/57] Scanning: EXECUTE\FPU\FDIV
[2026-08-15 22:26:20] [INFO    ] [sta_top_parser] [parser.py:284]   Found 11 report file(s) in D:\Certificates\PD_STA_REPORTS\EXECUTE\FPU\FDIV
[2026-08-15 22:26:20] [DEBUG   ] [sta_top_parser] [parser.py:130]   Parsing: 01_SETUP_SS_125C_FDIV_TOP.rpt
[2026-08-15 22:26:20] [DEBUG   ] [sta_top_parser] [parser.py:209]     → design=FDIV_TOP             corner=ss_0p72v_0p72v_125c                 check=setup  wns=+1.079  status=MET
[2026-08-15 22:26:20] [DEBUG   ] [sta_top_parser] [parser.py:130]   Parsing: 02_HOLD_FF_N40C_FDIV_TOP.rpt
[2026-08-15 22:26:20] [DEBUG   ] [sta_top_parser] [parser.py:209]     → design=FDIV_TOP             corner=ff_1p16v_1p16v_n40c                 check=hold   wns=+1.125  status=MET
[2026-08-15 22:26:20] [DEBUG   ] [sta_top_parser] [parser.py:130]   Parsing: 03_SETUP_TT_25C_FDIV_TOP.rpt
[2026-08-15 22:26:20] [DEBUG   ] [sta_top_parser] [parser.py:209]     → design=FDIV_TOP             corner=tt_0p90v_0p90v_25c                  check=setup  wns=+1.103  status=MET
[2026-08-15 22:26:20] [DEBUG   ] [sta_top_parser] [parser.py:130]   Parsing: 04_HOLD_TT_25C_FDIV_TOP.rpt
[2026-08-15 22:26:20] [DEBUG   ] [sta_top_parser] [parser.py:209]     → design=FDIV_TOP             corner=tt_0p90v_0p90v_25c                  check=hold   wns=+1.052  status=MET
[2026-08-15 22:26:20] [DEBUG   ] [sta_top_parser] [parser.py:130]   Parsing: 05_SETUP_SS_M40C_FDIV_TOP.rpt
[2026-08-15 22:26:20] [DEBUG   ] [sta_top_parser] [parser.py:209]     → design=FDIV_TOP             corner=ss_0p72v_0p72v_n40c                 check=setup  wns=+1.091  status=MET
[2026-08-15 22:26:20] [DEBUG   ] [sta_top_parser] [parser.py:130]   Parsing: 06_HOLD_FF_125C_FDIV_TOP.rpt
[2026-08-15 22:26:20] [DEBUG   ] [sta_top_parser] [parser.py:209]     → design=FDIV_TOP             corner=ff_1p16v_1p16v_125c                 check=hold   wns=+1.066  status=MET
[2026-08-15 22:26:20] [DEBUG   ] [sta_top_parser] [parser.py:130]   Parsing: 07_SETUP_LVSS_125C_FDIV_TOP.rpt
[2026-08-15 22:26:20] [DEBUG   ] [sta_top_parser] [parser.py:209]     → design=FDIV_TOP             corner=ss_0p63v_0p63v_125c                 check=setup  wns=+1.154  status=MET
[2026-08-15 22:26:20] [DEBUG   ] [sta_top_parser] [parser.py:130]   Parsing: 08_CG_CHECK_TT_25C_FDIV_TOP.rpt
[2026-08-15 22:26:20] [DEBUG   ] [sta_top_parser] [parser.py:209]     → design=FDIV_TOP             corner=tt_0p90v_0p90v_25c                  check=setup  wns=+1.048  status=MET
[2026-08-15 22:26:20] [DEBUG   ] [sta_top_parser] [parser.py:130]   Parsing: 09_RECOVERY_SS_125C_FDIV_TOP.rpt
[2026-08-15 22:26:20] [DEBUG   ] [sta_top_parser] [parser.py:209]     → design=FDIV_TOP             corner=ss_0p72v_0p72v_125c                 check=setup  wns=+1.138  status=MET
[2026-08-15 22:26:20] [DEBUG   ] [sta_top_parser] [parser.py:130]   Parsing: 10_MULTICYCLE_TT_25C_FDIV_TOP.rpt
[2026-08-15 22:26:20] [DEBUG   ] [sta_top_parser] [parser.py:209]     → design=FDIV_TOP             corner=tt_0p90v_0p90v_25c                  check=setup  wns=+1.103  status=MET
[2026-08-15 22:26:20] [DEBUG   ] [sta_top_parser] [parser.py:130]   Parsing: FDIV_TIMING.rpt
[2026-08-15 22:26:20] [DEBUG   ] [sta_top_parser] [parser.py:209]     → design=N/A                  corner=N/A                                 check=N/A    wns=+0.000  status=UNKNOWN
[2026-08-15 22:26:20] [INFO    ] [sta_top_parser] [parser.py:294]   Parsed 11 / 11 report(s) OK
[2026-08-15 22:26:20] [INFO    ] [sta_top_parser] [dump_log.py:246] Dump log    → D:\Certificates\PD_STA_REPORTS\EXECUTE\FPU\FDIV\FDIV_TOP_dump.log
[2026-08-15 22:26:20] [INFO    ] [sta_top_parser] [json_writer.py:75] JSON dump   → D:\Certificates\PD_STA_REPORTS\EXECUTE\FPU\FDIV\FDIV_TOP_summary.json
[2026-08-15 22:26:20] [INFO    ] [sta_top_parser] [html_writer.py:479] HTML report → D:\Certificates\PD_STA_REPORTS\EXECUTE\FPU\FDIV\FDIV_TOP_report.html
[2026-08-15 22:26:20] [INFO    ] [sta_top_parser] [sta_top_parser.py:328] [21/57] Scanning: EXECUTE\FPU\FMUL
[2026-08-15 22:26:20] [INFO    ] [sta_top_parser] [parser.py:284]   Found 11 report file(s) in D:\Certificates\PD_STA_REPORTS\EXECUTE\FPU\FMUL
[2026-08-15 22:26:20] [DEBUG   ] [sta_top_parser] [parser.py:130]   Parsing: 01_SETUP_SS_125C_FMUL_TOP.rpt
[2026-08-15 22:26:20] [DEBUG   ] [sta_top_parser] [parser.py:209]     → design=FMUL_TOP             corner=ss_0p72v_0p72v_125c                 check=setup  wns=+1.019  status=MET
[2026-08-15 22:26:20] [DEBUG   ] [sta_top_parser] [parser.py:130]   Parsing: 02_HOLD_FF_N40C_FMUL_TOP.rpt
[2026-08-15 22:26:20] [DEBUG   ] [sta_top_parser] [parser.py:209]     → design=FMUL_TOP             corner=ff_1p16v_1p16v_n40c                 check=hold   wns=+1.142  status=MET
[2026-08-15 22:26:20] [DEBUG   ] [sta_top_parser] [parser.py:130]   Parsing: 03_SETUP_TT_25C_FMUL_TOP.rpt
[2026-08-15 22:26:20] [DEBUG   ] [sta_top_parser] [parser.py:209]     → design=FMUL_TOP             corner=tt_0p90v_0p90v_25c                  check=setup  wns=+1.130  status=MET
[2026-08-15 22:26:20] [DEBUG   ] [sta_top_parser] [parser.py:130]   Parsing: 04_HOLD_TT_25C_FMUL_TOP.rpt
[2026-08-15 22:26:20] [DEBUG   ] [sta_top_parser] [parser.py:209]     → design=FMUL_TOP             corner=tt_0p90v_0p90v_25c                  check=hold   wns=+1.081  status=MET
[2026-08-15 22:26:20] [DEBUG   ] [sta_top_parser] [parser.py:130]   Parsing: 05_SETUP_SS_M40C_FMUL_TOP.rpt
[2026-08-15 22:26:20] [DEBUG   ] [sta_top_parser] [parser.py:209]     → design=FMUL_TOP             corner=ss_0p72v_0p72v_n40c                 check=setup  wns=+1.105  status=MET
[2026-08-15 22:26:20] [DEBUG   ] [sta_top_parser] [parser.py:130]   Parsing: 06_HOLD_FF_125C_FMUL_TOP.rpt
[2026-08-15 22:26:20] [DEBUG   ] [sta_top_parser] [parser.py:209]     → design=FMUL_TOP             corner=ff_1p16v_1p16v_125c                 check=hold   wns=+1.075  status=MET
[2026-08-15 22:26:20] [DEBUG   ] [sta_top_parser] [parser.py:130]   Parsing: 07_SETUP_LVSS_125C_FMUL_TOP.rpt
[2026-08-15 22:26:20] [DEBUG   ] [sta_top_parser] [parser.py:209]     → design=FMUL_TOP             corner=ss_0p63v_0p63v_125c                 check=setup  wns=+1.098  status=MET
[2026-08-15 22:26:20] [DEBUG   ] [sta_top_parser] [parser.py:130]   Parsing: 08_CG_CHECK_TT_25C_FMUL_TOP.rpt
[2026-08-15 22:26:20] [DEBUG   ] [sta_top_parser] [parser.py:209]     → design=FMUL_TOP             corner=tt_0p90v_0p90v_25c                  check=setup  wns=+1.127  status=MET
[2026-08-15 22:26:20] [DEBUG   ] [sta_top_parser] [parser.py:130]   Parsing: 09_RECOVERY_SS_125C_FMUL_TOP.rpt
[2026-08-15 22:26:20] [DEBUG   ] [sta_top_parser] [parser.py:209]     → design=FMUL_TOP             corner=ss_0p72v_0p72v_125c                 check=setup  wns=+1.082  status=MET
[2026-08-15 22:26:20] [DEBUG   ] [sta_top_parser] [parser.py:130]   Parsing: 10_MULTICYCLE_TT_25C_FMUL_TOP.rpt
[2026-08-15 22:26:20] [DEBUG   ] [sta_top_parser] [parser.py:209]     → design=FMUL_TOP             corner=tt_0p90v_0p90v_25c                  check=setup  wns=+1.099  status=MET
[2026-08-15 22:26:20] [DEBUG   ] [sta_top_parser] [parser.py:130]   Parsing: FMUL_TIMING.rpt
[2026-08-15 22:26:20] [DEBUG   ] [sta_top_parser] [parser.py:209]     → design=N/A                  corner=N/A                                 check=N/A    wns=+0.000  status=UNKNOWN
[2026-08-15 22:26:20] [INFO    ] [sta_top_parser] [parser.py:294]   Parsed 11 / 11 report(s) OK
[2026-08-15 22:26:20] [INFO    ] [sta_top_parser] [dump_log.py:246] Dump log    → D:\Certificates\PD_STA_REPORTS\EXECUTE\FPU\FMUL\FMUL_TOP_dump.log
[2026-08-15 22:26:20] [INFO    ] [sta_top_parser] [json_writer.py:75] JSON dump   → D:\Certificates\PD_STA_REPORTS\EXECUTE\FPU\FMUL\FMUL_TOP_summary.json
[2026-08-15 22:26:20] [INFO    ] [sta_top_parser] [html_writer.py:479] HTML report → D:\Certificates\PD_STA_REPORTS\EXECUTE\FPU\FMUL\FMUL_TOP_report.html
[2026-08-15 22:26:20] [INFO    ] [sta_top_parser] [sta_top_parser.py:328] [22/57] Scanning: EXECUTE\FPU\FSQRT
[2026-08-15 22:26:20] [INFO    ] [sta_top_parser] [parser.py:284]   Found 11 report file(s) in D:\Certificates\PD_STA_REPORTS\EXECUTE\FPU\FSQRT
[2026-08-15 22:26:20] [DEBUG   ] [sta_top_parser] [parser.py:130]   Parsing: 01_SETUP_SS_125C_FSQRT_TOP.rpt
[2026-08-15 22:26:20] [DEBUG   ] [sta_top_parser] [parser.py:209]     → design=FSQRT_TOP            corner=ss_0p72v_0p72v_125c                 check=setup  wns=+1.069  status=MET
[2026-08-15 22:26:20] [DEBUG   ] [sta_top_parser] [parser.py:130]   Parsing: 02_HOLD_FF_N40C_FSQRT_TOP.rpt
[2026-08-15 22:26:20] [DEBUG   ] [sta_top_parser] [parser.py:209]     → design=FSQRT_TOP            corner=ff_1p16v_1p16v_n40c                 check=hold   wns=+1.096  status=MET
[2026-08-15 22:26:20] [DEBUG   ] [sta_top_parser] [parser.py:130]   Parsing: 03_SETUP_TT_25C_FSQRT_TOP.rpt
[2026-08-15 22:26:20] [DEBUG   ] [sta_top_parser] [parser.py:209]     → design=FSQRT_TOP            corner=tt_0p90v_0p90v_25c                  check=setup  wns=+1.112  status=MET
[2026-08-15 22:26:20] [DEBUG   ] [sta_top_parser] [parser.py:130]   Parsing: 04_HOLD_TT_25C_FSQRT_TOP.rpt
[2026-08-15 22:26:20] [DEBUG   ] [sta_top_parser] [parser.py:209]     → design=FSQRT_TOP            corner=tt_0p90v_0p90v_25c                  check=hold   wns=+1.099  status=MET
[2026-08-15 22:26:20] [DEBUG   ] [sta_top_parser] [parser.py:130]   Parsing: 05_SETUP_SS_M40C_FSQRT_TOP.rpt
[2026-08-15 22:26:20] [DEBUG   ] [sta_top_parser] [parser.py:209]     → design=FSQRT_TOP            corner=ss_0p72v_0p72v_n40c                 check=setup  wns=+1.109  status=MET
[2026-08-15 22:26:20] [DEBUG   ] [sta_top_parser] [parser.py:130]   Parsing: 06_HOLD_FF_125C_FSQRT_TOP.rpt
[2026-08-15 22:26:20] [DEBUG   ] [sta_top_parser] [parser.py:209]     → design=FSQRT_TOP            corner=ff_1p16v_1p16v_125c                 check=hold   wns=+1.095  status=MET
[2026-08-15 22:26:20] [DEBUG   ] [sta_top_parser] [parser.py:130]   Parsing: 07_SETUP_LVSS_125C_FSQRT_TOP.rpt
[2026-08-15 22:26:20] [DEBUG   ] [sta_top_parser] [parser.py:209]     → design=FSQRT_TOP            corner=ss_0p63v_0p63v_125c                 check=setup  wns=+1.060  status=MET
[2026-08-15 22:26:20] [DEBUG   ] [sta_top_parser] [parser.py:130]   Parsing: 08_CG_CHECK_TT_25C_FSQRT_TOP.rpt
[2026-08-15 22:26:20] [DEBUG   ] [sta_top_parser] [parser.py:209]     → design=FSQRT_TOP            corner=tt_0p90v_0p90v_25c                  check=setup  wns=+1.030  status=MET
[2026-08-15 22:26:20] [DEBUG   ] [sta_top_parser] [parser.py:130]   Parsing: 09_RECOVERY_SS_125C_FSQRT_TOP.rpt
[2026-08-15 22:26:20] [DEBUG   ] [sta_top_parser] [parser.py:209]     → design=FSQRT_TOP            corner=ss_0p72v_0p72v_125c                 check=setup  wns=+1.071  status=MET
[2026-08-15 22:26:20] [DEBUG   ] [sta_top_parser] [parser.py:130]   Parsing: 10_MULTICYCLE_TT_25C_FSQRT_TOP.rpt
[2026-08-15 22:26:20] [DEBUG   ] [sta_top_parser] [parser.py:209]     → design=FSQRT_TOP            corner=tt_0p90v_0p90v_25c                  check=setup  wns=+1.047  status=MET
[2026-08-15 22:26:20] [DEBUG   ] [sta_top_parser] [parser.py:130]   Parsing: FSQRT_TIMING.rpt
[2026-08-15 22:26:20] [DEBUG   ] [sta_top_parser] [parser.py:209]     → design=N/A                  corner=N/A                                 check=N/A    wns=+0.000  status=UNKNOWN
[2026-08-15 22:26:20] [INFO    ] [sta_top_parser] [parser.py:294]   Parsed 11 / 11 report(s) OK
[2026-08-15 22:26:20] [INFO    ] [sta_top_parser] [dump_log.py:246] Dump log    → D:\Certificates\PD_STA_REPORTS\EXECUTE\FPU\FSQRT\FSQRT_TOP_dump.log
[2026-08-15 22:26:20] [INFO    ] [sta_top_parser] [json_writer.py:75] JSON dump   → D:\Certificates\PD_STA_REPORTS\EXECUTE\FPU\FSQRT\FSQRT_TOP_summary.json
[2026-08-15 22:26:20] [INFO    ] [sta_top_parser] [html_writer.py:479] HTML report → D:\Certificates\PD_STA_REPORTS\EXECUTE\FPU\FSQRT\FSQRT_TOP_report.html
[2026-08-15 22:26:20] [INFO    ] [sta_top_parser] [sta_top_parser.py:328] [23/57] Scanning: EXECUTE\LSU\LDU
[2026-08-15 22:26:20] [INFO    ] [sta_top_parser] [parser.py:284]   Found 11 report file(s) in D:\Certificates\PD_STA_REPORTS\EXECUTE\LSU\LDU
[2026-08-15 22:26:20] [DEBUG   ] [sta_top_parser] [parser.py:130]   Parsing: 01_SETUP_SS_125C_LDU_TOP.rpt
[2026-08-15 22:26:20] [DEBUG   ] [sta_top_parser] [parser.py:209]     → design=LDU_TOP              corner=ss_0p72v_0p72v_125c                 check=setup  wns=+1.133  status=MET
[2026-08-15 22:26:20] [DEBUG   ] [sta_top_parser] [parser.py:130]   Parsing: 02_HOLD_FF_N40C_LDU_TOP.rpt
[2026-08-15 22:26:20] [DEBUG   ] [sta_top_parser] [parser.py:209]     → design=LDU_TOP              corner=ff_1p16v_1p16v_n40c                 check=hold   wns=+1.111  status=MET
[2026-08-15 22:26:20] [DEBUG   ] [sta_top_parser] [parser.py:130]   Parsing: 03_SETUP_TT_25C_LDU_TOP.rpt
[2026-08-15 22:26:20] [DEBUG   ] [sta_top_parser] [parser.py:209]     → design=LDU_TOP              corner=tt_0p90v_0p90v_25c                  check=setup  wns=+1.098  status=MET
[2026-08-15 22:26:20] [DEBUG   ] [sta_top_parser] [parser.py:130]   Parsing: 04_HOLD_TT_25C_LDU_TOP.rpt
[2026-08-15 22:26:20] [DEBUG   ] [sta_top_parser] [parser.py:209]     → design=LDU_TOP              corner=tt_0p90v_0p90v_25c                  check=hold   wns=+1.114  status=MET
[2026-08-15 22:26:20] [DEBUG   ] [sta_top_parser] [parser.py:130]   Parsing: 05_SETUP_SS_M40C_LDU_TOP.rpt
[2026-08-15 22:26:20] [DEBUG   ] [sta_top_parser] [parser.py:209]     → design=LDU_TOP              corner=ss_0p72v_0p72v_n40c                 check=setup  wns=+1.105  status=MET
[2026-08-15 22:26:20] [DEBUG   ] [sta_top_parser] [parser.py:130]   Parsing: 06_HOLD_FF_125C_LDU_TOP.rpt
[2026-08-15 22:26:20] [DEBUG   ] [sta_top_parser] [parser.py:209]     → design=LDU_TOP              corner=ff_1p16v_1p16v_125c                 check=hold   wns=+1.126  status=MET
[2026-08-15 22:26:20] [DEBUG   ] [sta_top_parser] [parser.py:130]   Parsing: 07_SETUP_LVSS_125C_LDU_TOP.rpt
[2026-08-15 22:26:20] [DEBUG   ] [sta_top_parser] [parser.py:209]     → design=LDU_TOP              corner=ss_0p63v_0p63v_125c                 check=setup  wns=+1.146  status=MET
[2026-08-15 22:26:20] [DEBUG   ] [sta_top_parser] [parser.py:130]   Parsing: 08_CG_CHECK_TT_25C_LDU_TOP.rpt
[2026-08-15 22:26:20] [DEBUG   ] [sta_top_parser] [parser.py:209]     → design=LDU_TOP              corner=tt_0p90v_0p90v_25c                  check=setup  wns=+1.078  status=MET
[2026-08-15 22:26:20] [DEBUG   ] [sta_top_parser] [parser.py:130]   Parsing: 09_RECOVERY_SS_125C_LDU_TOP.rpt
[2026-08-15 22:26:20] [DEBUG   ] [sta_top_parser] [parser.py:209]     → design=LDU_TOP              corner=ss_0p72v_0p72v_125c                 check=setup  wns=+1.092  status=MET
[2026-08-15 22:26:20] [DEBUG   ] [sta_top_parser] [parser.py:130]   Parsing: 10_MULTICYCLE_TT_25C_LDU_TOP.rpt
[2026-08-15 22:26:20] [DEBUG   ] [sta_top_parser] [parser.py:209]     → design=LDU_TOP              corner=tt_0p90v_0p90v_25c                  check=setup  wns=+1.106  status=MET
[2026-08-15 22:26:20] [DEBUG   ] [sta_top_parser] [parser.py:130]   Parsing: LDU_TIMING.rpt
[2026-08-15 22:26:20] [DEBUG   ] [sta_top_parser] [parser.py:209]     → design=N/A                  corner=N/A                                 check=N/A    wns=+0.000  status=UNKNOWN
[2026-08-15 22:26:20] [INFO    ] [sta_top_parser] [parser.py:294]   Parsed 11 / 11 report(s) OK
[2026-08-15 22:26:20] [INFO    ] [sta_top_parser] [dump_log.py:246] Dump log    → D:\Certificates\PD_STA_REPORTS\EXECUTE\LSU\LDU\LDU_TOP_dump.log
[2026-08-15 22:26:20] [INFO    ] [sta_top_parser] [json_writer.py:75] JSON dump   → D:\Certificates\PD_STA_REPORTS\EXECUTE\LSU\LDU\LDU_TOP_summary.json
[2026-08-15 22:26:20] [INFO    ] [sta_top_parser] [html_writer.py:479] HTML report → D:\Certificates\PD_STA_REPORTS\EXECUTE\LSU\LDU\LDU_TOP_report.html
[2026-08-15 22:26:20] [INFO    ] [sta_top_parser] [sta_top_parser.py:328] [24/57] Scanning: EXECUTE\LSU\STL_FORWARD
[2026-08-15 22:26:20] [INFO    ] [sta_top_parser] [parser.py:284]   Found 11 report file(s) in D:\Certificates\PD_STA_REPORTS\EXECUTE\LSU\STL_FORWARD
[2026-08-15 22:26:20] [DEBUG   ] [sta_top_parser] [parser.py:130]   Parsing: 01_SETUP_SS_125C_STL_FORWARD_TOP.rpt
[2026-08-15 22:26:20] [DEBUG   ] [sta_top_parser] [parser.py:209]     → design=STL_FORWARD_TOP      corner=ss_0p72v_0p72v_125c                 check=setup  wns=+1.131  status=MET
[2026-08-15 22:26:20] [DEBUG   ] [sta_top_parser] [parser.py:130]   Parsing: 02_HOLD_FF_N40C_STL_FORWARD_TOP.rpt
[2026-08-15 22:26:20] [DEBUG   ] [sta_top_parser] [parser.py:209]     → design=STL_FORWARD_TOP      corner=ff_1p16v_1p16v_n40c                 check=hold   wns=+1.108  status=MET
[2026-08-15 22:26:20] [DEBUG   ] [sta_top_parser] [parser.py:130]   Parsing: 03_SETUP_TT_25C_STL_FORWARD_TOP.rpt
[2026-08-15 22:26:20] [DEBUG   ] [sta_top_parser] [parser.py:209]     → design=STL_FORWARD_TOP      corner=tt_0p90v_0p90v_25c                  check=setup  wns=+1.157  status=MET
[2026-08-15 22:26:20] [DEBUG   ] [sta_top_parser] [parser.py:130]   Parsing: 04_HOLD_TT_25C_STL_FORWARD_TOP.rpt
[2026-08-15 22:26:20] [DEBUG   ] [sta_top_parser] [parser.py:209]     → design=STL_FORWARD_TOP      corner=tt_0p90v_0p90v_25c                  check=hold   wns=+1.110  status=MET
[2026-08-15 22:26:20] [DEBUG   ] [sta_top_parser] [parser.py:130]   Parsing: 05_SETUP_SS_M40C_STL_FORWARD_TOP.rpt
[2026-08-15 22:26:20] [DEBUG   ] [sta_top_parser] [parser.py:209]     → design=STL_FORWARD_TOP      corner=ss_0p72v_0p72v_n40c                 check=setup  wns=+1.074  status=MET
[2026-08-15 22:26:20] [DEBUG   ] [sta_top_parser] [parser.py:130]   Parsing: 06_HOLD_FF_125C_STL_FORWARD_TOP.rpt
[2026-08-15 22:26:20] [DEBUG   ] [sta_top_parser] [parser.py:209]     → design=STL_FORWARD_TOP      corner=ff_1p16v_1p16v_125c                 check=hold   wns=+1.066  status=MET
[2026-08-15 22:26:20] [DEBUG   ] [sta_top_parser] [parser.py:130]   Parsing: 07_SETUP_LVSS_125C_STL_FORWARD_TOP.rpt
[2026-08-15 22:26:20] [DEBUG   ] [sta_top_parser] [parser.py:209]     → design=STL_FORWARD_TOP      corner=ss_0p63v_0p63v_125c                 check=setup  wns=+1.118  status=MET
[2026-08-15 22:26:20] [DEBUG   ] [sta_top_parser] [parser.py:130]   Parsing: 08_CG_CHECK_TT_25C_STL_FORWARD_TOP.rpt
[2026-08-15 22:26:20] [DEBUG   ] [sta_top_parser] [parser.py:209]     → design=STL_FORWARD_TOP      corner=tt_0p90v_0p90v_25c                  check=setup  wns=+1.110  status=MET
[2026-08-15 22:26:20] [DEBUG   ] [sta_top_parser] [parser.py:130]   Parsing: 09_RECOVERY_SS_125C_STL_FORWARD_TOP.rpt
[2026-08-15 22:26:20] [DEBUG   ] [sta_top_parser] [parser.py:209]     → design=STL_FORWARD_TOP      corner=ss_0p72v_0p72v_125c                 check=setup  wns=+1.110  status=MET
[2026-08-15 22:26:20] [DEBUG   ] [sta_top_parser] [parser.py:130]   Parsing: 10_MULTICYCLE_TT_25C_STL_FORWARD_TOP.rpt
[2026-08-15 22:26:20] [DEBUG   ] [sta_top_parser] [parser.py:209]     → design=STL_FORWARD_TOP      corner=tt_0p90v_0p90v_25c                  check=setup  wns=+1.162  status=MET
[2026-08-15 22:26:20] [DEBUG   ] [sta_top_parser] [parser.py:130]   Parsing: STL_FORWARD_TIMING.rpt
[2026-08-15 22:26:20] [DEBUG   ] [sta_top_parser] [parser.py:209]     → design=N/A                  corner=N/A                                 check=N/A    wns=+0.000  status=UNKNOWN
[2026-08-15 22:26:20] [INFO    ] [sta_top_parser] [parser.py:294]   Parsed 11 / 11 report(s) OK
[2026-08-15 22:26:20] [INFO    ] [sta_top_parser] [dump_log.py:246] Dump log    → D:\Certificates\PD_STA_REPORTS\EXECUTE\LSU\STL_FORWARD\STL_FORWARD_TOP_dump.log
[2026-08-15 22:26:20] [INFO    ] [sta_top_parser] [json_writer.py:75] JSON dump   → D:\Certificates\PD_STA_REPORTS\EXECUTE\LSU\STL_FORWARD\STL_FORWARD_TOP_summary.json
[2026-08-15 22:26:20] [INFO    ] [sta_top_parser] [html_writer.py:479] HTML report → D:\Certificates\PD_STA_REPORTS\EXECUTE\LSU\STL_FORWARD\STL_FORWARD_TOP_report.html
[2026-08-15 22:26:20] [INFO    ] [sta_top_parser] [sta_top_parser.py:328] [25/57] Scanning: EXECUTE\LSU\STU
[2026-08-15 22:26:20] [INFO    ] [sta_top_parser] [parser.py:284]   Found 11 report file(s) in D:\Certificates\PD_STA_REPORTS\EXECUTE\LSU\STU
[2026-08-15 22:26:20] [DEBUG   ] [sta_top_parser] [parser.py:130]   Parsing: 01_SETUP_SS_125C_STU_TOP.rpt
[2026-08-15 22:26:20] [DEBUG   ] [sta_top_parser] [parser.py:209]     → design=STU_TOP              corner=ss_0p72v_0p72v_125c                 check=setup  wns=+1.097  status=MET
[2026-08-15 22:26:20] [DEBUG   ] [sta_top_parser] [parser.py:130]   Parsing: 02_HOLD_FF_N40C_STU_TOP.rpt
[2026-08-15 22:26:20] [DEBUG   ] [sta_top_parser] [parser.py:209]     → design=STU_TOP              corner=ff_1p16v_1p16v_n40c                 check=hold   wns=+1.105  status=MET
[2026-08-15 22:26:20] [DEBUG   ] [sta_top_parser] [parser.py:130]   Parsing: 03_SETUP_TT_25C_STU_TOP.rpt
[2026-08-15 22:26:20] [DEBUG   ] [sta_top_parser] [parser.py:209]     → design=STU_TOP              corner=tt_0p90v_0p90v_25c                  check=setup  wns=+1.116  status=MET
[2026-08-15 22:26:20] [DEBUG   ] [sta_top_parser] [parser.py:130]   Parsing: 04_HOLD_TT_25C_STU_TOP.rpt
[2026-08-15 22:26:20] [DEBUG   ] [sta_top_parser] [parser.py:209]     → design=STU_TOP              corner=tt_0p90v_0p90v_25c                  check=hold   wns=+1.130  status=MET
[2026-08-15 22:26:20] [DEBUG   ] [sta_top_parser] [parser.py:130]   Parsing: 05_SETUP_SS_M40C_STU_TOP.rpt
[2026-08-15 22:26:20] [DEBUG   ] [sta_top_parser] [parser.py:209]     → design=STU_TOP              corner=ss_0p72v_0p72v_n40c                 check=setup  wns=+1.127  status=MET
[2026-08-15 22:26:20] [DEBUG   ] [sta_top_parser] [parser.py:130]   Parsing: 06_HOLD_FF_125C_STU_TOP.rpt
[2026-08-15 22:26:20] [DEBUG   ] [sta_top_parser] [parser.py:209]     → design=STU_TOP              corner=ff_1p16v_1p16v_125c                 check=hold   wns=+1.054  status=MET
[2026-08-15 22:26:20] [DEBUG   ] [sta_top_parser] [parser.py:130]   Parsing: 07_SETUP_LVSS_125C_STU_TOP.rpt
[2026-08-15 22:26:20] [DEBUG   ] [sta_top_parser] [parser.py:209]     → design=STU_TOP              corner=ss_0p63v_0p63v_125c                 check=setup  wns=+1.109  status=MET
[2026-08-15 22:26:20] [DEBUG   ] [sta_top_parser] [parser.py:130]   Parsing: 08_CG_CHECK_TT_25C_STU_TOP.rpt
[2026-08-15 22:26:20] [DEBUG   ] [sta_top_parser] [parser.py:209]     → design=STU_TOP              corner=tt_0p90v_0p90v_25c                  check=setup  wns=+1.147  status=MET
[2026-08-15 22:26:20] [DEBUG   ] [sta_top_parser] [parser.py:130]   Parsing: 09_RECOVERY_SS_125C_STU_TOP.rpt
[2026-08-15 22:26:20] [DEBUG   ] [sta_top_parser] [parser.py:209]     → design=STU_TOP              corner=ss_0p72v_0p72v_125c                 check=setup  wns=+1.088  status=MET
[2026-08-15 22:26:20] [DEBUG   ] [sta_top_parser] [parser.py:130]   Parsing: 10_MULTICYCLE_TT_25C_STU_TOP.rpt
[2026-08-15 22:26:20] [DEBUG   ] [sta_top_parser] [parser.py:209]     → design=STU_TOP              corner=tt_0p90v_0p90v_25c                  check=setup  wns=+1.143  status=MET
[2026-08-15 22:26:20] [DEBUG   ] [sta_top_parser] [parser.py:130]   Parsing: STU_TIMING.rpt
[2026-08-15 22:26:20] [DEBUG   ] [sta_top_parser] [parser.py:209]     → design=N/A                  corner=N/A                                 check=N/A    wns=+0.000  status=UNKNOWN
[2026-08-15 22:26:20] [INFO    ] [sta_top_parser] [parser.py:294]   Parsed 11 / 11 report(s) OK
[2026-08-15 22:26:20] [INFO    ] [sta_top_parser] [dump_log.py:246] Dump log    → D:\Certificates\PD_STA_REPORTS\EXECUTE\LSU\STU\STU_TOP_dump.log
[2026-08-15 22:26:20] [INFO    ] [sta_top_parser] [json_writer.py:75] JSON dump   → D:\Certificates\PD_STA_REPORTS\EXECUTE\LSU\STU\STU_TOP_summary.json
[2026-08-15 22:26:20] [INFO    ] [sta_top_parser] [html_writer.py:479] HTML report → D:\Certificates\PD_STA_REPORTS\EXECUTE\LSU\STU\STU_TOP_report.html
[2026-08-15 22:26:20] [INFO    ] [sta_top_parser] [sta_top_parser.py:328] [26/57] Scanning: EXECUTE\MUL
[2026-08-15 22:26:20] [INFO    ] [sta_top_parser] [parser.py:284]   Found 11 report file(s) in D:\Certificates\PD_STA_REPORTS\EXECUTE\MUL
[2026-08-15 22:26:20] [DEBUG   ] [sta_top_parser] [parser.py:130]   Parsing: 01_SETUP_SS_125C_MUL_TOP.rpt
[2026-08-15 22:26:20] [DEBUG   ] [sta_top_parser] [parser.py:209]     → design=MUL_TOP              corner=ss_0p72v_0p72v_125c                 check=setup  wns=+1.121  status=MET
[2026-08-15 22:26:20] [DEBUG   ] [sta_top_parser] [parser.py:130]   Parsing: 02_HOLD_FF_N40C_MUL_TOP.rpt
[2026-08-15 22:26:20] [DEBUG   ] [sta_top_parser] [parser.py:209]     → design=MUL_TOP              corner=ff_1p16v_1p16v_n40c                 check=hold   wns=+1.071  status=MET
[2026-08-15 22:26:20] [DEBUG   ] [sta_top_parser] [parser.py:130]   Parsing: 03_SETUP_TT_25C_MUL_TOP.rpt
[2026-08-15 22:26:20] [DEBUG   ] [sta_top_parser] [parser.py:209]     → design=MUL_TOP              corner=tt_0p90v_0p90v_25c                  check=setup  wns=+1.051  status=MET
[2026-08-15 22:26:20] [DEBUG   ] [sta_top_parser] [parser.py:130]   Parsing: 04_HOLD_TT_25C_MUL_TOP.rpt
[2026-08-15 22:26:20] [DEBUG   ] [sta_top_parser] [parser.py:209]     → design=MUL_TOP              corner=tt_0p90v_0p90v_25c                  check=hold   wns=+1.143  status=MET
[2026-08-15 22:26:20] [DEBUG   ] [sta_top_parser] [parser.py:130]   Parsing: 05_SETUP_SS_M40C_MUL_TOP.rpt
[2026-08-15 22:26:20] [DEBUG   ] [sta_top_parser] [parser.py:209]     → design=MUL_TOP              corner=ss_0p72v_0p72v_m40c                 check=setup  wns=-0.198  status=VIOLATED
[2026-08-15 22:26:20] [DEBUG   ] [sta_top_parser] [parser.py:130]   Parsing: 06_HOLD_FF_125C_MUL_TOP.rpt
[2026-08-15 22:26:20] [DEBUG   ] [sta_top_parser] [parser.py:209]     → design=MUL_TOP              corner=ff_1p16v_1p16v_125c                 check=hold   wns=+1.058  status=MET
[2026-08-15 22:26:20] [DEBUG   ] [sta_top_parser] [parser.py:130]   Parsing: 07_SETUP_LVSS_125C_MUL_TOP.rpt
[2026-08-15 22:26:20] [DEBUG   ] [sta_top_parser] [parser.py:209]     → design=MUL_TOP              corner=ss_0p63v_0p63v_125c                 check=setup  wns=+1.118  status=MET
[2026-08-15 22:26:20] [DEBUG   ] [sta_top_parser] [parser.py:130]   Parsing: 08_CG_CHECK_TT_25C_MUL_TOP.rpt
[2026-08-15 22:26:20] [DEBUG   ] [sta_top_parser] [parser.py:209]     → design=MUL_TOP              corner=tt_0p90v_0p90v_25c                  check=setup  wns=+1.172  status=MET
[2026-08-15 22:26:20] [DEBUG   ] [sta_top_parser] [parser.py:130]   Parsing: 09_RECOVERY_SS_125C_MUL_TOP.rpt
[2026-08-15 22:26:20] [DEBUG   ] [sta_top_parser] [parser.py:209]     → design=MUL_TOP              corner=ss_0p72v_0p72v_125c                 check=setup  wns=+1.097  status=MET
[2026-08-15 22:26:20] [DEBUG   ] [sta_top_parser] [parser.py:130]   Parsing: 10_MULTICYCLE_TT_25C_MUL_TOP.rpt
[2026-08-15 22:26:20] [DEBUG   ] [sta_top_parser] [parser.py:209]     → design=MUL_TOP              corner=tt_0p90v_0p90v_25c                  check=setup  wns=+1.051  status=MET
[2026-08-15 22:26:20] [DEBUG   ] [sta_top_parser] [parser.py:130]   Parsing: MUL_TIMING.rpt
[2026-08-15 22:26:20] [DEBUG   ] [sta_top_parser] [parser.py:209]     → design=N/A                  corner=N/A                                 check=N/A    wns=+0.000  status=UNKNOWN
[2026-08-15 22:26:20] [INFO    ] [sta_top_parser] [parser.py:294]   Parsed 11 / 11 report(s) OK
[2026-08-15 22:26:20] [INFO    ] [sta_top_parser] [dump_log.py:246] Dump log    → D:\Certificates\PD_STA_REPORTS\EXECUTE\MUL\MUL_TOP_dump.log
[2026-08-15 22:26:20] [INFO    ] [sta_top_parser] [json_writer.py:75] JSON dump   → D:\Certificates\PD_STA_REPORTS\EXECUTE\MUL\MUL_TOP_summary.json
[2026-08-15 22:26:20] [INFO    ] [sta_top_parser] [html_writer.py:479] HTML report → D:\Certificates\PD_STA_REPORTS\EXECUTE\MUL\MUL_TOP_report.html
[2026-08-15 22:26:20] [INFO    ] [sta_top_parser] [sta_top_parser.py:328] [27/57] Scanning: EXECUTE\SIMD_VEC
[2026-08-15 22:26:20] [INFO    ] [sta_top_parser] [parser.py:284]   Found 11 report file(s) in D:\Certificates\PD_STA_REPORTS\EXECUTE\SIMD_VEC
[2026-08-15 22:26:20] [DEBUG   ] [sta_top_parser] [parser.py:130]   Parsing: 01_SETUP_SS_125C_SIMD_VEC_TOP.rpt
[2026-08-15 22:26:20] [DEBUG   ] [sta_top_parser] [parser.py:209]     → design=SIMD_VEC_TOP         corner=ss_0p72v_0p72v_125c                 check=setup  wns=+1.113  status=MET
[2026-08-15 22:26:20] [DEBUG   ] [sta_top_parser] [parser.py:130]   Parsing: 02_HOLD_FF_N40C_SIMD_VEC_TOP.rpt
[2026-08-15 22:26:20] [DEBUG   ] [sta_top_parser] [parser.py:209]     → design=SIMD_VEC_TOP         corner=ff_1p16v_1p16v_n40c                 check=hold   wns=+1.138  status=MET
[2026-08-15 22:26:20] [DEBUG   ] [sta_top_parser] [parser.py:130]   Parsing: 03_SETUP_TT_25C_SIMD_VEC_TOP.rpt
[2026-08-15 22:26:20] [DEBUG   ] [sta_top_parser] [parser.py:209]     → design=SIMD_VEC_TOP         corner=tt_0p90v_0p90v_25c                  check=setup  wns=+1.118  status=MET
[2026-08-15 22:26:20] [DEBUG   ] [sta_top_parser] [parser.py:130]   Parsing: 04_HOLD_TT_25C_SIMD_VEC_TOP.rpt
[2026-08-15 22:26:20] [DEBUG   ] [sta_top_parser] [parser.py:209]     → design=SIMD_VEC_TOP         corner=tt_0p90v_0p90v_25c                  check=hold   wns=+1.143  status=MET
[2026-08-15 22:26:20] [DEBUG   ] [sta_top_parser] [parser.py:130]   Parsing: 05_SETUP_SS_M40C_SIMD_VEC_TOP.rpt
[2026-08-15 22:26:20] [DEBUG   ] [sta_top_parser] [parser.py:209]     → design=SIMD_VEC_TOP         corner=ss_0p72v_0p72v_n40c                 check=setup  wns=+1.110  status=MET
[2026-08-15 22:26:20] [DEBUG   ] [sta_top_parser] [parser.py:130]   Parsing: 06_HOLD_FF_125C_SIMD_VEC_TOP.rpt
[2026-08-15 22:26:20] [DEBUG   ] [sta_top_parser] [parser.py:209]     → design=SIMD_VEC_TOP         corner=ff_1p16v_1p16v_125c                 check=hold   wns=+1.065  status=MET
[2026-08-15 22:26:20] [DEBUG   ] [sta_top_parser] [parser.py:130]   Parsing: 07_SETUP_LVSS_125C_SIMD_VEC_TOP.rpt
[2026-08-15 22:26:20] [DEBUG   ] [sta_top_parser] [parser.py:209]     → design=SIMD_VEC_TOP         corner=ss_0p63v_0p63v_125c                 check=setup  wns=+1.098  status=MET
[2026-08-15 22:26:20] [DEBUG   ] [sta_top_parser] [parser.py:130]   Parsing: 08_CG_CHECK_TT_25C_SIMD_VEC_TOP.rpt
[2026-08-15 22:26:20] [DEBUG   ] [sta_top_parser] [parser.py:209]     → design=SIMD_VEC_TOP         corner=tt_0p90v_0p90v_25c                  check=setup  wns=+1.060  status=MET
[2026-08-15 22:26:20] [DEBUG   ] [sta_top_parser] [parser.py:130]   Parsing: 09_RECOVERY_SS_125C_SIMD_VEC_TOP.rpt
[2026-08-15 22:26:20] [DEBUG   ] [sta_top_parser] [parser.py:209]     → design=SIMD_VEC_TOP         corner=ss_0p72v_0p72v_125c                 check=setup  wns=+1.094  status=MET
[2026-08-15 22:26:20] [DEBUG   ] [sta_top_parser] [parser.py:130]   Parsing: 10_MULTICYCLE_TT_25C_SIMD_VEC_TOP.rpt
[2026-08-15 22:26:20] [DEBUG   ] [sta_top_parser] [parser.py:209]     → design=SIMD_VEC_TOP         corner=tt_0p90v_0p90v_25c                  check=setup  wns=+1.137  status=MET
[2026-08-15 22:26:20] [DEBUG   ] [sta_top_parser] [parser.py:130]   Parsing: SIMD_VEC_TIMING.rpt
[2026-08-15 22:26:20] [DEBUG   ] [sta_top_parser] [parser.py:209]     → design=N/A                  corner=N/A                                 check=N/A    wns=+0.000  status=UNKNOWN
[2026-08-15 22:26:20] [INFO    ] [sta_top_parser] [parser.py:294]   Parsed 11 / 11 report(s) OK
[2026-08-15 22:26:20] [INFO    ] [sta_top_parser] [dump_log.py:246] Dump log    → D:\Certificates\PD_STA_REPORTS\EXECUTE\SIMD_VEC\SIMD_VEC_TOP_dump.log
[2026-08-15 22:26:20] [INFO    ] [sta_top_parser] [json_writer.py:75] JSON dump   → D:\Certificates\PD_STA_REPORTS\EXECUTE\SIMD_VEC\SIMD_VEC_TOP_summary.json
[2026-08-15 22:26:20] [INFO    ] [sta_top_parser] [html_writer.py:479] HTML report → D:\Certificates\PD_STA_REPORTS\EXECUTE\SIMD_VEC\SIMD_VEC_TOP_report.html
[2026-08-15 22:26:20] [INFO    ] [sta_top_parser] [sta_top_parser.py:328] [28/57] Scanning: FETCH\BPU\BTB
[2026-08-15 22:26:20] [INFO    ] [sta_top_parser] [parser.py:284]   Found 11 report file(s) in D:\Certificates\PD_STA_REPORTS\FETCH\BPU\BTB
[2026-08-15 22:26:20] [DEBUG   ] [sta_top_parser] [parser.py:130]   Parsing: 01_SETUP_SS_125C_BTB_TOP.rpt
[2026-08-15 22:26:20] [DEBUG   ] [sta_top_parser] [parser.py:209]     → design=BTB_TOP              corner=ss_0p72v_0p72v_125c                 check=setup  wns=+1.086  status=MET
[2026-08-15 22:26:20] [DEBUG   ] [sta_top_parser] [parser.py:130]   Parsing: 02_HOLD_FF_N40C_BTB_TOP.rpt
[2026-08-15 22:26:20] [DEBUG   ] [sta_top_parser] [parser.py:209]     → design=BTB_TOP              corner=ff_1p16v_1p16v_n40c                 check=hold   wns=+1.094  status=MET
[2026-08-15 22:26:20] [DEBUG   ] [sta_top_parser] [parser.py:130]   Parsing: 03_SETUP_TT_25C_BTB_TOP.rpt
[2026-08-15 22:26:20] [DEBUG   ] [sta_top_parser] [parser.py:209]     → design=BTB_TOP              corner=tt_0p90v_0p90v_25c                  check=setup  wns=+1.108  status=MET
[2026-08-15 22:26:20] [DEBUG   ] [sta_top_parser] [parser.py:130]   Parsing: 04_HOLD_TT_25C_BTB_TOP.rpt
[2026-08-15 22:26:20] [DEBUG   ] [sta_top_parser] [parser.py:209]     → design=BTB_TOP              corner=tt_0p90v_0p90v_25c                  check=hold   wns=+1.163  status=MET
[2026-08-15 22:26:20] [DEBUG   ] [sta_top_parser] [parser.py:130]   Parsing: 05_SETUP_SS_M40C_BTB_TOP.rpt
[2026-08-15 22:26:20] [DEBUG   ] [sta_top_parser] [parser.py:209]     → design=BTB_TOP              corner=ss_0p72v_0p72v_n40c                 check=setup  wns=+1.109  status=MET
[2026-08-15 22:26:20] [DEBUG   ] [sta_top_parser] [parser.py:130]   Parsing: 06_HOLD_FF_125C_BTB_TOP.rpt
[2026-08-15 22:26:20] [DEBUG   ] [sta_top_parser] [parser.py:209]     → design=BTB_TOP              corner=ff_1p16v_1p16v_125c                 check=hold   wns=+1.052  status=MET
[2026-08-15 22:26:20] [DEBUG   ] [sta_top_parser] [parser.py:130]   Parsing: 07_SETUP_LVSS_125C_BTB_TOP.rpt
[2026-08-15 22:26:20] [DEBUG   ] [sta_top_parser] [parser.py:209]     → design=BTB_TOP              corner=ss_0p63v_0p63v_125c                 check=setup  wns=+1.068  status=MET
[2026-08-15 22:26:20] [DEBUG   ] [sta_top_parser] [parser.py:130]   Parsing: 08_CG_CHECK_TT_25C_BTB_TOP.rpt
[2026-08-15 22:26:20] [DEBUG   ] [sta_top_parser] [parser.py:209]     → design=BTB_TOP              corner=tt_0p90v_0p90v_25c                  check=setup  wns=+1.119  status=MET
[2026-08-15 22:26:20] [DEBUG   ] [sta_top_parser] [parser.py:130]   Parsing: 09_RECOVERY_SS_125C_BTB_TOP.rpt
[2026-08-15 22:26:20] [DEBUG   ] [sta_top_parser] [parser.py:209]     → design=BTB_TOP              corner=ss_0p72v_0p72v_125c                 check=setup  wns=+1.146  status=MET
[2026-08-15 22:26:20] [DEBUG   ] [sta_top_parser] [parser.py:130]   Parsing: 10_MULTICYCLE_TT_25C_BTB_TOP.rpt
[2026-08-15 22:26:20] [DEBUG   ] [sta_top_parser] [parser.py:209]     → design=BTB_TOP              corner=tt_0p90v_0p90v_25c                  check=setup  wns=+1.137  status=MET
[2026-08-15 22:26:20] [DEBUG   ] [sta_top_parser] [parser.py:130]   Parsing: BTB_TIMING.rpt
[2026-08-15 22:26:20] [DEBUG   ] [sta_top_parser] [parser.py:209]     → design=N/A                  corner=N/A                                 check=N/A    wns=+0.000  status=UNKNOWN
[2026-08-15 22:26:20] [INFO    ] [sta_top_parser] [parser.py:294]   Parsed 11 / 11 report(s) OK
[2026-08-15 22:26:20] [INFO    ] [sta_top_parser] [dump_log.py:246] Dump log    → D:\Certificates\PD_STA_REPORTS\FETCH\BPU\BTB\BTB_TOP_dump.log
[2026-08-15 22:26:20] [INFO    ] [sta_top_parser] [json_writer.py:75] JSON dump   → D:\Certificates\PD_STA_REPORTS\FETCH\BPU\BTB\BTB_TOP_summary.json
[2026-08-15 22:26:20] [INFO    ] [sta_top_parser] [html_writer.py:479] HTML report → D:\Certificates\PD_STA_REPORTS\FETCH\BPU\BTB\BTB_TOP_report.html
[2026-08-15 22:26:20] [INFO    ] [sta_top_parser] [sta_top_parser.py:328] [29/57] Scanning: FETCH\BPU\PHT
[2026-08-15 22:26:20] [INFO    ] [sta_top_parser] [parser.py:284]   Found 11 report file(s) in D:\Certificates\PD_STA_REPORTS\FETCH\BPU\PHT
[2026-08-15 22:26:20] [DEBUG   ] [sta_top_parser] [parser.py:130]   Parsing: 01_SETUP_SS_125C_PHT_TOP.rpt
[2026-08-15 22:26:20] [DEBUG   ] [sta_top_parser] [parser.py:209]     → design=PHT_TOP              corner=ss_0p72v_0p72v_125c                 check=setup  wns=+1.148  status=MET
[2026-08-15 22:26:20] [DEBUG   ] [sta_top_parser] [parser.py:130]   Parsing: 02_HOLD_FF_N40C_PHT_TOP.rpt
[2026-08-15 22:26:20] [DEBUG   ] [sta_top_parser] [parser.py:209]     → design=PHT_TOP              corner=ff_1p16v_1p16v_n40c                 check=hold   wns=+1.119  status=MET
[2026-08-15 22:26:20] [DEBUG   ] [sta_top_parser] [parser.py:130]   Parsing: 03_SETUP_TT_25C_PHT_TOP.rpt
[2026-08-15 22:26:20] [DEBUG   ] [sta_top_parser] [parser.py:209]     → design=PHT_TOP              corner=tt_0p90v_0p90v_25c                  check=setup  wns=+1.077  status=MET
[2026-08-15 22:26:20] [DEBUG   ] [sta_top_parser] [parser.py:130]   Parsing: 04_HOLD_TT_25C_PHT_TOP.rpt
[2026-08-15 22:26:20] [DEBUG   ] [sta_top_parser] [parser.py:209]     → design=PHT_TOP              corner=tt_0p90v_0p90v_25c                  check=hold   wns=+1.080  status=MET
[2026-08-15 22:26:20] [DEBUG   ] [sta_top_parser] [parser.py:130]   Parsing: 05_SETUP_SS_M40C_PHT_TOP.rpt
[2026-08-15 22:26:20] [DEBUG   ] [sta_top_parser] [parser.py:209]     → design=PHT_TOP              corner=ss_0p72v_0p72v_n40c                 check=setup  wns=+1.081  status=MET
[2026-08-15 22:26:20] [DEBUG   ] [sta_top_parser] [parser.py:130]   Parsing: 06_HOLD_FF_125C_PHT_TOP.rpt
[2026-08-15 22:26:20] [DEBUG   ] [sta_top_parser] [parser.py:209]     → design=PHT_TOP              corner=ff_1p16v_1p16v_125c                 check=hold   wns=+1.058  status=MET
[2026-08-15 22:26:20] [DEBUG   ] [sta_top_parser] [parser.py:130]   Parsing: 07_SETUP_LVSS_125C_PHT_TOP.rpt
[2026-08-15 22:26:20] [DEBUG   ] [sta_top_parser] [parser.py:209]     → design=PHT_TOP              corner=ss_0p63v_0p63v_125c                 check=setup  wns=+1.166  status=MET
[2026-08-15 22:26:20] [DEBUG   ] [sta_top_parser] [parser.py:130]   Parsing: 08_CG_CHECK_TT_25C_PHT_TOP.rpt
[2026-08-15 22:26:20] [DEBUG   ] [sta_top_parser] [parser.py:209]     → design=PHT_TOP              corner=tt_0p90v_0p90v_25c                  check=setup  wns=+1.098  status=MET
[2026-08-15 22:26:20] [DEBUG   ] [sta_top_parser] [parser.py:130]   Parsing: 09_RECOVERY_SS_125C_PHT_TOP.rpt
[2026-08-15 22:26:20] [DEBUG   ] [sta_top_parser] [parser.py:209]     → design=PHT_TOP              corner=ss_0p72v_0p72v_125c                 check=setup  wns=+1.096  status=MET
[2026-08-15 22:26:20] [DEBUG   ] [sta_top_parser] [parser.py:130]   Parsing: 10_MULTICYCLE_TT_25C_PHT_TOP.rpt
[2026-08-15 22:26:20] [DEBUG   ] [sta_top_parser] [parser.py:209]     → design=PHT_TOP              corner=tt_0p90v_0p90v_25c                  check=setup  wns=+1.099  status=MET
[2026-08-15 22:26:20] [DEBUG   ] [sta_top_parser] [parser.py:130]   Parsing: PHT_TIMING.rpt
[2026-08-15 22:26:20] [DEBUG   ] [sta_top_parser] [parser.py:209]     → design=N/A                  corner=N/A                                 check=N/A    wns=+0.000  status=UNKNOWN
[2026-08-15 22:26:20] [INFO    ] [sta_top_parser] [parser.py:294]   Parsed 11 / 11 report(s) OK
[2026-08-15 22:26:20] [INFO    ] [sta_top_parser] [dump_log.py:246] Dump log    → D:\Certificates\PD_STA_REPORTS\FETCH\BPU\PHT\PHT_TOP_dump.log
[2026-08-15 22:26:20] [INFO    ] [sta_top_parser] [json_writer.py:75] JSON dump   → D:\Certificates\PD_STA_REPORTS\FETCH\BPU\PHT\PHT_TOP_summary.json
[2026-08-15 22:26:20] [INFO    ] [sta_top_parser] [html_writer.py:479] HTML report → D:\Certificates\PD_STA_REPORTS\FETCH\BPU\PHT\PHT_TOP_report.html
[2026-08-15 22:26:20] [INFO    ] [sta_top_parser] [sta_top_parser.py:328] [30/57] Scanning: FETCH\BPU\RAS
[2026-08-15 22:26:20] [INFO    ] [sta_top_parser] [parser.py:284]   Found 11 report file(s) in D:\Certificates\PD_STA_REPORTS\FETCH\BPU\RAS
[2026-08-15 22:26:20] [DEBUG   ] [sta_top_parser] [parser.py:130]   Parsing: 01_SETUP_SS_125C_RAS_TOP.rpt
[2026-08-15 22:26:20] [DEBUG   ] [sta_top_parser] [parser.py:209]     → design=RAS_TOP              corner=ss_0p72v_0p72v_125c                 check=setup  wns=+1.168  status=MET
[2026-08-15 22:26:20] [DEBUG   ] [sta_top_parser] [parser.py:130]   Parsing: 02_HOLD_FF_N40C_RAS_TOP.rpt
[2026-08-15 22:26:20] [DEBUG   ] [sta_top_parser] [parser.py:209]     → design=RAS_TOP              corner=ff_1p16v_1p16v_n40c                 check=hold   wns=+1.046  status=MET
[2026-08-15 22:26:20] [DEBUG   ] [sta_top_parser] [parser.py:130]   Parsing: 03_SETUP_TT_25C_RAS_TOP.rpt
[2026-08-15 22:26:20] [DEBUG   ] [sta_top_parser] [parser.py:209]     → design=RAS_TOP              corner=tt_0p90v_0p90v_25c                  check=setup  wns=+1.129  status=MET
[2026-08-15 22:26:20] [DEBUG   ] [sta_top_parser] [parser.py:130]   Parsing: 04_HOLD_TT_25C_RAS_TOP.rpt
[2026-08-15 22:26:20] [DEBUG   ] [sta_top_parser] [parser.py:209]     → design=RAS_TOP              corner=tt_0p90v_0p90v_25c                  check=hold   wns=+1.124  status=MET
[2026-08-15 22:26:20] [DEBUG   ] [sta_top_parser] [parser.py:130]   Parsing: 05_SETUP_SS_M40C_RAS_TOP.rpt
[2026-08-15 22:26:20] [DEBUG   ] [sta_top_parser] [parser.py:209]     → design=RAS_TOP              corner=ss_0p72v_0p72v_n40c                 check=setup  wns=+1.171  status=MET
[2026-08-15 22:26:20] [DEBUG   ] [sta_top_parser] [parser.py:130]   Parsing: 06_HOLD_FF_125C_RAS_TOP.rpt
[2026-08-15 22:26:20] [DEBUG   ] [sta_top_parser] [parser.py:209]     → design=RAS_TOP              corner=ff_1p16v_1p16v_125c                 check=hold   wns=+1.098  status=MET
[2026-08-15 22:26:20] [DEBUG   ] [sta_top_parser] [parser.py:130]   Parsing: 07_SETUP_LVSS_125C_RAS_TOP.rpt
[2026-08-15 22:26:20] [DEBUG   ] [sta_top_parser] [parser.py:209]     → design=RAS_TOP              corner=ss_0p63v_0p63v_125c                 check=setup  wns=+1.056  status=MET
[2026-08-15 22:26:20] [DEBUG   ] [sta_top_parser] [parser.py:130]   Parsing: 08_CG_CHECK_TT_25C_RAS_TOP.rpt
[2026-08-15 22:26:20] [DEBUG   ] [sta_top_parser] [parser.py:209]     → design=RAS_TOP              corner=tt_0p90v_0p90v_25c                  check=setup  wns=+1.056  status=MET
[2026-08-15 22:26:20] [DEBUG   ] [sta_top_parser] [parser.py:130]   Parsing: 09_RECOVERY_SS_125C_RAS_TOP.rpt
[2026-08-15 22:26:20] [DEBUG   ] [sta_top_parser] [parser.py:209]     → design=RAS_TOP              corner=ss_0p72v_0p72v_125c                 check=setup  wns=+1.023  status=MET
[2026-08-15 22:26:20] [DEBUG   ] [sta_top_parser] [parser.py:130]   Parsing: 10_MULTICYCLE_TT_25C_RAS_TOP.rpt
[2026-08-15 22:26:20] [DEBUG   ] [sta_top_parser] [parser.py:209]     → design=RAS_TOP              corner=tt_0p90v_0p90v_25c                  check=setup  wns=+1.133  status=MET
[2026-08-15 22:26:20] [DEBUG   ] [sta_top_parser] [parser.py:130]   Parsing: RAS_TIMING.rpt
[2026-08-15 22:26:20] [DEBUG   ] [sta_top_parser] [parser.py:209]     → design=N/A                  corner=N/A                                 check=N/A    wns=+0.000  status=UNKNOWN
[2026-08-15 22:26:20] [INFO    ] [sta_top_parser] [parser.py:294]   Parsed 11 / 11 report(s) OK
[2026-08-15 22:26:20] [INFO    ] [sta_top_parser] [dump_log.py:246] Dump log    → D:\Certificates\PD_STA_REPORTS\FETCH\BPU\RAS\RAS_TOP_dump.log
[2026-08-15 22:26:20] [INFO    ] [sta_top_parser] [json_writer.py:75] JSON dump   → D:\Certificates\PD_STA_REPORTS\FETCH\BPU\RAS\RAS_TOP_summary.json
[2026-08-15 22:26:20] [INFO    ] [sta_top_parser] [html_writer.py:479] HTML report → D:\Certificates\PD_STA_REPORTS\FETCH\BPU\RAS\RAS_TOP_report.html
[2026-08-15 22:26:20] [INFO    ] [sta_top_parser] [sta_top_parser.py:328] [31/57] Scanning: FETCH\FETCH_QUEUE
[2026-08-15 22:26:20] [INFO    ] [sta_top_parser] [parser.py:284]   Found 11 report file(s) in D:\Certificates\PD_STA_REPORTS\FETCH\FETCH_QUEUE
[2026-08-15 22:26:20] [DEBUG   ] [sta_top_parser] [parser.py:130]   Parsing: 01_SETUP_SS_125C_FETCH_QUEUE_TOP.rpt
[2026-08-15 22:26:20] [DEBUG   ] [sta_top_parser] [parser.py:209]     → design=FETCH_QUEUE_TOP      corner=ss_0p72v_0p72v_125c                 check=setup  wns=+1.077  status=MET
[2026-08-15 22:26:20] [DEBUG   ] [sta_top_parser] [parser.py:130]   Parsing: 02_HOLD_FF_N40C_FETCH_QUEUE_TOP.rpt
[2026-08-15 22:26:20] [DEBUG   ] [sta_top_parser] [parser.py:209]     → design=FETCH_QUEUE_TOP      corner=ff_1p16v_1p16v_n40c                 check=hold   wns=+1.099  status=MET
[2026-08-15 22:26:20] [DEBUG   ] [sta_top_parser] [parser.py:130]   Parsing: 03_SETUP_TT_25C_FETCH_QUEUE_TOP.rpt
[2026-08-15 22:26:20] [DEBUG   ] [sta_top_parser] [parser.py:209]     → design=FETCH_QUEUE_TOP      corner=tt_0p90v_0p90v_25c                  check=setup  wns=+1.114  status=MET
[2026-08-15 22:26:20] [DEBUG   ] [sta_top_parser] [parser.py:130]   Parsing: 04_HOLD_TT_25C_FETCH_QUEUE_TOP.rpt
[2026-08-15 22:26:20] [DEBUG   ] [sta_top_parser] [parser.py:209]     → design=FETCH_QUEUE_TOP      corner=tt_0p90v_0p90v_25c                  check=hold   wns=+1.070  status=MET
[2026-08-15 22:26:20] [DEBUG   ] [sta_top_parser] [parser.py:130]   Parsing: 05_SETUP_SS_M40C_FETCH_QUEUE_TOP.rpt
[2026-08-15 22:26:20] [DEBUG   ] [sta_top_parser] [parser.py:209]     → design=FETCH_QUEUE_TOP      corner=ss_0p72v_0p72v_n40c                 check=setup  wns=+1.167  status=MET
[2026-08-15 22:26:20] [DEBUG   ] [sta_top_parser] [parser.py:130]   Parsing: 06_HOLD_FF_125C_FETCH_QUEUE_TOP.rpt
[2026-08-15 22:26:20] [DEBUG   ] [sta_top_parser] [parser.py:209]     → design=FETCH_QUEUE_TOP      corner=ff_1p16v_1p16v_125c                 check=hold   wns=+1.118  status=MET
[2026-08-15 22:26:20] [DEBUG   ] [sta_top_parser] [parser.py:130]   Parsing: 07_SETUP_LVSS_125C_FETCH_QUEUE_TOP.rpt
[2026-08-15 22:26:20] [DEBUG   ] [sta_top_parser] [parser.py:209]     → design=FETCH_QUEUE_TOP      corner=ss_0p63v_0p63v_125c                 check=setup  wns=+1.115  status=MET
[2026-08-15 22:26:20] [DEBUG   ] [sta_top_parser] [parser.py:130]   Parsing: 08_CG_CHECK_TT_25C_FETCH_QUEUE_TOP.rpt
[2026-08-15 22:26:20] [DEBUG   ] [sta_top_parser] [parser.py:209]     → design=FETCH_QUEUE_TOP      corner=tt_0p90v_0p90v_25c                  check=setup  wns=+1.108  status=MET
[2026-08-15 22:26:20] [DEBUG   ] [sta_top_parser] [parser.py:130]   Parsing: 09_RECOVERY_SS_125C_FETCH_QUEUE_TOP.rpt
[2026-08-15 22:26:20] [DEBUG   ] [sta_top_parser] [parser.py:209]     → design=FETCH_QUEUE_TOP      corner=ss_0p72v_0p72v_125c                 check=setup  wns=+1.122  status=MET
[2026-08-15 22:26:20] [DEBUG   ] [sta_top_parser] [parser.py:130]   Parsing: 10_MULTICYCLE_TT_25C_FETCH_QUEUE_TOP.rpt
[2026-08-15 22:26:20] [DEBUG   ] [sta_top_parser] [parser.py:209]     → design=FETCH_QUEUE_TOP      corner=tt_0p90v_0p90v_25c                  check=setup  wns=+1.136  status=MET
[2026-08-15 22:26:20] [DEBUG   ] [sta_top_parser] [parser.py:130]   Parsing: FETCH_QUEUE_TIMING.rpt
[2026-08-15 22:26:20] [DEBUG   ] [sta_top_parser] [parser.py:209]     → design=N/A                  corner=N/A                                 check=N/A    wns=+0.000  status=UNKNOWN
[2026-08-15 22:26:20] [INFO    ] [sta_top_parser] [parser.py:294]   Parsed 11 / 11 report(s) OK
[2026-08-15 22:26:20] [INFO    ] [sta_top_parser] [dump_log.py:246] Dump log    → D:\Certificates\PD_STA_REPORTS\FETCH\FETCH_QUEUE\FETCH_QUEUE_TOP_dump.log
[2026-08-15 22:26:20] [INFO    ] [sta_top_parser] [json_writer.py:75] JSON dump   → D:\Certificates\PD_STA_REPORTS\FETCH\FETCH_QUEUE\FETCH_QUEUE_TOP_summary.json
[2026-08-15 22:26:20] [INFO    ] [sta_top_parser] [html_writer.py:479] HTML report → D:\Certificates\PD_STA_REPORTS\FETCH\FETCH_QUEUE\FETCH_QUEUE_TOP_report.html
[2026-08-15 22:26:20] [INFO    ] [sta_top_parser] [sta_top_parser.py:328] [32/57] Scanning: FETCH\ICACHE
[2026-08-15 22:26:20] [INFO    ] [sta_top_parser] [parser.py:284]   Found 11 report file(s) in D:\Certificates\PD_STA_REPORTS\FETCH\ICACHE
[2026-08-15 22:26:20] [DEBUG   ] [sta_top_parser] [parser.py:130]   Parsing: 01_SETUP_SS_125C_ICACHE_TOP.rpt
[2026-08-15 22:26:20] [DEBUG   ] [sta_top_parser] [parser.py:209]     → design=ICACHE_TOP           corner=ss_0p72v_0p72v_125c                 check=setup  wns=+1.093  status=MET
[2026-08-15 22:26:20] [DEBUG   ] [sta_top_parser] [parser.py:130]   Parsing: 02_HOLD_FF_N40C_ICACHE_TOP.rpt
[2026-08-15 22:26:20] [DEBUG   ] [sta_top_parser] [parser.py:209]     → design=ICACHE_TOP           corner=ff_1p16v_1p16v_n40c                 check=hold   wns=+1.089  status=MET
[2026-08-15 22:26:20] [DEBUG   ] [sta_top_parser] [parser.py:130]   Parsing: 03_SETUP_TT_25C_ICACHE_TOP.rpt
[2026-08-15 22:26:20] [DEBUG   ] [sta_top_parser] [parser.py:209]     → design=ICACHE_TOP           corner=tt_0p90v_0p90v_25c                  check=setup  wns=+1.102  status=MET
[2026-08-15 22:26:20] [DEBUG   ] [sta_top_parser] [parser.py:130]   Parsing: 04_HOLD_TT_25C_ICACHE_TOP.rpt
[2026-08-15 22:26:20] [DEBUG   ] [sta_top_parser] [parser.py:209]     → design=ICACHE_TOP           corner=tt_0p90v_0p90v_25c                  check=hold   wns=+1.118  status=MET
[2026-08-15 22:26:20] [DEBUG   ] [sta_top_parser] [parser.py:130]   Parsing: 05_SETUP_SS_M40C_ICACHE_TOP.rpt
[2026-08-15 22:26:20] [DEBUG   ] [sta_top_parser] [parser.py:209]     → design=ICACHE_TOP           corner=ss_0p72v_0p72v_n40c                 check=setup  wns=+1.145  status=MET
[2026-08-15 22:26:20] [DEBUG   ] [sta_top_parser] [parser.py:130]   Parsing: 06_HOLD_FF_125C_ICACHE_TOP.rpt
[2026-08-15 22:26:20] [DEBUG   ] [sta_top_parser] [parser.py:209]     → design=ICACHE_TOP           corner=ff_1p16v_1p16v_125c                 check=hold   wns=+1.155  status=MET
[2026-08-15 22:26:20] [DEBUG   ] [sta_top_parser] [parser.py:130]   Parsing: 07_SETUP_LVSS_125C_ICACHE_TOP.rpt
[2026-08-15 22:26:20] [DEBUG   ] [sta_top_parser] [parser.py:209]     → design=ICACHE_TOP           corner=ss_0p63v_0p63v_125c                 check=setup  wns=+1.132  status=MET
[2026-08-15 22:26:20] [DEBUG   ] [sta_top_parser] [parser.py:130]   Parsing: 08_CG_CHECK_TT_25C_ICACHE_TOP.rpt
[2026-08-15 22:26:20] [DEBUG   ] [sta_top_parser] [parser.py:209]     → design=ICACHE_TOP           corner=tt_0p90v_0p90v_25c                  check=setup  wns=-0.048  status=VIOLATED
[2026-08-15 22:26:20] [DEBUG   ] [sta_top_parser] [parser.py:130]   Parsing: 09_RECOVERY_SS_125C_ICACHE_TOP.rpt
[2026-08-15 22:26:20] [DEBUG   ] [sta_top_parser] [parser.py:209]     → design=ICACHE_TOP           corner=ss_0p72v_0p72v_125c                 check=setup  wns=+1.077  status=MET
[2026-08-15 22:26:20] [DEBUG   ] [sta_top_parser] [parser.py:130]   Parsing: 10_MULTICYCLE_TT_25C_ICACHE_TOP.rpt
[2026-08-15 22:26:20] [DEBUG   ] [sta_top_parser] [parser.py:209]     → design=ICACHE_TOP           corner=tt_0p90v_0p90v_25c                  check=setup  wns=+1.144  status=MET
[2026-08-15 22:26:20] [DEBUG   ] [sta_top_parser] [parser.py:130]   Parsing: ICACHE_TIMING.rpt
[2026-08-15 22:26:20] [DEBUG   ] [sta_top_parser] [parser.py:209]     → design=N/A                  corner=N/A                                 check=N/A    wns=+0.000  status=UNKNOWN
[2026-08-15 22:26:20] [INFO    ] [sta_top_parser] [parser.py:294]   Parsed 11 / 11 report(s) OK
[2026-08-15 22:26:20] [INFO    ] [sta_top_parser] [dump_log.py:246] Dump log    → D:\Certificates\PD_STA_REPORTS\FETCH\ICACHE\ICACHE_TOP_dump.log
[2026-08-15 22:26:20] [INFO    ] [sta_top_parser] [json_writer.py:75] JSON dump   → D:\Certificates\PD_STA_REPORTS\FETCH\ICACHE\ICACHE_TOP_summary.json
[2026-08-15 22:26:20] [INFO    ] [sta_top_parser] [html_writer.py:479] HTML report → D:\Certificates\PD_STA_REPORTS\FETCH\ICACHE\ICACHE_TOP_report.html
[2026-08-15 22:26:20] [INFO    ] [sta_top_parser] [sta_top_parser.py:328] [33/57] Scanning: FETCH\ITLB
[2026-08-15 22:26:20] [INFO    ] [sta_top_parser] [parser.py:284]   Found 11 report file(s) in D:\Certificates\PD_STA_REPORTS\FETCH\ITLB
[2026-08-15 22:26:20] [DEBUG   ] [sta_top_parser] [parser.py:130]   Parsing: 01_SETUP_SS_125C_ITLB_TOP.rpt
[2026-08-15 22:26:20] [DEBUG   ] [sta_top_parser] [parser.py:209]     → design=ITLB_TOP             corner=ss_0p72v_0p72v_125c                 check=setup  wns=+1.071  status=MET
[2026-08-15 22:26:20] [DEBUG   ] [sta_top_parser] [parser.py:130]   Parsing: 02_HOLD_FF_N40C_ITLB_TOP.rpt
[2026-08-15 22:26:20] [DEBUG   ] [sta_top_parser] [parser.py:209]     → design=ITLB_TOP             corner=ff_1p16v_1p16v_n40c                 check=hold   wns=+1.048  status=MET
[2026-08-15 22:26:20] [DEBUG   ] [sta_top_parser] [parser.py:130]   Parsing: 03_SETUP_TT_25C_ITLB_TOP.rpt
[2026-08-15 22:26:20] [DEBUG   ] [sta_top_parser] [parser.py:209]     → design=ITLB_TOP             corner=tt_0p90v_0p90v_25c                  check=setup  wns=+1.082  status=MET
[2026-08-15 22:26:20] [DEBUG   ] [sta_top_parser] [parser.py:130]   Parsing: 04_HOLD_TT_25C_ITLB_TOP.rpt
[2026-08-15 22:26:20] [DEBUG   ] [sta_top_parser] [parser.py:209]     → design=ITLB_TOP             corner=tt_0p90v_0p90v_25c                  check=hold   wns=+1.094  status=MET
[2026-08-15 22:26:20] [DEBUG   ] [sta_top_parser] [parser.py:130]   Parsing: 05_SETUP_SS_M40C_ITLB_TOP.rpt
[2026-08-15 22:26:20] [DEBUG   ] [sta_top_parser] [parser.py:209]     → design=ITLB_TOP             corner=ss_0p72v_0p72v_n40c                 check=setup  wns=+1.196  status=MET
[2026-08-15 22:26:20] [DEBUG   ] [sta_top_parser] [parser.py:130]   Parsing: 06_HOLD_FF_125C_ITLB_TOP.rpt
[2026-08-15 22:26:20] [DEBUG   ] [sta_top_parser] [parser.py:209]     → design=ITLB_TOP             corner=ff_1p16v_1p16v_125c                 check=hold   wns=+1.118  status=MET
[2026-08-15 22:26:20] [DEBUG   ] [sta_top_parser] [parser.py:130]   Parsing: 07_SETUP_LVSS_125C_ITLB_TOP.rpt
[2026-08-15 22:26:20] [DEBUG   ] [sta_top_parser] [parser.py:209]     → design=ITLB_TOP             corner=ss_0p63v_0p63v_125c                 check=setup  wns=+1.126  status=MET
[2026-08-15 22:26:20] [DEBUG   ] [sta_top_parser] [parser.py:130]   Parsing: 08_CG_CHECK_TT_25C_ITLB_TOP.rpt
[2026-08-15 22:26:20] [DEBUG   ] [sta_top_parser] [parser.py:209]     → design=ITLB_TOP             corner=tt_0p90v_0p90v_25c                  check=setup  wns=+1.116  status=MET
[2026-08-15 22:26:20] [DEBUG   ] [sta_top_parser] [parser.py:130]   Parsing: 09_RECOVERY_SS_125C_ITLB_TOP.rpt
[2026-08-15 22:26:20] [DEBUG   ] [sta_top_parser] [parser.py:209]     → design=ITLB_TOP             corner=ss_0p72v_0p72v_125c                 check=setup  wns=+1.128  status=MET
[2026-08-15 22:26:20] [DEBUG   ] [sta_top_parser] [parser.py:130]   Parsing: 10_MULTICYCLE_TT_25C_ITLB_TOP.rpt
[2026-08-15 22:26:20] [DEBUG   ] [sta_top_parser] [parser.py:209]     → design=ITLB_TOP             corner=tt_0p90v_0p90v_25c                  check=setup  wns=+1.063  status=MET
[2026-08-15 22:26:20] [DEBUG   ] [sta_top_parser] [parser.py:130]   Parsing: ITLB_TIMING.rpt
[2026-08-15 22:26:20] [DEBUG   ] [sta_top_parser] [parser.py:209]     → design=N/A                  corner=N/A                                 check=N/A    wns=+0.000  status=UNKNOWN
[2026-08-15 22:26:20] [INFO    ] [sta_top_parser] [parser.py:294]   Parsed 11 / 11 report(s) OK
[2026-08-15 22:26:20] [INFO    ] [sta_top_parser] [dump_log.py:246] Dump log    → D:\Certificates\PD_STA_REPORTS\FETCH\ITLB\ITLB_TOP_dump.log
[2026-08-15 22:26:20] [INFO    ] [sta_top_parser] [json_writer.py:75] JSON dump   → D:\Certificates\PD_STA_REPORTS\FETCH\ITLB\ITLB_TOP_summary.json
[2026-08-15 22:26:20] [INFO    ] [sta_top_parser] [html_writer.py:479] HTML report → D:\Certificates\PD_STA_REPORTS\FETCH\ITLB\ITLB_TOP_report.html
[2026-08-15 22:26:20] [INFO    ] [sta_top_parser] [sta_top_parser.py:328] [34/57] Scanning: FETCH\PC
[2026-08-15 22:26:20] [INFO    ] [sta_top_parser] [parser.py:284]   Found 11 report file(s) in D:\Certificates\PD_STA_REPORTS\FETCH\PC
[2026-08-15 22:26:20] [DEBUG   ] [sta_top_parser] [parser.py:130]   Parsing: 01_SETUP_SS_125C_PC_TOP.rpt
[2026-08-15 22:26:20] [DEBUG   ] [sta_top_parser] [parser.py:209]     → design=PC_TOP               corner=ss_0p72v_0p72v_125c                 check=setup  wns=+1.075  status=MET
[2026-08-15 22:26:20] [DEBUG   ] [sta_top_parser] [parser.py:130]   Parsing: 02_HOLD_FF_N40C_PC_TOP.rpt
[2026-08-15 22:26:20] [DEBUG   ] [sta_top_parser] [parser.py:209]     → design=PC_TOP               corner=ff_1p16v_1p16v_n40c                 check=hold   wns=+1.120  status=MET
[2026-08-15 22:26:20] [DEBUG   ] [sta_top_parser] [parser.py:130]   Parsing: 03_SETUP_TT_25C_PC_TOP.rpt
[2026-08-15 22:26:20] [DEBUG   ] [sta_top_parser] [parser.py:209]     → design=PC_TOP               corner=tt_0p90v_0p90v_25c                  check=setup  wns=+1.080  status=MET
[2026-08-15 22:26:20] [DEBUG   ] [sta_top_parser] [parser.py:130]   Parsing: 04_HOLD_TT_25C_PC_TOP.rpt
[2026-08-15 22:26:20] [DEBUG   ] [sta_top_parser] [parser.py:209]     → design=PC_TOP               corner=tt_0p90v_0p90v_25c                  check=hold   wns=+1.135  status=MET
[2026-08-15 22:26:20] [DEBUG   ] [sta_top_parser] [parser.py:130]   Parsing: 05_SETUP_SS_M40C_PC_TOP.rpt
[2026-08-15 22:26:20] [DEBUG   ] [sta_top_parser] [parser.py:209]     → design=PC_TOP               corner=ss_0p72v_0p72v_n40c                 check=setup  wns=+1.078  status=MET
[2026-08-15 22:26:20] [DEBUG   ] [sta_top_parser] [parser.py:130]   Parsing: 06_HOLD_FF_125C_PC_TOP.rpt
[2026-08-15 22:26:20] [DEBUG   ] [sta_top_parser] [parser.py:209]     → design=PC_TOP               corner=ff_1p16v_1p16v_125c                 check=hold   wns=+1.049  status=MET
[2026-08-15 22:26:20] [DEBUG   ] [sta_top_parser] [parser.py:130]   Parsing: 07_SETUP_LVSS_125C_PC_TOP.rpt
[2026-08-15 22:26:20] [DEBUG   ] [sta_top_parser] [parser.py:209]     → design=PC_TOP               corner=ss_0p63v_0p63v_125c                 check=setup  wns=+1.084  status=MET
[2026-08-15 22:26:20] [DEBUG   ] [sta_top_parser] [parser.py:130]   Parsing: 08_CG_CHECK_TT_25C_PC_TOP.rpt
[2026-08-15 22:26:20] [DEBUG   ] [sta_top_parser] [parser.py:209]     → design=PC_TOP               corner=tt_0p90v_0p90v_25c                  check=setup  wns=+1.091  status=MET
[2026-08-15 22:26:20] [DEBUG   ] [sta_top_parser] [parser.py:130]   Parsing: 09_RECOVERY_SS_125C_PC_TOP.rpt
[2026-08-15 22:26:20] [DEBUG   ] [sta_top_parser] [parser.py:209]     → design=PC_TOP               corner=ss_0p72v_0p72v_125c                 check=setup  wns=+1.148  status=MET
[2026-08-15 22:26:20] [DEBUG   ] [sta_top_parser] [parser.py:130]   Parsing: 10_MULTICYCLE_TT_25C_PC_TOP.rpt
[2026-08-15 22:26:20] [DEBUG   ] [sta_top_parser] [parser.py:209]     → design=PC_TOP               corner=tt_0p90v_0p90v_25c                  check=setup  wns=+1.128  status=MET
[2026-08-15 22:26:20] [DEBUG   ] [sta_top_parser] [parser.py:130]   Parsing: PC_TIMING.rpt
[2026-08-15 22:26:20] [DEBUG   ] [sta_top_parser] [parser.py:209]     → design=N/A                  corner=N/A                                 check=N/A    wns=+0.000  status=UNKNOWN
[2026-08-15 22:26:20] [INFO    ] [sta_top_parser] [parser.py:294]   Parsed 11 / 11 report(s) OK
[2026-08-15 22:26:20] [INFO    ] [sta_top_parser] [dump_log.py:246] Dump log    → D:\Certificates\PD_STA_REPORTS\FETCH\PC\PC_TOP_dump.log
[2026-08-15 22:26:20] [INFO    ] [sta_top_parser] [json_writer.py:75] JSON dump   → D:\Certificates\PD_STA_REPORTS\FETCH\PC\PC_TOP_summary.json
[2026-08-15 22:26:20] [INFO    ] [sta_top_parser] [html_writer.py:479] HTML report → D:\Certificates\PD_STA_REPORTS\FETCH\PC\PC_TOP_report.html
[2026-08-15 22:26:20] [INFO    ] [sta_top_parser] [sta_top_parser.py:328] [35/57] Scanning: ISSUE\IQ_FP
[2026-08-15 22:26:20] [INFO    ] [sta_top_parser] [parser.py:284]   Found 11 report file(s) in D:\Certificates\PD_STA_REPORTS\ISSUE\IQ_FP
[2026-08-15 22:26:20] [DEBUG   ] [sta_top_parser] [parser.py:130]   Parsing: 01_SETUP_SS_125C_IQ_FP_TOP.rpt
[2026-08-15 22:26:20] [DEBUG   ] [sta_top_parser] [parser.py:209]     → design=IQ_FP_TOP            corner=ss_0p72v_0p72v_125c                 check=setup  wns=+1.099  status=MET
[2026-08-15 22:26:20] [DEBUG   ] [sta_top_parser] [parser.py:130]   Parsing: 02_HOLD_FF_N40C_IQ_FP_TOP.rpt
[2026-08-15 22:26:20] [DEBUG   ] [sta_top_parser] [parser.py:209]     → design=IQ_FP_TOP            corner=ff_1p16v_1p16v_n40c                 check=hold   wns=+1.093  status=MET
[2026-08-15 22:26:20] [DEBUG   ] [sta_top_parser] [parser.py:130]   Parsing: 03_SETUP_TT_25C_IQ_FP_TOP.rpt
[2026-08-15 22:26:20] [DEBUG   ] [sta_top_parser] [parser.py:209]     → design=IQ_FP_TOP            corner=tt_0p90v_0p90v_25c                  check=setup  wns=+1.064  status=MET
[2026-08-15 22:26:20] [DEBUG   ] [sta_top_parser] [parser.py:130]   Parsing: 04_HOLD_TT_25C_IQ_FP_TOP.rpt
[2026-08-15 22:26:20] [DEBUG   ] [sta_top_parser] [parser.py:209]     → design=IQ_FP_TOP            corner=tt_0p90v_0p90v_25c                  check=hold   wns=+1.128  status=MET
[2026-08-15 22:26:20] [DEBUG   ] [sta_top_parser] [parser.py:130]   Parsing: 05_SETUP_SS_M40C_IQ_FP_TOP.rpt
[2026-08-15 22:26:20] [DEBUG   ] [sta_top_parser] [parser.py:209]     → design=IQ_FP_TOP            corner=ss_0p72v_0p72v_n40c                 check=setup  wns=+1.090  status=MET
[2026-08-15 22:26:20] [DEBUG   ] [sta_top_parser] [parser.py:130]   Parsing: 06_HOLD_FF_125C_IQ_FP_TOP.rpt
[2026-08-15 22:26:20] [DEBUG   ] [sta_top_parser] [parser.py:209]     → design=IQ_FP_TOP            corner=ff_1p16v_1p16v_125c                 check=hold   wns=+1.113  status=MET
[2026-08-15 22:26:20] [DEBUG   ] [sta_top_parser] [parser.py:130]   Parsing: 07_SETUP_LVSS_125C_IQ_FP_TOP.rpt
[2026-08-15 22:26:20] [DEBUG   ] [sta_top_parser] [parser.py:209]     → design=IQ_FP_TOP            corner=ss_0p63v_0p63v_125c                 check=setup  wns=+1.131  status=MET
[2026-08-15 22:26:20] [DEBUG   ] [sta_top_parser] [parser.py:130]   Parsing: 08_CG_CHECK_TT_25C_IQ_FP_TOP.rpt
[2026-08-15 22:26:20] [DEBUG   ] [sta_top_parser] [parser.py:209]     → design=IQ_FP_TOP            corner=tt_0p90v_0p90v_25c                  check=setup  wns=+1.121  status=MET
[2026-08-15 22:26:20] [DEBUG   ] [sta_top_parser] [parser.py:130]   Parsing: 09_RECOVERY_SS_125C_IQ_FP_TOP.rpt
[2026-08-15 22:26:20] [DEBUG   ] [sta_top_parser] [parser.py:209]     → design=IQ_FP_TOP            corner=ss_0p72v_0p72v_125c                 check=setup  wns=+1.099  status=MET
[2026-08-15 22:26:20] [DEBUG   ] [sta_top_parser] [parser.py:130]   Parsing: 10_MULTICYCLE_TT_25C_IQ_FP_TOP.rpt
[2026-08-15 22:26:20] [DEBUG   ] [sta_top_parser] [parser.py:209]     → design=IQ_FP_TOP            corner=tt_0p90v_0p90v_25c                  check=setup  wns=+1.127  status=MET
[2026-08-15 22:26:20] [DEBUG   ] [sta_top_parser] [parser.py:130]   Parsing: IQ_FP_TIMING.rpt
[2026-08-15 22:26:20] [DEBUG   ] [sta_top_parser] [parser.py:209]     → design=N/A                  corner=N/A                                 check=N/A    wns=+0.000  status=UNKNOWN
[2026-08-15 22:26:20] [INFO    ] [sta_top_parser] [parser.py:294]   Parsed 11 / 11 report(s) OK
[2026-08-15 22:26:20] [INFO    ] [sta_top_parser] [dump_log.py:246] Dump log    → D:\Certificates\PD_STA_REPORTS\ISSUE\IQ_FP\IQ_FP_TOP_dump.log
[2026-08-15 22:26:20] [INFO    ] [sta_top_parser] [json_writer.py:75] JSON dump   → D:\Certificates\PD_STA_REPORTS\ISSUE\IQ_FP\IQ_FP_TOP_summary.json
[2026-08-15 22:26:20] [INFO    ] [sta_top_parser] [html_writer.py:479] HTML report → D:\Certificates\PD_STA_REPORTS\ISSUE\IQ_FP\IQ_FP_TOP_report.html
[2026-08-15 22:26:20] [INFO    ] [sta_top_parser] [sta_top_parser.py:328] [36/57] Scanning: ISSUE\IQ_INT
[2026-08-15 22:26:20] [INFO    ] [sta_top_parser] [parser.py:284]   Found 11 report file(s) in D:\Certificates\PD_STA_REPORTS\ISSUE\IQ_INT
[2026-08-15 22:26:20] [DEBUG   ] [sta_top_parser] [parser.py:130]   Parsing: 01_SETUP_SS_125C_IQ_INT_TOP.rpt
[2026-08-15 22:26:20] [DEBUG   ] [sta_top_parser] [parser.py:209]     → design=IQ_INT_TOP           corner=ss_0p72v_0p72v_125c                 check=setup  wns=+1.072  status=MET
[2026-08-15 22:26:20] [DEBUG   ] [sta_top_parser] [parser.py:130]   Parsing: 02_HOLD_FF_N40C_IQ_INT_TOP.rpt
[2026-08-15 22:26:20] [DEBUG   ] [sta_top_parser] [parser.py:209]     → design=IQ_INT_TOP           corner=ff_1p16v_1p16v_n40c                 check=hold   wns=+1.115  status=MET
[2026-08-15 22:26:20] [DEBUG   ] [sta_top_parser] [parser.py:130]   Parsing: 03_SETUP_TT_25C_IQ_INT_TOP.rpt
[2026-08-15 22:26:20] [DEBUG   ] [sta_top_parser] [parser.py:209]     → design=IQ_INT_TOP           corner=tt_0p90v_0p90v_25c                  check=setup  wns=+1.077  status=MET
[2026-08-15 22:26:20] [DEBUG   ] [sta_top_parser] [parser.py:130]   Parsing: 04_HOLD_TT_25C_IQ_INT_TOP.rpt
[2026-08-15 22:26:20] [DEBUG   ] [sta_top_parser] [parser.py:209]     → design=IQ_INT_TOP           corner=tt_0p90v_0p90v_25c                  check=hold   wns=+1.052  status=MET
[2026-08-15 22:26:20] [DEBUG   ] [sta_top_parser] [parser.py:130]   Parsing: 05_SETUP_SS_M40C_IQ_INT_TOP.rpt
[2026-08-15 22:26:20] [DEBUG   ] [sta_top_parser] [parser.py:209]     → design=IQ_INT_TOP           corner=ss_0p72v_0p72v_n40c                 check=setup  wns=+1.157  status=MET
[2026-08-15 22:26:20] [DEBUG   ] [sta_top_parser] [parser.py:130]   Parsing: 06_HOLD_FF_125C_IQ_INT_TOP.rpt
[2026-08-15 22:26:20] [DEBUG   ] [sta_top_parser] [parser.py:209]     → design=IQ_INT_TOP           corner=ff_1p16v_1p16v_125c                 check=hold   wns=+0.018  status=VIOLATED
[2026-08-15 22:26:20] [DEBUG   ] [sta_top_parser] [parser.py:130]   Parsing: 07_SETUP_LVSS_125C_IQ_INT_TOP.rpt
[2026-08-15 22:26:20] [DEBUG   ] [sta_top_parser] [parser.py:209]     → design=IQ_INT_TOP           corner=ss_0p63v_0p63v_125c                 check=setup  wns=+1.051  status=MET
[2026-08-15 22:26:20] [DEBUG   ] [sta_top_parser] [parser.py:130]   Parsing: 08_CG_CHECK_TT_25C_IQ_INT_TOP.rpt
[2026-08-15 22:26:20] [DEBUG   ] [sta_top_parser] [parser.py:209]     → design=IQ_INT_TOP           corner=tt_0p90v_0p90v_25c                  check=setup  wns=+1.098  status=MET
[2026-08-15 22:26:20] [DEBUG   ] [sta_top_parser] [parser.py:130]   Parsing: 09_RECOVERY_SS_125C_IQ_INT_TOP.rpt
[2026-08-15 22:26:20] [DEBUG   ] [sta_top_parser] [parser.py:209]     → design=IQ_INT_TOP           corner=ss_0p72v_0p72v_125c                 check=setup  wns=+1.097  status=MET
[2026-08-15 22:26:20] [DEBUG   ] [sta_top_parser] [parser.py:130]   Parsing: 10_MULTICYCLE_TT_25C_IQ_INT_TOP.rpt
[2026-08-15 22:26:20] [DEBUG   ] [sta_top_parser] [parser.py:209]     → design=IQ_INT_TOP           corner=tt_0p90v_0p90v_25c                  check=setup  wns=+1.063  status=MET
[2026-08-15 22:26:20] [DEBUG   ] [sta_top_parser] [parser.py:130]   Parsing: IQ_INT_TIMING.rpt
[2026-08-15 22:26:20] [DEBUG   ] [sta_top_parser] [parser.py:209]     → design=N/A                  corner=N/A                                 check=N/A    wns=+0.000  status=UNKNOWN
[2026-08-15 22:26:20] [INFO    ] [sta_top_parser] [parser.py:294]   Parsed 11 / 11 report(s) OK
[2026-08-15 22:26:20] [INFO    ] [sta_top_parser] [dump_log.py:246] Dump log    → D:\Certificates\PD_STA_REPORTS\ISSUE\IQ_INT\IQ_INT_TOP_dump.log
[2026-08-15 22:26:20] [INFO    ] [sta_top_parser] [json_writer.py:75] JSON dump   → D:\Certificates\PD_STA_REPORTS\ISSUE\IQ_INT\IQ_INT_TOP_summary.json
[2026-08-15 22:26:20] [INFO    ] [sta_top_parser] [html_writer.py:479] HTML report → D:\Certificates\PD_STA_REPORTS\ISSUE\IQ_INT\IQ_INT_TOP_report.html
[2026-08-15 22:26:20] [INFO    ] [sta_top_parser] [sta_top_parser.py:328] [37/57] Scanning: ISSUE\IQ_LSU
[2026-08-15 22:26:20] [INFO    ] [sta_top_parser] [parser.py:284]   Found 11 report file(s) in D:\Certificates\PD_STA_REPORTS\ISSUE\IQ_LSU
[2026-08-15 22:26:20] [DEBUG   ] [sta_top_parser] [parser.py:130]   Parsing: 01_SETUP_SS_125C_IQ_LSU_TOP.rpt
[2026-08-15 22:26:20] [DEBUG   ] [sta_top_parser] [parser.py:209]     → design=IQ_LSU_TOP           corner=ss_0p72v_0p72v_125c                 check=setup  wns=+1.096  status=MET
[2026-08-15 22:26:20] [DEBUG   ] [sta_top_parser] [parser.py:130]   Parsing: 02_HOLD_FF_N40C_IQ_LSU_TOP.rpt
[2026-08-15 22:26:20] [DEBUG   ] [sta_top_parser] [parser.py:209]     → design=IQ_LSU_TOP           corner=ff_1p16v_1p16v_n40c                 check=hold   wns=+1.073  status=MET
[2026-08-15 22:26:20] [DEBUG   ] [sta_top_parser] [parser.py:130]   Parsing: 03_SETUP_TT_25C_IQ_LSU_TOP.rpt
[2026-08-15 22:26:20] [DEBUG   ] [sta_top_parser] [parser.py:209]     → design=IQ_LSU_TOP           corner=tt_0p90v_0p90v_25c                  check=setup  wns=+1.090  status=MET
[2026-08-15 22:26:20] [DEBUG   ] [sta_top_parser] [parser.py:130]   Parsing: 04_HOLD_TT_25C_IQ_LSU_TOP.rpt
[2026-08-15 22:26:20] [DEBUG   ] [sta_top_parser] [parser.py:209]     → design=IQ_LSU_TOP           corner=tt_0p90v_0p90v_25c                  check=hold   wns=+1.067  status=MET
[2026-08-15 22:26:20] [DEBUG   ] [sta_top_parser] [parser.py:130]   Parsing: 05_SETUP_SS_M40C_IQ_LSU_TOP.rpt
[2026-08-15 22:26:20] [DEBUG   ] [sta_top_parser] [parser.py:209]     → design=IQ_LSU_TOP           corner=ss_0p72v_0p72v_n40c                 check=setup  wns=+1.105  status=MET
[2026-08-15 22:26:20] [DEBUG   ] [sta_top_parser] [parser.py:130]   Parsing: 06_HOLD_FF_125C_IQ_LSU_TOP.rpt
[2026-08-15 22:26:20] [DEBUG   ] [sta_top_parser] [parser.py:209]     → design=IQ_LSU_TOP           corner=ff_1p16v_1p16v_125c                 check=hold   wns=+1.125  status=MET
[2026-08-15 22:26:20] [DEBUG   ] [sta_top_parser] [parser.py:130]   Parsing: 07_SETUP_LVSS_125C_IQ_LSU_TOP.rpt
[2026-08-15 22:26:20] [DEBUG   ] [sta_top_parser] [parser.py:209]     → design=IQ_LSU_TOP           corner=ss_0p63v_0p63v_125c                 check=setup  wns=+1.128  status=MET
[2026-08-15 22:26:20] [DEBUG   ] [sta_top_parser] [parser.py:130]   Parsing: 08_CG_CHECK_TT_25C_IQ_LSU_TOP.rpt
[2026-08-15 22:26:20] [DEBUG   ] [sta_top_parser] [parser.py:209]     → design=IQ_LSU_TOP           corner=tt_0p90v_0p90v_25c                  check=setup  wns=+1.101  status=MET
[2026-08-15 22:26:20] [DEBUG   ] [sta_top_parser] [parser.py:130]   Parsing: 09_RECOVERY_SS_125C_IQ_LSU_TOP.rpt
[2026-08-15 22:26:20] [DEBUG   ] [sta_top_parser] [parser.py:209]     → design=IQ_LSU_TOP           corner=ss_0p72v_0p72v_125c                 check=setup  wns=+1.124  status=MET
[2026-08-15 22:26:20] [DEBUG   ] [sta_top_parser] [parser.py:130]   Parsing: 10_MULTICYCLE_TT_25C_IQ_LSU_TOP.rpt
[2026-08-15 22:26:20] [DEBUG   ] [sta_top_parser] [parser.py:209]     → design=IQ_LSU_TOP           corner=tt_0p90v_0p90v_25c                  check=setup  wns=+1.060  status=MET
[2026-08-15 22:26:20] [DEBUG   ] [sta_top_parser] [parser.py:130]   Parsing: IQ_LSU_TIMING.rpt
[2026-08-15 22:26:20] [DEBUG   ] [sta_top_parser] [parser.py:209]     → design=N/A                  corner=N/A                                 check=N/A    wns=+0.000  status=UNKNOWN
[2026-08-15 22:26:20] [INFO    ] [sta_top_parser] [parser.py:294]   Parsed 11 / 11 report(s) OK
[2026-08-15 22:26:20] [INFO    ] [sta_top_parser] [dump_log.py:246] Dump log    → D:\Certificates\PD_STA_REPORTS\ISSUE\IQ_LSU\IQ_LSU_TOP_dump.log
[2026-08-15 22:26:20] [INFO    ] [sta_top_parser] [json_writer.py:75] JSON dump   → D:\Certificates\PD_STA_REPORTS\ISSUE\IQ_LSU\IQ_LSU_TOP_summary.json
[2026-08-15 22:26:20] [INFO    ] [sta_top_parser] [html_writer.py:479] HTML report → D:\Certificates\PD_STA_REPORTS\ISSUE\IQ_LSU\IQ_LSU_TOP_report.html
[2026-08-15 22:26:20] [INFO    ] [sta_top_parser] [sta_top_parser.py:328] [38/57] Scanning: ISSUE\WAKEUP_SELECT
[2026-08-15 22:26:20] [INFO    ] [sta_top_parser] [parser.py:284]   Found 11 report file(s) in D:\Certificates\PD_STA_REPORTS\ISSUE\WAKEUP_SELECT
[2026-08-15 22:26:20] [DEBUG   ] [sta_top_parser] [parser.py:130]   Parsing: 01_SETUP_SS_125C_WAKEUP_SELECT_TOP.rpt
[2026-08-15 22:26:20] [DEBUG   ] [sta_top_parser] [parser.py:209]     → design=WAKEUP_SELECT_TOP    corner=ss_0p72v_0p72v_125c                 check=setup  wns=+1.138  status=MET
[2026-08-15 22:26:20] [DEBUG   ] [sta_top_parser] [parser.py:130]   Parsing: 02_HOLD_FF_N40C_WAKEUP_SELECT_TOP.rpt
[2026-08-15 22:26:20] [DEBUG   ] [sta_top_parser] [parser.py:209]     → design=WAKEUP_SELECT_TOP    corner=ff_1p16v_1p16v_n40c                 check=hold   wns=+1.059  status=MET
[2026-08-15 22:26:20] [DEBUG   ] [sta_top_parser] [parser.py:130]   Parsing: 03_SETUP_TT_25C_WAKEUP_SELECT_TOP.rpt
[2026-08-15 22:26:20] [DEBUG   ] [sta_top_parser] [parser.py:209]     → design=WAKEUP_SELECT_TOP    corner=tt_0p90v_0p90v_25c                  check=setup  wns=+1.076  status=MET
[2026-08-15 22:26:20] [DEBUG   ] [sta_top_parser] [parser.py:130]   Parsing: 04_HOLD_TT_25C_WAKEUP_SELECT_TOP.rpt
[2026-08-15 22:26:20] [DEBUG   ] [sta_top_parser] [parser.py:209]     → design=WAKEUP_SELECT_TOP    corner=tt_0p90v_0p90v_25c                  check=hold   wns=+1.074  status=MET
[2026-08-15 22:26:20] [DEBUG   ] [sta_top_parser] [parser.py:130]   Parsing: 05_SETUP_SS_M40C_WAKEUP_SELECT_TOP.rpt
[2026-08-15 22:26:20] [DEBUG   ] [sta_top_parser] [parser.py:209]     → design=WAKEUP_SELECT_TOP    corner=ss_0p72v_0p72v_n40c                 check=setup  wns=+1.098  status=MET
[2026-08-15 22:26:20] [DEBUG   ] [sta_top_parser] [parser.py:130]   Parsing: 06_HOLD_FF_125C_WAKEUP_SELECT_TOP.rpt
[2026-08-15 22:26:20] [DEBUG   ] [sta_top_parser] [parser.py:209]     → design=WAKEUP_SELECT_TOP    corner=ff_1p16v_1p16v_125c                 check=hold   wns=+1.046  status=MET
[2026-08-15 22:26:20] [DEBUG   ] [sta_top_parser] [parser.py:130]   Parsing: 07_SETUP_LVSS_125C_WAKEUP_SELECT_TOP.rpt
[2026-08-15 22:26:20] [DEBUG   ] [sta_top_parser] [parser.py:209]     → design=WAKEUP_SELECT_TOP    corner=ss_0p63v_0p63v_125c                 check=setup  wns=+1.104  status=MET
[2026-08-15 22:26:20] [DEBUG   ] [sta_top_parser] [parser.py:130]   Parsing: 08_CG_CHECK_TT_25C_WAKEUP_SELECT_TOP.rpt
[2026-08-15 22:26:20] [DEBUG   ] [sta_top_parser] [parser.py:209]     → design=WAKEUP_SELECT_TOP    corner=tt_0p90v_0p90v_25c                  check=setup  wns=+1.048  status=MET
[2026-08-15 22:26:20] [DEBUG   ] [sta_top_parser] [parser.py:130]   Parsing: 09_RECOVERY_SS_125C_WAKEUP_SELECT_TOP.rpt
[2026-08-15 22:26:20] [DEBUG   ] [sta_top_parser] [parser.py:209]     → design=WAKEUP_SELECT_TOP    corner=ss_0p72v_0p72v_125c                 check=setup  wns=+1.117  status=MET
[2026-08-15 22:26:20] [DEBUG   ] [sta_top_parser] [parser.py:130]   Parsing: 10_MULTICYCLE_TT_25C_WAKEUP_SELECT_TOP.rpt
[2026-08-15 22:26:20] [DEBUG   ] [sta_top_parser] [parser.py:209]     → design=WAKEUP_SELECT_TOP    corner=tt_0p90v_0p90v_25c                  check=setup  wns=+1.066  status=MET
[2026-08-15 22:26:20] [DEBUG   ] [sta_top_parser] [parser.py:130]   Parsing: WAKEUP_SELECT_TIMING.rpt
[2026-08-15 22:26:20] [DEBUG   ] [sta_top_parser] [parser.py:209]     → design=N/A                  corner=N/A                                 check=N/A    wns=+0.000  status=UNKNOWN
[2026-08-15 22:26:20] [INFO    ] [sta_top_parser] [parser.py:294]   Parsed 11 / 11 report(s) OK
[2026-08-15 22:26:20] [INFO    ] [sta_top_parser] [dump_log.py:246] Dump log    → D:\Certificates\PD_STA_REPORTS\ISSUE\WAKEUP_SELECT\WAKEUP_SELECT_TOP_dump.log
[2026-08-15 22:26:20] [INFO    ] [sta_top_parser] [json_writer.py:75] JSON dump   → D:\Certificates\PD_STA_REPORTS\ISSUE\WAKEUP_SELECT\WAKEUP_SELECT_TOP_summary.json
[2026-08-15 22:26:20] [INFO    ] [sta_top_parser] [html_writer.py:479] HTML report → D:\Certificates\PD_STA_REPORTS\ISSUE\WAKEUP_SELECT\WAKEUP_SELECT_TOP_report.html
[2026-08-15 22:26:20] [INFO    ] [sta_top_parser] [sta_top_parser.py:328] [39/57] Scanning: MEMORY\DCACHE
[2026-08-15 22:26:20] [INFO    ] [sta_top_parser] [parser.py:284]   Found 31 report file(s) in D:\Certificates\PD_STA_REPORTS\MEMORY\DCACHE
[2026-08-15 22:26:20] [DEBUG   ] [sta_top_parser] [parser.py:130]   Parsing: 01_SETUP_SS_125C_DCACHE_TOP.rpt
[2026-08-15 22:26:20] [DEBUG   ] [sta_top_parser] [parser.py:209]     → design=DCACHE_TOP           corner=ss_0p72v_0p72v_125c                 check=setup  wns=+1.143  status=MET
[2026-08-15 22:26:20] [DEBUG   ] [sta_top_parser] [parser.py:130]   Parsing: 02_HOLD_FF_N40C_DCACHE_TOP.rpt
[2026-08-15 22:26:20] [DEBUG   ] [sta_top_parser] [parser.py:209]     → design=DCACHE_TOP           corner=ff_1p16v_1p16v_n40c                 check=hold   wns=+1.068  status=MET
[2026-08-15 22:26:20] [DEBUG   ] [sta_top_parser] [parser.py:130]   Parsing: 03_SETUP_TT_25C_DCACHE_TOP.rpt
[2026-08-15 22:26:20] [DEBUG   ] [sta_top_parser] [parser.py:209]     → design=DCACHE_TOP           corner=tt_0p90v_0p90v_25c                  check=setup  wns=+1.055  status=MET
[2026-08-15 22:26:20] [DEBUG   ] [sta_top_parser] [parser.py:130]   Parsing: 04_HOLD_TT_25C_DCACHE_TOP.rpt
[2026-08-15 22:26:20] [DEBUG   ] [sta_top_parser] [parser.py:209]     → design=DCACHE_TOP           corner=tt_0p90v_0p90v_25c                  check=hold   wns=+1.121  status=MET
[2026-08-15 22:26:20] [DEBUG   ] [sta_top_parser] [parser.py:130]   Parsing: 05_SETUP_SS_M40C_DCACHE_TOP.rpt
[2026-08-15 22:26:20] [DEBUG   ] [sta_top_parser] [parser.py:209]     → design=DCACHE_TOP           corner=ss_0p72v_0p72v_n40c                 check=setup  wns=+1.101  status=MET
[2026-08-15 22:26:20] [DEBUG   ] [sta_top_parser] [parser.py:130]   Parsing: 06_HOLD_FF_125C_DCACHE_TOP.rpt
[2026-08-15 22:26:20] [DEBUG   ] [sta_top_parser] [parser.py:209]     → design=DCACHE_TOP           corner=ff_1p16v_1p16v_125c                 check=hold   wns=+1.129  status=MET
[2026-08-15 22:26:20] [DEBUG   ] [sta_top_parser] [parser.py:130]   Parsing: 07_SETUP_LVSS_125C_DCACHE_TOP.rpt
[2026-08-15 22:26:20] [DEBUG   ] [sta_top_parser] [parser.py:209]     → design=DCACHE_TOP           corner=ss_0p63v_0p63v_125c                 check=setup  wns=+1.130  status=MET
[2026-08-15 22:26:20] [DEBUG   ] [sta_top_parser] [parser.py:130]   Parsing: 08_CG_CHECK_TT_25C_DCACHE_TOP.rpt
[2026-08-15 22:26:20] [DEBUG   ] [sta_top_parser] [parser.py:209]     → design=DCACHE_TOP           corner=tt_0p90v_0p90v_25c                  check=setup  wns=+1.079  status=MET
[2026-08-15 22:26:20] [DEBUG   ] [sta_top_parser] [parser.py:130]   Parsing: 09_RECOVERY_SS_125C_DCACHE_TOP.rpt
[2026-08-15 22:26:20] [DEBUG   ] [sta_top_parser] [parser.py:209]     → design=DCACHE_TOP           corner=ss_0p72v_0p72v_125c                 check=setup  wns=+1.110  status=MET
[2026-08-15 22:26:20] [DEBUG   ] [sta_top_parser] [parser.py:130]   Parsing: 10_MULTICYCLE_TT_25C_DCACHE_TOP.rpt
[2026-08-15 22:26:20] [DEBUG   ] [sta_top_parser] [parser.py:209]     → design=DCACHE_TOP           corner=tt_0p90v_0p90v_25c                  check=setup  wns=+1.139  status=MET
[2026-08-15 22:26:20] [DEBUG   ] [sta_top_parser] [parser.py:130]   Parsing: 11_SETUP_SS_125C_OCV_DCACHE_TOP.rpt
[2026-08-15 22:26:20] [DEBUG   ] [sta_top_parser] [parser.py:209]     → design=DCACHE_TOP           corner=ss_0p72v_0p72v_125c                 check=setup  wns=+1.096  status=MET
[2026-08-15 22:26:20] [DEBUG   ] [sta_top_parser] [parser.py:130]   Parsing: 12_HOLD_FF_N40C_OCV_DCACHE_TOP.rpt
[2026-08-15 22:26:20] [DEBUG   ] [sta_top_parser] [parser.py:209]     → design=DCACHE_TOP           corner=ff_1p16v_1p16v_n40c                 check=hold   wns=+1.126  status=MET
[2026-08-15 22:26:20] [DEBUG   ] [sta_top_parser] [parser.py:130]   Parsing: 13_SETUP_SS_125C_POCV_DCACHE_TOP.rpt
[2026-08-15 22:26:20] [DEBUG   ] [sta_top_parser] [parser.py:209]     → design=DCACHE_TOP           corner=ss_0p72v_0p72v_125c                 check=setup  wns=+1.108  status=MET
[2026-08-15 22:26:20] [DEBUG   ] [sta_top_parser] [parser.py:130]   Parsing: 14_HOLD_FF_N40C_POCV_DCACHE_TOP.rpt
[2026-08-15 22:26:20] [DEBUG   ] [sta_top_parser] [parser.py:209]     → design=DCACHE_TOP           corner=ff_1p16v_1p16v_n40c                 check=hold   wns=+1.101  status=MET
[2026-08-15 22:26:20] [DEBUG   ] [sta_top_parser] [parser.py:130]   Parsing: 15_SETUP_TT_85C_DCACHE_TOP.rpt
[2026-08-15 22:26:20] [DEBUG   ] [sta_top_parser] [parser.py:209]     → design=DCACHE_TOP           corner=tt_0p90v_0p90v_85c                  check=setup  wns=+1.143  status=MET
[2026-08-15 22:26:20] [DEBUG   ] [sta_top_parser] [parser.py:130]   Parsing: 16_HOLD_TT_85C_DCACHE_TOP.rpt
[2026-08-15 22:26:20] [DEBUG   ] [sta_top_parser] [parser.py:209]     → design=DCACHE_TOP           corner=tt_0p90v_0p90v_85c                  check=hold   wns=+1.090  status=MET
[2026-08-15 22:26:20] [DEBUG   ] [sta_top_parser] [parser.py:130]   Parsing: 17_SETUP_FF_125C_DCACHE_TOP.rpt
[2026-08-15 22:26:20] [DEBUG   ] [sta_top_parser] [parser.py:209]     → design=DCACHE_TOP           corner=ff_1p16v_1p16v_125c                 check=setup  wns=+1.067  status=MET
[2026-08-15 22:26:20] [DEBUG   ] [sta_top_parser] [parser.py:130]   Parsing: 18_HOLD_SS_125C_DCACHE_TOP.rpt
[2026-08-15 22:26:20] [DEBUG   ] [sta_top_parser] [parser.py:209]     → design=DCACHE_TOP           corner=ss_0p72v_0p72v_125c                 check=hold   wns=+1.039  status=MET
[2026-08-15 22:26:20] [DEBUG   ] [sta_top_parser] [parser.py:130]   Parsing: 19_SETUP_LVSS_N40C_DCACHE_TOP.rpt
[2026-08-15 22:26:20] [DEBUG   ] [sta_top_parser] [parser.py:209]     → design=DCACHE_TOP           corner=ss_0p63v_0p63v_n40c                 check=setup  wns=+1.101  status=MET
[2026-08-15 22:26:20] [DEBUG   ] [sta_top_parser] [parser.py:130]   Parsing: 20_HOLD_LVFF_N40C_DCACHE_TOP.rpt
[2026-08-15 22:26:20] [DEBUG   ] [sta_top_parser] [parser.py:209]     → design=DCACHE_TOP           corner=ff_1p32v_1p32v_n40c                 check=hold   wns=+1.121  status=MET
[2026-08-15 22:26:20] [DEBUG   ] [sta_top_parser] [parser.py:130]   Parsing: 21_CG_CHECK_SS_125C_DCACHE_TOP.rpt
[2026-08-15 22:26:20] [DEBUG   ] [sta_top_parser] [parser.py:209]     → design=DCACHE_TOP           corner=ss_0p72v_0p72v_125c                 check=setup  wns=+1.107  status=MET
[2026-08-15 22:26:20] [DEBUG   ] [sta_top_parser] [parser.py:130]   Parsing: 22_RECOVERY_TT_25C_DCACHE_TOP.rpt
[2026-08-15 22:26:20] [DEBUG   ] [sta_top_parser] [parser.py:209]     → design=DCACHE_TOP           corner=tt_0p90v_0p90v_25c                  check=setup  wns=+1.078  status=MET
[2026-08-15 22:26:20] [DEBUG   ] [sta_top_parser] [parser.py:130]   Parsing: 23_MULTICYCLE_SS_125C_DCACHE_TOP.rpt
[2026-08-15 22:26:20] [DEBUG   ] [sta_top_parser] [parser.py:209]     → design=DCACHE_TOP           corner=ss_0p72v_0p72v_125c                 check=setup  wns=+1.106  status=MET
[2026-08-15 22:26:20] [DEBUG   ] [sta_top_parser] [parser.py:130]   Parsing: 24_SETUP_TT_25C_ECO_DCACHE_TOP.rpt
[2026-08-15 22:26:20] [DEBUG   ] [sta_top_parser] [parser.py:209]     → design=DCACHE_TOP           corner=tt_0p90v_0p90v_25c                  check=setup  wns=+1.084  status=MET
[2026-08-15 22:26:20] [DEBUG   ] [sta_top_parser] [parser.py:130]   Parsing: 25_HOLD_TT_25C_ECO_DCACHE_TOP.rpt
[2026-08-15 22:26:20] [DEBUG   ] [sta_top_parser] [parser.py:209]     → design=DCACHE_TOP           corner=tt_0p90v_0p90v_25c                  check=hold   wns=+1.147  status=MET
[2026-08-15 22:26:20] [DEBUG   ] [sta_top_parser] [parser.py:130]   Parsing: 26_SETUP_SS_125C_SI_DCACHE_TOP.rpt
[2026-08-15 22:26:20] [DEBUG   ] [sta_top_parser] [parser.py:209]     → design=DCACHE_TOP           corner=ss_0p72v_0p72v_125c                 check=setup  wns=+1.095  status=MET
[2026-08-15 22:26:20] [DEBUG   ] [sta_top_parser] [parser.py:130]   Parsing: 27_HOLD_FF_N40C_SI_DCACHE_TOP.rpt
[2026-08-15 22:26:20] [DEBUG   ] [sta_top_parser] [parser.py:209]     → design=DCACHE_TOP           corner=ff_1p16v_1p16v_n40c                 check=hold   wns=+1.073  status=MET
[2026-08-15 22:26:20] [DEBUG   ] [sta_top_parser] [parser.py:130]   Parsing: 28_SETUP_SS_125C_FINAL_DCACHE_TOP.rpt
[2026-08-15 22:26:20] [DEBUG   ] [sta_top_parser] [parser.py:209]     → design=DCACHE_TOP           corner=ss_0p72v_0p72v_125c                 check=setup  wns=+1.083  status=MET
[2026-08-15 22:26:20] [DEBUG   ] [sta_top_parser] [parser.py:130]   Parsing: 29_HOLD_FF_N40C_FINAL_DCACHE_TOP.rpt
[2026-08-15 22:26:20] [DEBUG   ] [sta_top_parser] [parser.py:209]     → design=DCACHE_TOP           corner=ff_1p16v_1p16v_n40c                 check=hold   wns=+1.058  status=MET
[2026-08-15 22:26:20] [DEBUG   ] [sta_top_parser] [parser.py:130]   Parsing: 30_SETUP_TT_25C_FINAL_DCACHE_TOP.rpt
[2026-08-15 22:26:20] [DEBUG   ] [sta_top_parser] [parser.py:209]     → design=DCACHE_TOP           corner=tt_0p90v_0p90v_25c                  check=setup  wns=+1.136  status=MET
[2026-08-15 22:26:20] [DEBUG   ] [sta_top_parser] [parser.py:130]   Parsing: DCACHE_TIMING.rpt
[2026-08-15 22:26:20] [DEBUG   ] [sta_top_parser] [parser.py:209]     → design=N/A                  corner=N/A                                 check=N/A    wns=+0.000  status=UNKNOWN
[2026-08-15 22:26:20] [INFO    ] [sta_top_parser] [parser.py:294]   Parsed 31 / 31 report(s) OK
[2026-08-15 22:26:20] [INFO    ] [sta_top_parser] [dump_log.py:246] Dump log    → D:\Certificates\PD_STA_REPORTS\MEMORY\DCACHE\DCACHE_TOP_dump.log
[2026-08-15 22:26:20] [INFO    ] [sta_top_parser] [json_writer.py:75] JSON dump   → D:\Certificates\PD_STA_REPORTS\MEMORY\DCACHE\DCACHE_TOP_summary.json
[2026-08-15 22:26:20] [INFO    ] [sta_top_parser] [html_writer.py:479] HTML report → D:\Certificates\PD_STA_REPORTS\MEMORY\DCACHE\DCACHE_TOP_report.html
[2026-08-15 22:26:20] [INFO    ] [sta_top_parser] [sta_top_parser.py:328] [40/57] Scanning: MEMORY\DTLB
[2026-08-15 22:26:20] [INFO    ] [sta_top_parser] [parser.py:284]   Found 31 report file(s) in D:\Certificates\PD_STA_REPORTS\MEMORY\DTLB
[2026-08-15 22:26:20] [DEBUG   ] [sta_top_parser] [parser.py:130]   Parsing: 01_SETUP_SS_125C_DTLB_TOP.rpt
[2026-08-15 22:26:20] [DEBUG   ] [sta_top_parser] [parser.py:209]     → design=DTLB_TOP             corner=ss_0p72v_0p72v_125c                 check=setup  wns=+1.110  status=MET
[2026-08-15 22:26:20] [DEBUG   ] [sta_top_parser] [parser.py:130]   Parsing: 02_HOLD_FF_N40C_DTLB_TOP.rpt
[2026-08-15 22:26:20] [DEBUG   ] [sta_top_parser] [parser.py:209]     → design=DTLB_TOP             corner=ff_1p16v_1p16v_n40c                 check=hold   wns=+1.100  status=MET
[2026-08-15 22:26:20] [DEBUG   ] [sta_top_parser] [parser.py:130]   Parsing: 03_SETUP_TT_25C_DTLB_TOP.rpt
[2026-08-15 22:26:20] [DEBUG   ] [sta_top_parser] [parser.py:209]     → design=DTLB_TOP             corner=tt_0p90v_0p90v_25c                  check=setup  wns=+1.176  status=MET
[2026-08-15 22:26:20] [DEBUG   ] [sta_top_parser] [parser.py:130]   Parsing: 04_HOLD_TT_25C_DTLB_TOP.rpt
[2026-08-15 22:26:20] [DEBUG   ] [sta_top_parser] [parser.py:209]     → design=DTLB_TOP             corner=tt_0p90v_0p90v_25c                  check=hold   wns=+1.149  status=MET
[2026-08-15 22:26:20] [DEBUG   ] [sta_top_parser] [parser.py:130]   Parsing: 05_SETUP_SS_M40C_DTLB_TOP.rpt
[2026-08-15 22:26:20] [DEBUG   ] [sta_top_parser] [parser.py:209]     → design=DTLB_TOP             corner=ss_0p72v_0p72v_n40c                 check=setup  wns=+1.113  status=MET
[2026-08-15 22:26:20] [DEBUG   ] [sta_top_parser] [parser.py:130]   Parsing: 06_HOLD_FF_125C_DTLB_TOP.rpt
[2026-08-15 22:26:20] [DEBUG   ] [sta_top_parser] [parser.py:209]     → design=DTLB_TOP             corner=ff_1p16v_1p16v_125c                 check=hold   wns=+1.181  status=MET
[2026-08-15 22:26:20] [DEBUG   ] [sta_top_parser] [parser.py:130]   Parsing: 07_SETUP_LVSS_125C_DTLB_TOP.rpt
[2026-08-15 22:26:20] [DEBUG   ] [sta_top_parser] [parser.py:209]     → design=DTLB_TOP             corner=ss_0p63v_0p63v_125c                 check=setup  wns=+1.146  status=MET
[2026-08-15 22:26:20] [DEBUG   ] [sta_top_parser] [parser.py:130]   Parsing: 08_CG_CHECK_TT_25C_DTLB_TOP.rpt
[2026-08-15 22:26:20] [DEBUG   ] [sta_top_parser] [parser.py:209]     → design=DTLB_TOP             corner=tt_0p90v_0p90v_25c                  check=setup  wns=+1.110  status=MET
[2026-08-15 22:26:20] [DEBUG   ] [sta_top_parser] [parser.py:130]   Parsing: 09_RECOVERY_SS_125C_DTLB_TOP.rpt
[2026-08-15 22:26:20] [DEBUG   ] [sta_top_parser] [parser.py:209]     → design=DTLB_TOP             corner=ss_0p72v_0p72v_125c                 check=setup  wns=+1.131  status=MET
[2026-08-15 22:26:20] [DEBUG   ] [sta_top_parser] [parser.py:130]   Parsing: 10_MULTICYCLE_TT_25C_DTLB_TOP.rpt
[2026-08-15 22:26:20] [DEBUG   ] [sta_top_parser] [parser.py:209]     → design=DTLB_TOP             corner=tt_0p90v_0p90v_25c                  check=setup  wns=+1.076  status=MET
[2026-08-15 22:26:20] [DEBUG   ] [sta_top_parser] [parser.py:130]   Parsing: 11_SETUP_SS_125C_OCV_DTLB_TOP.rpt
[2026-08-15 22:26:20] [DEBUG   ] [sta_top_parser] [parser.py:209]     → design=DTLB_TOP             corner=ss_0p72v_0p72v_125c                 check=setup  wns=+1.144  status=MET
[2026-08-15 22:26:20] [DEBUG   ] [sta_top_parser] [parser.py:130]   Parsing: 12_HOLD_FF_N40C_OCV_DTLB_TOP.rpt
[2026-08-15 22:26:20] [DEBUG   ] [sta_top_parser] [parser.py:209]     → design=DTLB_TOP             corner=ff_1p16v_1p16v_n40c                 check=hold   wns=+1.086  status=MET
[2026-08-15 22:26:20] [DEBUG   ] [sta_top_parser] [parser.py:130]   Parsing: 13_SETUP_SS_125C_POCV_DTLB_TOP.rpt
[2026-08-15 22:26:20] [DEBUG   ] [sta_top_parser] [parser.py:209]     → design=DTLB_TOP             corner=ss_0p72v_0p72v_125c                 check=setup  wns=+1.100  status=MET
[2026-08-15 22:26:20] [DEBUG   ] [sta_top_parser] [parser.py:130]   Parsing: 14_HOLD_FF_N40C_POCV_DTLB_TOP.rpt
[2026-08-15 22:26:20] [DEBUG   ] [sta_top_parser] [parser.py:209]     → design=DTLB_TOP             corner=ff_1p16v_1p16v_n40c                 check=hold   wns=+1.118  status=MET
[2026-08-15 22:26:20] [DEBUG   ] [sta_top_parser] [parser.py:130]   Parsing: 15_SETUP_TT_85C_DTLB_TOP.rpt
[2026-08-15 22:26:20] [DEBUG   ] [sta_top_parser] [parser.py:209]     → design=DTLB_TOP             corner=tt_0p90v_0p90v_85c                  check=setup  wns=+1.126  status=MET
[2026-08-15 22:26:20] [DEBUG   ] [sta_top_parser] [parser.py:130]   Parsing: 16_HOLD_TT_85C_DTLB_TOP.rpt
[2026-08-15 22:26:20] [DEBUG   ] [sta_top_parser] [parser.py:209]     → design=DTLB_TOP             corner=tt_0p90v_0p90v_85c                  check=hold   wns=+1.086  status=MET
[2026-08-15 22:26:20] [DEBUG   ] [sta_top_parser] [parser.py:130]   Parsing: 17_SETUP_FF_125C_DTLB_TOP.rpt
[2026-08-15 22:26:20] [DEBUG   ] [sta_top_parser] [parser.py:209]     → design=DTLB_TOP             corner=ff_1p16v_1p16v_125c                 check=setup  wns=+1.090  status=MET
[2026-08-15 22:26:20] [DEBUG   ] [sta_top_parser] [parser.py:130]   Parsing: 18_HOLD_SS_125C_DTLB_TOP.rpt
[2026-08-15 22:26:20] [DEBUG   ] [sta_top_parser] [parser.py:209]     → design=DTLB_TOP             corner=ss_0p72v_0p72v_125c                 check=hold   wns=+1.060  status=MET
[2026-08-15 22:26:20] [DEBUG   ] [sta_top_parser] [parser.py:130]   Parsing: 19_SETUP_LVSS_N40C_DTLB_TOP.rpt
[2026-08-15 22:26:20] [DEBUG   ] [sta_top_parser] [parser.py:209]     → design=DTLB_TOP             corner=ss_0p63v_0p63v_n40c                 check=setup  wns=+1.134  status=MET
[2026-08-15 22:26:20] [DEBUG   ] [sta_top_parser] [parser.py:130]   Parsing: 20_HOLD_LVFF_N40C_DTLB_TOP.rpt
[2026-08-15 22:26:20] [DEBUG   ] [sta_top_parser] [parser.py:209]     → design=DTLB_TOP             corner=ff_1p32v_1p32v_n40c                 check=hold   wns=+1.087  status=MET
[2026-08-15 22:26:20] [DEBUG   ] [sta_top_parser] [parser.py:130]   Parsing: 21_CG_CHECK_SS_125C_DTLB_TOP.rpt
[2026-08-15 22:26:20] [DEBUG   ] [sta_top_parser] [parser.py:209]     → design=DTLB_TOP             corner=ss_0p72v_0p72v_125c                 check=setup  wns=+1.065  status=MET
[2026-08-15 22:26:20] [DEBUG   ] [sta_top_parser] [parser.py:130]   Parsing: 22_RECOVERY_TT_25C_DTLB_TOP.rpt
[2026-08-15 22:26:20] [DEBUG   ] [sta_top_parser] [parser.py:209]     → design=DTLB_TOP             corner=tt_0p90v_0p90v_25c                  check=setup  wns=+1.125  status=MET
[2026-08-15 22:26:20] [DEBUG   ] [sta_top_parser] [parser.py:130]   Parsing: 23_MULTICYCLE_SS_125C_DTLB_TOP.rpt
[2026-08-15 22:26:20] [DEBUG   ] [sta_top_parser] [parser.py:209]     → design=DTLB_TOP             corner=ss_0p72v_0p72v_125c                 check=setup  wns=+1.127  status=MET
[2026-08-15 22:26:20] [DEBUG   ] [sta_top_parser] [parser.py:130]   Parsing: 24_SETUP_TT_25C_ECO_DTLB_TOP.rpt
[2026-08-15 22:26:20] [DEBUG   ] [sta_top_parser] [parser.py:209]     → design=DTLB_TOP             corner=tt_0p90v_0p90v_25c                  check=setup  wns=+1.075  status=MET
[2026-08-15 22:26:20] [DEBUG   ] [sta_top_parser] [parser.py:130]   Parsing: 25_HOLD_TT_25C_ECO_DTLB_TOP.rpt
[2026-08-15 22:26:20] [DEBUG   ] [sta_top_parser] [parser.py:209]     → design=DTLB_TOP             corner=tt_0p90v_0p90v_25c                  check=hold   wns=+1.064  status=MET
[2026-08-15 22:26:20] [DEBUG   ] [sta_top_parser] [parser.py:130]   Parsing: 26_SETUP_SS_125C_SI_DTLB_TOP.rpt
[2026-08-15 22:26:20] [DEBUG   ] [sta_top_parser] [parser.py:209]     → design=DTLB_TOP             corner=ss_0p72v_0p72v_125c                 check=setup  wns=+1.115  status=MET
[2026-08-15 22:26:20] [DEBUG   ] [sta_top_parser] [parser.py:130]   Parsing: 27_HOLD_FF_N40C_SI_DTLB_TOP.rpt
[2026-08-15 22:26:20] [DEBUG   ] [sta_top_parser] [parser.py:209]     → design=DTLB_TOP             corner=ff_1p16v_1p16v_n40c                 check=hold   wns=+1.125  status=MET
[2026-08-15 22:26:20] [DEBUG   ] [sta_top_parser] [parser.py:130]   Parsing: 28_SETUP_SS_125C_FINAL_DTLB_TOP.rpt
[2026-08-15 22:26:20] [DEBUG   ] [sta_top_parser] [parser.py:209]     → design=DTLB_TOP             corner=ss_0p72v_0p72v_125c                 check=setup  wns=+1.118  status=MET
[2026-08-15 22:26:20] [DEBUG   ] [sta_top_parser] [parser.py:130]   Parsing: 29_HOLD_FF_N40C_FINAL_DTLB_TOP.rpt
[2026-08-15 22:26:20] [DEBUG   ] [sta_top_parser] [parser.py:209]     → design=DTLB_TOP             corner=ff_1p16v_1p16v_n40c                 check=hold   wns=+1.106  status=MET
[2026-08-15 22:26:20] [DEBUG   ] [sta_top_parser] [parser.py:130]   Parsing: 30_SETUP_TT_25C_FINAL_DTLB_TOP.rpt
[2026-08-15 22:26:20] [DEBUG   ] [sta_top_parser] [parser.py:209]     → design=DTLB_TOP             corner=tt_0p90v_0p90v_25c                  check=setup  wns=+1.100  status=MET
[2026-08-15 22:26:20] [DEBUG   ] [sta_top_parser] [parser.py:130]   Parsing: DTLB_TIMING.rpt
[2026-08-15 22:26:20] [DEBUG   ] [sta_top_parser] [parser.py:209]     → design=N/A                  corner=N/A                                 check=N/A    wns=+0.000  status=UNKNOWN
[2026-08-15 22:26:20] [INFO    ] [sta_top_parser] [parser.py:294]   Parsed 31 / 31 report(s) OK
[2026-08-15 22:26:20] [INFO    ] [sta_top_parser] [dump_log.py:246] Dump log    → D:\Certificates\PD_STA_REPORTS\MEMORY\DTLB\DTLB_TOP_dump.log
[2026-08-15 22:26:20] [INFO    ] [sta_top_parser] [json_writer.py:75] JSON dump   → D:\Certificates\PD_STA_REPORTS\MEMORY\DTLB\DTLB_TOP_summary.json
[2026-08-15 22:26:20] [INFO    ] [sta_top_parser] [html_writer.py:479] HTML report → D:\Certificates\PD_STA_REPORTS\MEMORY\DTLB\DTLB_TOP_report.html
[2026-08-15 22:26:20] [INFO    ] [sta_top_parser] [sta_top_parser.py:328] [41/57] Scanning: MEMORY\LDQ
[2026-08-15 22:26:20] [INFO    ] [sta_top_parser] [parser.py:284]   Found 31 report file(s) in D:\Certificates\PD_STA_REPORTS\MEMORY\LDQ
[2026-08-15 22:26:20] [DEBUG   ] [sta_top_parser] [parser.py:130]   Parsing: 01_SETUP_SS_125C_LDQ_TOP.rpt
[2026-08-15 22:26:20] [DEBUG   ] [sta_top_parser] [parser.py:209]     → design=LDQ_TOP              corner=ss_0p72v_0p72v_125c                 check=setup  wns=+1.157  status=MET
[2026-08-15 22:26:20] [DEBUG   ] [sta_top_parser] [parser.py:130]   Parsing: 02_HOLD_FF_N40C_LDQ_TOP.rpt
[2026-08-15 22:26:20] [DEBUG   ] [sta_top_parser] [parser.py:209]     → design=LDQ_TOP              corner=ff_1p16v_1p16v_n40c                 check=hold   wns=+1.120  status=MET
[2026-08-15 22:26:20] [DEBUG   ] [sta_top_parser] [parser.py:130]   Parsing: 03_SETUP_TT_25C_LDQ_TOP.rpt
[2026-08-15 22:26:20] [DEBUG   ] [sta_top_parser] [parser.py:209]     → design=LDQ_TOP              corner=tt_0p90v_0p90v_25c                  check=setup  wns=+1.095  status=MET
[2026-08-15 22:26:20] [DEBUG   ] [sta_top_parser] [parser.py:130]   Parsing: 04_HOLD_TT_25C_LDQ_TOP.rpt
[2026-08-15 22:26:20] [DEBUG   ] [sta_top_parser] [parser.py:209]     → design=LDQ_TOP              corner=tt_0p90v_0p90v_25c                  check=hold   wns=+1.113  status=MET
[2026-08-15 22:26:20] [DEBUG   ] [sta_top_parser] [parser.py:130]   Parsing: 05_SETUP_SS_M40C_LDQ_TOP.rpt
[2026-08-15 22:26:20] [DEBUG   ] [sta_top_parser] [parser.py:209]     → design=LDQ_TOP              corner=ss_0p72v_0p72v_n40c                 check=setup  wns=+1.088  status=MET
[2026-08-15 22:26:20] [DEBUG   ] [sta_top_parser] [parser.py:130]   Parsing: 06_HOLD_FF_125C_LDQ_TOP.rpt
[2026-08-15 22:26:20] [DEBUG   ] [sta_top_parser] [parser.py:209]     → design=LDQ_TOP              corner=ff_1p16v_1p16v_125c                 check=hold   wns=+1.124  status=MET
[2026-08-15 22:26:20] [DEBUG   ] [sta_top_parser] [parser.py:130]   Parsing: 07_SETUP_LVSS_125C_LDQ_TOP.rpt
[2026-08-15 22:26:20] [DEBUG   ] [sta_top_parser] [parser.py:209]     → design=LDQ_TOP              corner=ss_0p63v_0p63v_125c                 check=setup  wns=+1.100  status=MET
[2026-08-15 22:26:20] [DEBUG   ] [sta_top_parser] [parser.py:130]   Parsing: 08_CG_CHECK_TT_25C_LDQ_TOP.rpt
[2026-08-15 22:26:20] [DEBUG   ] [sta_top_parser] [parser.py:209]     → design=LDQ_TOP              corner=tt_0p90v_0p90v_25c                  check=setup  wns=+1.152  status=MET
[2026-08-15 22:26:20] [DEBUG   ] [sta_top_parser] [parser.py:130]   Parsing: 09_RECOVERY_SS_125C_LDQ_TOP.rpt
[2026-08-15 22:26:20] [DEBUG   ] [sta_top_parser] [parser.py:209]     → design=LDQ_TOP              corner=ss_0p72v_0p72v_125c                 check=setup  wns=+1.015  status=MET
[2026-08-15 22:26:20] [DEBUG   ] [sta_top_parser] [parser.py:130]   Parsing: 10_MULTICYCLE_TT_25C_LDQ_TOP.rpt
[2026-08-15 22:26:20] [DEBUG   ] [sta_top_parser] [parser.py:209]     → design=LDQ_TOP              corner=tt_0p90v_0p90v_25c                  check=setup  wns=+1.080  status=MET
[2026-08-15 22:26:20] [DEBUG   ] [sta_top_parser] [parser.py:130]   Parsing: 11_SETUP_SS_125C_OCV_LDQ_TOP.rpt
[2026-08-15 22:26:20] [DEBUG   ] [sta_top_parser] [parser.py:209]     → design=LDQ_TOP              corner=ss_0p72v_0p72v_125c                 check=setup  wns=+1.042  status=MET
[2026-08-15 22:26:20] [DEBUG   ] [sta_top_parser] [parser.py:130]   Parsing: 12_HOLD_FF_N40C_OCV_LDQ_TOP.rpt
[2026-08-15 22:26:20] [DEBUG   ] [sta_top_parser] [parser.py:209]     → design=LDQ_TOP              corner=ff_1p16v_1p16v_n40c                 check=hold   wns=+1.147  status=MET
[2026-08-15 22:26:20] [DEBUG   ] [sta_top_parser] [parser.py:130]   Parsing: 13_SETUP_SS_125C_POCV_LDQ_TOP.rpt
[2026-08-15 22:26:20] [DEBUG   ] [sta_top_parser] [parser.py:209]     → design=LDQ_TOP              corner=ss_0p72v_0p72v_125c                 check=setup  wns=+1.078  status=MET
[2026-08-15 22:26:20] [DEBUG   ] [sta_top_parser] [parser.py:130]   Parsing: 14_HOLD_FF_N40C_POCV_LDQ_TOP.rpt
[2026-08-15 22:26:20] [DEBUG   ] [sta_top_parser] [parser.py:209]     → design=LDQ_TOP              corner=ff_1p16v_1p16v_n40c                 check=hold   wns=+1.017  status=MET
[2026-08-15 22:26:20] [DEBUG   ] [sta_top_parser] [parser.py:130]   Parsing: 15_SETUP_TT_85C_LDQ_TOP.rpt
[2026-08-15 22:26:20] [DEBUG   ] [sta_top_parser] [parser.py:209]     → design=LDQ_TOP              corner=tt_0p90v_0p90v_85c                  check=setup  wns=+1.142  status=MET
[2026-08-15 22:26:20] [DEBUG   ] [sta_top_parser] [parser.py:130]   Parsing: 16_HOLD_TT_85C_LDQ_TOP.rpt
[2026-08-15 22:26:20] [DEBUG   ] [sta_top_parser] [parser.py:209]     → design=LDQ_TOP              corner=tt_0p90v_0p90v_85c                  check=hold   wns=+1.128  status=MET
[2026-08-15 22:26:20] [DEBUG   ] [sta_top_parser] [parser.py:130]   Parsing: 17_SETUP_FF_125C_LDQ_TOP.rpt
[2026-08-15 22:26:20] [DEBUG   ] [sta_top_parser] [parser.py:209]     → design=LDQ_TOP              corner=ff_1p16v_1p16v_125c                 check=setup  wns=+1.139  status=MET
[2026-08-15 22:26:20] [DEBUG   ] [sta_top_parser] [parser.py:130]   Parsing: 18_HOLD_SS_125C_LDQ_TOP.rpt
[2026-08-15 22:26:20] [DEBUG   ] [sta_top_parser] [parser.py:209]     → design=LDQ_TOP              corner=ss_0p72v_0p72v_125c                 check=hold   wns=+1.068  status=MET
[2026-08-15 22:26:20] [DEBUG   ] [sta_top_parser] [parser.py:130]   Parsing: 19_SETUP_LVSS_N40C_LDQ_TOP.rpt
[2026-08-15 22:26:20] [DEBUG   ] [sta_top_parser] [parser.py:209]     → design=LDQ_TOP              corner=ss_0p63v_0p63v_n40c                 check=setup  wns=+1.149  status=MET
[2026-08-15 22:26:20] [DEBUG   ] [sta_top_parser] [parser.py:130]   Parsing: 20_HOLD_LVFF_N40C_LDQ_TOP.rpt
[2026-08-15 22:26:20] [DEBUG   ] [sta_top_parser] [parser.py:209]     → design=LDQ_TOP              corner=ff_1p32v_1p32v_n40c                 check=hold   wns=+1.134  status=MET
[2026-08-15 22:26:20] [DEBUG   ] [sta_top_parser] [parser.py:130]   Parsing: 21_CG_CHECK_SS_125C_LDQ_TOP.rpt
[2026-08-15 22:26:20] [DEBUG   ] [sta_top_parser] [parser.py:209]     → design=LDQ_TOP              corner=ss_0p72v_0p72v_125c                 check=setup  wns=+1.130  status=MET
[2026-08-15 22:26:20] [DEBUG   ] [sta_top_parser] [parser.py:130]   Parsing: 22_RECOVERY_TT_25C_LDQ_TOP.rpt
[2026-08-15 22:26:20] [DEBUG   ] [sta_top_parser] [parser.py:209]     → design=LDQ_TOP              corner=tt_0p90v_0p90v_25c                  check=setup  wns=+1.093  status=MET
[2026-08-15 22:26:20] [DEBUG   ] [sta_top_parser] [parser.py:130]   Parsing: 23_MULTICYCLE_SS_125C_LDQ_TOP.rpt
[2026-08-15 22:26:20] [DEBUG   ] [sta_top_parser] [parser.py:209]     → design=LDQ_TOP              corner=ss_0p72v_0p72v_125c                 check=setup  wns=+1.077  status=MET
[2026-08-15 22:26:20] [DEBUG   ] [sta_top_parser] [parser.py:130]   Parsing: 24_SETUP_TT_25C_ECO_LDQ_TOP.rpt
[2026-08-15 22:26:20] [DEBUG   ] [sta_top_parser] [parser.py:209]     → design=LDQ_TOP              corner=tt_0p90v_0p90v_25c                  check=setup  wns=+1.044  status=MET
[2026-08-15 22:26:20] [DEBUG   ] [sta_top_parser] [parser.py:130]   Parsing: 25_HOLD_TT_25C_ECO_LDQ_TOP.rpt
[2026-08-15 22:26:20] [DEBUG   ] [sta_top_parser] [parser.py:209]     → design=LDQ_TOP              corner=tt_0p90v_0p90v_25c                  check=hold   wns=+1.113  status=MET
[2026-08-15 22:26:20] [DEBUG   ] [sta_top_parser] [parser.py:130]   Parsing: 26_SETUP_SS_125C_SI_LDQ_TOP.rpt
[2026-08-15 22:26:20] [DEBUG   ] [sta_top_parser] [parser.py:209]     → design=LDQ_TOP              corner=ss_0p72v_0p72v_125c                 check=setup  wns=+1.105  status=MET
[2026-08-15 22:26:20] [DEBUG   ] [sta_top_parser] [parser.py:130]   Parsing: 27_HOLD_FF_N40C_SI_LDQ_TOP.rpt
[2026-08-15 22:26:20] [DEBUG   ] [sta_top_parser] [parser.py:209]     → design=LDQ_TOP              corner=ff_1p16v_1p16v_n40c                 check=hold   wns=+1.129  status=MET
[2026-08-15 22:26:20] [DEBUG   ] [sta_top_parser] [parser.py:130]   Parsing: 28_SETUP_SS_125C_FINAL_LDQ_TOP.rpt
[2026-08-15 22:26:20] [DEBUG   ] [sta_top_parser] [parser.py:209]     → design=LDQ_TOP              corner=ss_0p72v_0p72v_125c                 check=setup  wns=+1.061  status=MET
[2026-08-15 22:26:20] [DEBUG   ] [sta_top_parser] [parser.py:130]   Parsing: 29_HOLD_FF_N40C_FINAL_LDQ_TOP.rpt
[2026-08-15 22:26:20] [DEBUG   ] [sta_top_parser] [parser.py:209]     → design=LDQ_TOP              corner=ff_1p16v_1p16v_n40c                 check=hold   wns=+1.096  status=MET
[2026-08-15 22:26:20] [DEBUG   ] [sta_top_parser] [parser.py:130]   Parsing: 30_SETUP_TT_25C_FINAL_LDQ_TOP.rpt
[2026-08-15 22:26:20] [DEBUG   ] [sta_top_parser] [parser.py:209]     → design=LDQ_TOP              corner=tt_0p90v_0p90v_25c                  check=setup  wns=+1.105  status=MET
[2026-08-15 22:26:20] [DEBUG   ] [sta_top_parser] [parser.py:130]   Parsing: LDQ_TIMING.rpt
[2026-08-15 22:26:20] [DEBUG   ] [sta_top_parser] [parser.py:209]     → design=N/A                  corner=N/A                                 check=N/A    wns=+0.000  status=UNKNOWN
[2026-08-15 22:26:20] [INFO    ] [sta_top_parser] [parser.py:294]   Parsed 31 / 31 report(s) OK
[2026-08-15 22:26:20] [INFO    ] [sta_top_parser] [dump_log.py:246] Dump log    → D:\Certificates\PD_STA_REPORTS\MEMORY\LDQ\LDQ_TOP_dump.log
[2026-08-15 22:26:20] [INFO    ] [sta_top_parser] [json_writer.py:75] JSON dump   → D:\Certificates\PD_STA_REPORTS\MEMORY\LDQ\LDQ_TOP_summary.json
[2026-08-15 22:26:20] [INFO    ] [sta_top_parser] [html_writer.py:479] HTML report → D:\Certificates\PD_STA_REPORTS\MEMORY\LDQ\LDQ_TOP_report.html
[2026-08-15 22:26:20] [INFO    ] [sta_top_parser] [sta_top_parser.py:328] [42/57] Scanning: MEMORY\MOB
[2026-08-15 22:26:20] [INFO    ] [sta_top_parser] [parser.py:284]   Found 31 report file(s) in D:\Certificates\PD_STA_REPORTS\MEMORY\MOB
[2026-08-15 22:26:20] [DEBUG   ] [sta_top_parser] [parser.py:130]   Parsing: 01_SETUP_SS_125C_MOB_TOP.rpt
[2026-08-15 22:26:20] [DEBUG   ] [sta_top_parser] [parser.py:209]     → design=MOB_TOP              corner=ss_0p72v_0p72v_125c                 check=setup  wns=+1.105  status=MET
[2026-08-15 22:26:20] [DEBUG   ] [sta_top_parser] [parser.py:130]   Parsing: 02_HOLD_FF_N40C_MOB_TOP.rpt
[2026-08-15 22:26:20] [DEBUG   ] [sta_top_parser] [parser.py:209]     → design=MOB_TOP              corner=ff_1p16v_1p16v_n40c                 check=hold   wns=+1.099  status=MET
[2026-08-15 22:26:20] [DEBUG   ] [sta_top_parser] [parser.py:130]   Parsing: 03_SETUP_TT_25C_MOB_TOP.rpt
[2026-08-15 22:26:20] [DEBUG   ] [sta_top_parser] [parser.py:209]     → design=MOB_TOP              corner=tt_0p90v_0p90v_25c                  check=setup  wns=+1.111  status=MET
[2026-08-15 22:26:20] [DEBUG   ] [sta_top_parser] [parser.py:130]   Parsing: 04_HOLD_TT_25C_MOB_TOP.rpt
[2026-08-15 22:26:20] [DEBUG   ] [sta_top_parser] [parser.py:209]     → design=MOB_TOP              corner=tt_0p90v_0p90v_25c                  check=hold   wns=+1.089  status=MET
[2026-08-15 22:26:20] [DEBUG   ] [sta_top_parser] [parser.py:130]   Parsing: 05_SETUP_SS_M40C_MOB_TOP.rpt
[2026-08-15 22:26:20] [DEBUG   ] [sta_top_parser] [parser.py:209]     → design=MOB_TOP              corner=ss_0p72v_0p72v_n40c                 check=setup  wns=+1.072  status=MET
[2026-08-15 22:26:20] [DEBUG   ] [sta_top_parser] [parser.py:130]   Parsing: 06_HOLD_FF_125C_MOB_TOP.rpt
[2026-08-15 22:26:20] [DEBUG   ] [sta_top_parser] [parser.py:209]     → design=MOB_TOP              corner=ff_1p16v_1p16v_125c                 check=hold   wns=+1.071  status=MET
[2026-08-15 22:26:20] [DEBUG   ] [sta_top_parser] [parser.py:130]   Parsing: 07_SETUP_LVSS_125C_MOB_TOP.rpt
[2026-08-15 22:26:20] [DEBUG   ] [sta_top_parser] [parser.py:209]     → design=MOB_TOP              corner=ss_0p63v_0p63v_125c                 check=setup  wns=+1.104  status=MET
[2026-08-15 22:26:20] [DEBUG   ] [sta_top_parser] [parser.py:130]   Parsing: 08_CG_CHECK_TT_25C_MOB_TOP.rpt
[2026-08-15 22:26:20] [DEBUG   ] [sta_top_parser] [parser.py:209]     → design=MOB_TOP              corner=tt_0p90v_0p90v_25c                  check=setup  wns=+1.129  status=MET
[2026-08-15 22:26:20] [DEBUG   ] [sta_top_parser] [parser.py:130]   Parsing: 09_RECOVERY_SS_125C_MOB_TOP.rpt
[2026-08-15 22:26:20] [DEBUG   ] [sta_top_parser] [parser.py:209]     → design=MOB_TOP              corner=ss_0p72v_0p72v_125c                 check=setup  wns=+1.163  status=MET
[2026-08-15 22:26:20] [DEBUG   ] [sta_top_parser] [parser.py:130]   Parsing: 10_MULTICYCLE_TT_25C_MOB_TOP.rpt
[2026-08-15 22:26:20] [DEBUG   ] [sta_top_parser] [parser.py:209]     → design=MOB_TOP              corner=tt_0p90v_0p90v_25c                  check=setup  wns=+1.065  status=MET
[2026-08-15 22:26:20] [DEBUG   ] [sta_top_parser] [parser.py:130]   Parsing: 11_SETUP_SS_125C_OCV_MOB_TOP.rpt
[2026-08-15 22:26:20] [DEBUG   ] [sta_top_parser] [parser.py:209]     → design=MOB_TOP              corner=ss_0p72v_0p72v_125c                 check=setup  wns=+1.107  status=MET
[2026-08-15 22:26:20] [DEBUG   ] [sta_top_parser] [parser.py:130]   Parsing: 12_HOLD_FF_N40C_OCV_MOB_TOP.rpt
[2026-08-15 22:26:20] [DEBUG   ] [sta_top_parser] [parser.py:209]     → design=MOB_TOP              corner=ff_1p16v_1p16v_n40c                 check=hold   wns=+1.082  status=MET
[2026-08-15 22:26:20] [DEBUG   ] [sta_top_parser] [parser.py:130]   Parsing: 13_SETUP_SS_125C_POCV_MOB_TOP.rpt
[2026-08-15 22:26:20] [DEBUG   ] [sta_top_parser] [parser.py:209]     → design=MOB_TOP              corner=ss_0p72v_0p72v_125c                 check=setup  wns=+1.075  status=MET
[2026-08-15 22:26:20] [DEBUG   ] [sta_top_parser] [parser.py:130]   Parsing: 14_HOLD_FF_N40C_POCV_MOB_TOP.rpt
[2026-08-15 22:26:20] [DEBUG   ] [sta_top_parser] [parser.py:209]     → design=MOB_TOP              corner=ff_1p16v_1p16v_n40c                 check=hold   wns=+1.055  status=MET
[2026-08-15 22:26:20] [DEBUG   ] [sta_top_parser] [parser.py:130]   Parsing: 15_SETUP_TT_85C_MOB_TOP.rpt
[2026-08-15 22:26:20] [DEBUG   ] [sta_top_parser] [parser.py:209]     → design=MOB_TOP              corner=tt_0p90v_0p90v_85c                  check=setup  wns=+1.112  status=MET
[2026-08-15 22:26:20] [DEBUG   ] [sta_top_parser] [parser.py:130]   Parsing: 16_HOLD_TT_85C_MOB_TOP.rpt
[2026-08-15 22:26:20] [DEBUG   ] [sta_top_parser] [parser.py:209]     → design=MOB_TOP              corner=tt_0p90v_0p90v_85c                  check=hold   wns=+1.076  status=MET
[2026-08-15 22:26:20] [DEBUG   ] [sta_top_parser] [parser.py:130]   Parsing: 17_SETUP_FF_125C_MOB_TOP.rpt
[2026-08-15 22:26:20] [DEBUG   ] [sta_top_parser] [parser.py:209]     → design=MOB_TOP              corner=ff_1p16v_1p16v_125c                 check=setup  wns=+1.077  status=MET
[2026-08-15 22:26:20] [DEBUG   ] [sta_top_parser] [parser.py:130]   Parsing: 18_HOLD_SS_125C_MOB_TOP.rpt
[2026-08-15 22:26:20] [DEBUG   ] [sta_top_parser] [parser.py:209]     → design=MOB_TOP              corner=ss_0p72v_0p72v_125c                 check=hold   wns=+1.113  status=MET
[2026-08-15 22:26:20] [DEBUG   ] [sta_top_parser] [parser.py:130]   Parsing: 19_SETUP_LVSS_N40C_MOB_TOP.rpt
[2026-08-15 22:26:20] [DEBUG   ] [sta_top_parser] [parser.py:209]     → design=MOB_TOP              corner=ss_0p63v_0p63v_n40c                 check=setup  wns=+1.142  status=MET
[2026-08-15 22:26:20] [DEBUG   ] [sta_top_parser] [parser.py:130]   Parsing: 20_HOLD_LVFF_N40C_MOB_TOP.rpt
[2026-08-15 22:26:20] [DEBUG   ] [sta_top_parser] [parser.py:209]     → design=MOB_TOP              corner=ff_1p32v_1p32v_n40c                 check=hold   wns=+1.154  status=MET
[2026-08-15 22:26:20] [DEBUG   ] [sta_top_parser] [parser.py:130]   Parsing: 21_CG_CHECK_SS_125C_MOB_TOP.rpt
[2026-08-15 22:26:20] [DEBUG   ] [sta_top_parser] [parser.py:209]     → design=MOB_TOP              corner=ss_0p72v_0p72v_125c                 check=setup  wns=+1.142  status=MET
[2026-08-15 22:26:20] [DEBUG   ] [sta_top_parser] [parser.py:130]   Parsing: 22_RECOVERY_TT_25C_MOB_TOP.rpt
[2026-08-15 22:26:20] [DEBUG   ] [sta_top_parser] [parser.py:209]     → design=MOB_TOP              corner=tt_0p90v_0p90v_25c                  check=setup  wns=+1.044  status=MET
[2026-08-15 22:26:20] [DEBUG   ] [sta_top_parser] [parser.py:130]   Parsing: 23_MULTICYCLE_SS_125C_MOB_TOP.rpt
[2026-08-15 22:26:20] [DEBUG   ] [sta_top_parser] [parser.py:209]     → design=MOB_TOP              corner=ss_0p72v_0p72v_125c                 check=setup  wns=+1.147  status=MET
[2026-08-15 22:26:20] [DEBUG   ] [sta_top_parser] [parser.py:130]   Parsing: 24_SETUP_TT_25C_ECO_MOB_TOP.rpt
[2026-08-15 22:26:20] [DEBUG   ] [sta_top_parser] [parser.py:209]     → design=MOB_TOP              corner=tt_0p90v_0p90v_25c                  check=setup  wns=+1.109  status=MET
[2026-08-15 22:26:20] [DEBUG   ] [sta_top_parser] [parser.py:130]   Parsing: 25_HOLD_TT_25C_ECO_MOB_TOP.rpt
[2026-08-15 22:26:20] [DEBUG   ] [sta_top_parser] [parser.py:209]     → design=MOB_TOP              corner=tt_0p90v_0p90v_25c                  check=hold   wns=+1.135  status=MET
[2026-08-15 22:26:20] [DEBUG   ] [sta_top_parser] [parser.py:130]   Parsing: 26_SETUP_SS_125C_SI_MOB_TOP.rpt
[2026-08-15 22:26:20] [DEBUG   ] [sta_top_parser] [parser.py:209]     → design=MOB_TOP              corner=ss_0p72v_0p72v_125c                 check=setup  wns=+1.127  status=MET
[2026-08-15 22:26:20] [DEBUG   ] [sta_top_parser] [parser.py:130]   Parsing: 27_HOLD_FF_N40C_SI_MOB_TOP.rpt
[2026-08-15 22:26:20] [DEBUG   ] [sta_top_parser] [parser.py:209]     → design=MOB_TOP              corner=ff_1p16v_1p16v_n40c                 check=hold   wns=+1.085  status=MET
[2026-08-15 22:26:20] [DEBUG   ] [sta_top_parser] [parser.py:130]   Parsing: 28_SETUP_SS_125C_FINAL_MOB_TOP.rpt
[2026-08-15 22:26:20] [DEBUG   ] [sta_top_parser] [parser.py:209]     → design=MOB_TOP              corner=ss_0p72v_0p72v_125c                 check=setup  wns=+1.130  status=MET
[2026-08-15 22:26:20] [DEBUG   ] [sta_top_parser] [parser.py:130]   Parsing: 29_HOLD_FF_N40C_FINAL_MOB_TOP.rpt
[2026-08-15 22:26:20] [DEBUG   ] [sta_top_parser] [parser.py:209]     → design=MOB_TOP              corner=ff_1p16v_1p16v_n40c                 check=hold   wns=+1.097  status=MET
[2026-08-15 22:26:20] [DEBUG   ] [sta_top_parser] [parser.py:130]   Parsing: 30_SETUP_TT_25C_FINAL_MOB_TOP.rpt
[2026-08-15 22:26:20] [DEBUG   ] [sta_top_parser] [parser.py:209]     → design=MOB_TOP              corner=tt_0p90v_0p90v_25c                  check=setup  wns=+1.096  status=MET
[2026-08-15 22:26:20] [DEBUG   ] [sta_top_parser] [parser.py:130]   Parsing: MOB_TIMING.rpt
[2026-08-15 22:26:20] [DEBUG   ] [sta_top_parser] [parser.py:209]     → design=N/A                  corner=N/A                                 check=N/A    wns=+0.000  status=UNKNOWN
[2026-08-15 22:26:20] [INFO    ] [sta_top_parser] [parser.py:294]   Parsed 31 / 31 report(s) OK
[2026-08-15 22:26:20] [INFO    ] [sta_top_parser] [dump_log.py:246] Dump log    → D:\Certificates\PD_STA_REPORTS\MEMORY\MOB\MOB_TOP_dump.log
[2026-08-15 22:26:20] [INFO    ] [sta_top_parser] [json_writer.py:75] JSON dump   → D:\Certificates\PD_STA_REPORTS\MEMORY\MOB\MOB_TOP_summary.json
[2026-08-15 22:26:20] [INFO    ] [sta_top_parser] [html_writer.py:479] HTML report → D:\Certificates\PD_STA_REPORTS\MEMORY\MOB\MOB_TOP_report.html
[2026-08-15 22:26:20] [INFO    ] [sta_top_parser] [sta_top_parser.py:328] [43/57] Scanning: MEMORY\MSHR
[2026-08-15 22:26:20] [INFO    ] [sta_top_parser] [parser.py:284]   Found 31 report file(s) in D:\Certificates\PD_STA_REPORTS\MEMORY\MSHR
[2026-08-15 22:26:20] [DEBUG   ] [sta_top_parser] [parser.py:130]   Parsing: 01_SETUP_SS_125C_MSHR_TOP.rpt
[2026-08-15 22:26:20] [DEBUG   ] [sta_top_parser] [parser.py:209]     → design=MSHR_TOP             corner=ss_0p72v_0p72v_125c                 check=setup  wns=+1.130  status=MET
[2026-08-15 22:26:20] [DEBUG   ] [sta_top_parser] [parser.py:130]   Parsing: 02_HOLD_FF_N40C_MSHR_TOP.rpt
[2026-08-15 22:26:20] [DEBUG   ] [sta_top_parser] [parser.py:209]     → design=MSHR_TOP             corner=ff_1p16v_1p16v_n40c                 check=hold   wns=+1.063  status=MET
[2026-08-15 22:26:20] [DEBUG   ] [sta_top_parser] [parser.py:130]   Parsing: 03_SETUP_TT_25C_MSHR_TOP.rpt
[2026-08-15 22:26:20] [DEBUG   ] [sta_top_parser] [parser.py:209]     → design=MSHR_TOP             corner=tt_0p90v_0p90v_25c                  check=setup  wns=-0.063  status=VIOLATED
[2026-08-15 22:26:20] [DEBUG   ] [sta_top_parser] [parser.py:130]   Parsing: 04_HOLD_TT_25C_MSHR_TOP.rpt
[2026-08-15 22:26:20] [DEBUG   ] [sta_top_parser] [parser.py:209]     → design=MSHR_TOP             corner=tt_0p90v_0p90v_25c                  check=hold   wns=+1.161  status=MET
[2026-08-15 22:26:20] [DEBUG   ] [sta_top_parser] [parser.py:130]   Parsing: 05_SETUP_SS_M40C_MSHR_TOP.rpt
[2026-08-15 22:26:20] [DEBUG   ] [sta_top_parser] [parser.py:209]     → design=MSHR_TOP             corner=ss_0p72v_0p72v_n40c                 check=setup  wns=+1.056  status=MET
[2026-08-15 22:26:20] [DEBUG   ] [sta_top_parser] [parser.py:130]   Parsing: 06_HOLD_FF_125C_MSHR_TOP.rpt
[2026-08-15 22:26:20] [DEBUG   ] [sta_top_parser] [parser.py:209]     → design=MSHR_TOP             corner=ff_1p16v_1p16v_125c                 check=hold   wns=+1.025  status=MET
[2026-08-15 22:26:20] [DEBUG   ] [sta_top_parser] [parser.py:130]   Parsing: 07_SETUP_LVSS_125C_MSHR_TOP.rpt
[2026-08-15 22:26:20] [DEBUG   ] [sta_top_parser] [parser.py:209]     → design=MSHR_TOP             corner=ss_0p63v_0p63v_125c                 check=setup  wns=+1.142  status=MET
[2026-08-15 22:26:20] [DEBUG   ] [sta_top_parser] [parser.py:130]   Parsing: 08_CG_CHECK_TT_25C_MSHR_TOP.rpt
[2026-08-15 22:26:21] [DEBUG   ] [sta_top_parser] [parser.py:209]     → design=MSHR_TOP             corner=tt_0p90v_0p90v_25c                  check=setup  wns=+1.092  status=MET
[2026-08-15 22:26:21] [DEBUG   ] [sta_top_parser] [parser.py:130]   Parsing: 09_RECOVERY_SS_125C_MSHR_TOP.rpt
[2026-08-15 22:26:21] [DEBUG   ] [sta_top_parser] [parser.py:209]     → design=MSHR_TOP             corner=ss_0p72v_0p72v_125c                 check=setup  wns=+1.068  status=MET
[2026-08-15 22:26:21] [DEBUG   ] [sta_top_parser] [parser.py:130]   Parsing: 10_MULTICYCLE_TT_25C_MSHR_TOP.rpt
[2026-08-15 22:26:21] [DEBUG   ] [sta_top_parser] [parser.py:209]     → design=MSHR_TOP             corner=tt_0p90v_0p90v_25c                  check=setup  wns=+1.148  status=MET
[2026-08-15 22:26:21] [DEBUG   ] [sta_top_parser] [parser.py:130]   Parsing: 11_SETUP_SS_125C_OCV_MSHR_TOP.rpt
[2026-08-15 22:26:21] [DEBUG   ] [sta_top_parser] [parser.py:209]     → design=MSHR_TOP             corner=ss_0p72v_0p72v_125c                 check=setup  wns=+1.155  status=MET
[2026-08-15 22:26:21] [DEBUG   ] [sta_top_parser] [parser.py:130]   Parsing: 12_HOLD_FF_N40C_OCV_MSHR_TOP.rpt
[2026-08-15 22:26:21] [DEBUG   ] [sta_top_parser] [parser.py:209]     → design=MSHR_TOP             corner=ff_1p16v_1p16v_n40c                 check=hold   wns=+1.083  status=MET
[2026-08-15 22:26:21] [DEBUG   ] [sta_top_parser] [parser.py:130]   Parsing: 13_SETUP_SS_125C_POCV_MSHR_TOP.rpt
[2026-08-15 22:26:21] [DEBUG   ] [sta_top_parser] [parser.py:209]     → design=MSHR_TOP             corner=ss_0p72v_0p72v_125c                 check=setup  wns=+1.061  status=MET
[2026-08-15 22:26:21] [DEBUG   ] [sta_top_parser] [parser.py:130]   Parsing: 14_HOLD_FF_N40C_POCV_MSHR_TOP.rpt
[2026-08-15 22:26:21] [DEBUG   ] [sta_top_parser] [parser.py:209]     → design=MSHR_TOP             corner=ff_1p16v_1p16v_n40c                 check=hold   wns=+1.042  status=MET
[2026-08-15 22:26:21] [DEBUG   ] [sta_top_parser] [parser.py:130]   Parsing: 15_SETUP_TT_85C_MSHR_TOP.rpt
[2026-08-15 22:26:21] [DEBUG   ] [sta_top_parser] [parser.py:209]     → design=MSHR_TOP             corner=tt_0p90v_0p90v_85c                  check=setup  wns=+1.088  status=MET
[2026-08-15 22:26:21] [DEBUG   ] [sta_top_parser] [parser.py:130]   Parsing: 16_HOLD_TT_85C_MSHR_TOP.rpt
[2026-08-15 22:26:21] [DEBUG   ] [sta_top_parser] [parser.py:209]     → design=MSHR_TOP             corner=tt_0p90v_0p90v_85c                  check=hold   wns=+1.183  status=MET
[2026-08-15 22:26:21] [DEBUG   ] [sta_top_parser] [parser.py:130]   Parsing: 17_SETUP_FF_125C_MSHR_TOP.rpt
[2026-08-15 22:26:21] [DEBUG   ] [sta_top_parser] [parser.py:209]     → design=MSHR_TOP             corner=ff_1p16v_1p16v_125c                 check=setup  wns=+1.096  status=MET
[2026-08-15 22:26:21] [DEBUG   ] [sta_top_parser] [parser.py:130]   Parsing: 18_HOLD_SS_125C_MSHR_TOP.rpt
[2026-08-15 22:26:21] [DEBUG   ] [sta_top_parser] [parser.py:209]     → design=MSHR_TOP             corner=ss_0p72v_0p72v_125c                 check=hold   wns=+1.064  status=MET
[2026-08-15 22:26:21] [DEBUG   ] [sta_top_parser] [parser.py:130]   Parsing: 19_SETUP_LVSS_N40C_MSHR_TOP.rpt
[2026-08-15 22:26:21] [DEBUG   ] [sta_top_parser] [parser.py:209]     → design=MSHR_TOP             corner=ss_0p63v_0p63v_n40c                 check=setup  wns=+1.077  status=MET
[2026-08-15 22:26:21] [DEBUG   ] [sta_top_parser] [parser.py:130]   Parsing: 20_HOLD_LVFF_N40C_MSHR_TOP.rpt
[2026-08-15 22:26:21] [DEBUG   ] [sta_top_parser] [parser.py:209]     → design=MSHR_TOP             corner=ff_1p32v_1p32v_n40c                 check=hold   wns=+1.116  status=MET
[2026-08-15 22:26:21] [DEBUG   ] [sta_top_parser] [parser.py:130]   Parsing: 21_CG_CHECK_SS_125C_MSHR_TOP.rpt
[2026-08-15 22:26:21] [DEBUG   ] [sta_top_parser] [parser.py:209]     → design=MSHR_TOP             corner=ss_0p72v_0p72v_125c                 check=setup  wns=+1.081  status=MET
[2026-08-15 22:26:21] [DEBUG   ] [sta_top_parser] [parser.py:130]   Parsing: 22_RECOVERY_TT_25C_MSHR_TOP.rpt
[2026-08-15 22:26:21] [DEBUG   ] [sta_top_parser] [parser.py:209]     → design=MSHR_TOP             corner=tt_0p90v_0p90v_25c                  check=setup  wns=+1.109  status=MET
[2026-08-15 22:26:21] [DEBUG   ] [sta_top_parser] [parser.py:130]   Parsing: 23_MULTICYCLE_SS_125C_MSHR_TOP.rpt
[2026-08-15 22:26:21] [DEBUG   ] [sta_top_parser] [parser.py:209]     → design=MSHR_TOP             corner=ss_0p72v_0p72v_125c                 check=setup  wns=+1.049  status=MET
[2026-08-15 22:26:21] [DEBUG   ] [sta_top_parser] [parser.py:130]   Parsing: 24_SETUP_TT_25C_ECO_MSHR_TOP.rpt
[2026-08-15 22:26:21] [DEBUG   ] [sta_top_parser] [parser.py:209]     → design=MSHR_TOP             corner=tt_0p90v_0p90v_25c                  check=setup  wns=+1.121  status=MET
[2026-08-15 22:26:21] [DEBUG   ] [sta_top_parser] [parser.py:130]   Parsing: 25_HOLD_TT_25C_ECO_MSHR_TOP.rpt
[2026-08-15 22:26:21] [DEBUG   ] [sta_top_parser] [parser.py:209]     → design=MSHR_TOP             corner=tt_0p90v_0p90v_25c                  check=hold   wns=+1.129  status=MET
[2026-08-15 22:26:21] [DEBUG   ] [sta_top_parser] [parser.py:130]   Parsing: 26_SETUP_SS_125C_SI_MSHR_TOP.rpt
[2026-08-15 22:26:21] [DEBUG   ] [sta_top_parser] [parser.py:209]     → design=MSHR_TOP             corner=ss_0p72v_0p72v_125c                 check=setup  wns=+1.096  status=MET
[2026-08-15 22:26:21] [DEBUG   ] [sta_top_parser] [parser.py:130]   Parsing: 27_HOLD_FF_N40C_SI_MSHR_TOP.rpt
[2026-08-15 22:26:21] [DEBUG   ] [sta_top_parser] [parser.py:209]     → design=MSHR_TOP             corner=ff_1p16v_1p16v_n40c                 check=hold   wns=+1.087  status=MET
[2026-08-15 22:26:21] [DEBUG   ] [sta_top_parser] [parser.py:130]   Parsing: 28_SETUP_SS_125C_FINAL_MSHR_TOP.rpt
[2026-08-15 22:26:21] [DEBUG   ] [sta_top_parser] [parser.py:209]     → design=MSHR_TOP             corner=ss_0p72v_0p72v_125c                 check=setup  wns=+1.089  status=MET
[2026-08-15 22:26:21] [DEBUG   ] [sta_top_parser] [parser.py:130]   Parsing: 29_HOLD_FF_N40C_FINAL_MSHR_TOP.rpt
[2026-08-15 22:26:21] [DEBUG   ] [sta_top_parser] [parser.py:209]     → design=MSHR_TOP             corner=ff_1p16v_1p16v_n40c                 check=hold   wns=+1.055  status=MET
[2026-08-15 22:26:21] [DEBUG   ] [sta_top_parser] [parser.py:130]   Parsing: 30_SETUP_TT_25C_FINAL_MSHR_TOP.rpt
[2026-08-15 22:26:21] [DEBUG   ] [sta_top_parser] [parser.py:209]     → design=MSHR_TOP             corner=tt_0p90v_0p90v_25c                  check=setup  wns=+1.098  status=MET
[2026-08-15 22:26:21] [DEBUG   ] [sta_top_parser] [parser.py:130]   Parsing: MSHR_TIMING.rpt
[2026-08-15 22:26:21] [DEBUG   ] [sta_top_parser] [parser.py:209]     → design=N/A                  corner=N/A                                 check=N/A    wns=+0.000  status=UNKNOWN
[2026-08-15 22:26:21] [INFO    ] [sta_top_parser] [parser.py:294]   Parsed 31 / 31 report(s) OK
[2026-08-15 22:26:21] [INFO    ] [sta_top_parser] [dump_log.py:246] Dump log    → D:\Certificates\PD_STA_REPORTS\MEMORY\MSHR\MSHR_TOP_dump.log
[2026-08-15 22:26:21] [INFO    ] [sta_top_parser] [json_writer.py:75] JSON dump   → D:\Certificates\PD_STA_REPORTS\MEMORY\MSHR\MSHR_TOP_summary.json
[2026-08-15 22:26:21] [INFO    ] [sta_top_parser] [html_writer.py:479] HTML report → D:\Certificates\PD_STA_REPORTS\MEMORY\MSHR\MSHR_TOP_report.html
[2026-08-15 22:26:21] [INFO    ] [sta_top_parser] [sta_top_parser.py:328] [44/57] Scanning: MEMORY\STQ
[2026-08-15 22:26:21] [INFO    ] [sta_top_parser] [parser.py:284]   Found 31 report file(s) in D:\Certificates\PD_STA_REPORTS\MEMORY\STQ
[2026-08-15 22:26:21] [DEBUG   ] [sta_top_parser] [parser.py:130]   Parsing: 01_SETUP_SS_125C_STQ_TOP.rpt
[2026-08-15 22:26:21] [DEBUG   ] [sta_top_parser] [parser.py:209]     → design=STQ_TOP              corner=ss_0p72v_0p72v_125c                 check=setup  wns=+1.073  status=MET
[2026-08-15 22:26:21] [DEBUG   ] [sta_top_parser] [parser.py:130]   Parsing: 02_HOLD_FF_N40C_STQ_TOP.rpt
[2026-08-15 22:26:21] [DEBUG   ] [sta_top_parser] [parser.py:209]     → design=STQ_TOP              corner=ff_1p16v_1p16v_n40c                 check=hold   wns=+1.072  status=MET
[2026-08-15 22:26:21] [DEBUG   ] [sta_top_parser] [parser.py:130]   Parsing: 03_SETUP_TT_25C_STQ_TOP.rpt
[2026-08-15 22:26:21] [DEBUG   ] [sta_top_parser] [parser.py:209]     → design=STQ_TOP              corner=tt_0p90v_0p90v_25c                  check=setup  wns=+1.115  status=MET
[2026-08-15 22:26:21] [DEBUG   ] [sta_top_parser] [parser.py:130]   Parsing: 04_HOLD_TT_25C_STQ_TOP.rpt
[2026-08-15 22:26:21] [DEBUG   ] [sta_top_parser] [parser.py:209]     → design=STQ_TOP              corner=tt_0p90v_0p90v_25c                  check=hold   wns=+1.096  status=MET
[2026-08-15 22:26:21] [DEBUG   ] [sta_top_parser] [parser.py:130]   Parsing: 05_SETUP_SS_M40C_STQ_TOP.rpt
[2026-08-15 22:26:21] [DEBUG   ] [sta_top_parser] [parser.py:209]     → design=STQ_TOP              corner=ss_0p72v_0p72v_n40c                 check=setup  wns=+1.102  status=MET
[2026-08-15 22:26:21] [DEBUG   ] [sta_top_parser] [parser.py:130]   Parsing: 06_HOLD_FF_125C_STQ_TOP.rpt
[2026-08-15 22:26:21] [DEBUG   ] [sta_top_parser] [parser.py:209]     → design=STQ_TOP              corner=ff_1p16v_1p16v_125c                 check=hold   wns=+1.120  status=MET
[2026-08-15 22:26:21] [DEBUG   ] [sta_top_parser] [parser.py:130]   Parsing: 07_SETUP_LVSS_125C_STQ_TOP.rpt
[2026-08-15 22:26:21] [DEBUG   ] [sta_top_parser] [parser.py:209]     → design=STQ_TOP              corner=ss_0p63v_0p63v_125c                 check=setup  wns=+1.100  status=MET
[2026-08-15 22:26:21] [DEBUG   ] [sta_top_parser] [parser.py:130]   Parsing: 08_CG_CHECK_TT_25C_STQ_TOP.rpt
[2026-08-15 22:26:21] [DEBUG   ] [sta_top_parser] [parser.py:209]     → design=STQ_TOP              corner=tt_0p90v_0p90v_25c                  check=setup  wns=+1.096  status=MET
[2026-08-15 22:26:21] [DEBUG   ] [sta_top_parser] [parser.py:130]   Parsing: 09_RECOVERY_SS_125C_STQ_TOP.rpt
[2026-08-15 22:26:21] [DEBUG   ] [sta_top_parser] [parser.py:209]     → design=STQ_TOP              corner=ss_0p72v_0p72v_125c                 check=setup  wns=+1.098  status=MET
[2026-08-15 22:26:21] [DEBUG   ] [sta_top_parser] [parser.py:130]   Parsing: 10_MULTICYCLE_TT_25C_STQ_TOP.rpt
[2026-08-15 22:26:21] [DEBUG   ] [sta_top_parser] [parser.py:209]     → design=STQ_TOP              corner=tt_0p90v_0p90v_25c                  check=setup  wns=+1.070  status=MET
[2026-08-15 22:26:21] [DEBUG   ] [sta_top_parser] [parser.py:130]   Parsing: 11_SETUP_SS_125C_OCV_STQ_TOP.rpt
[2026-08-15 22:26:21] [DEBUG   ] [sta_top_parser] [parser.py:209]     → design=STQ_TOP              corner=ss_0p72v_0p72v_125c                 check=setup  wns=+1.136  status=MET
[2026-08-15 22:26:21] [DEBUG   ] [sta_top_parser] [parser.py:130]   Parsing: 12_HOLD_FF_N40C_OCV_STQ_TOP.rpt
[2026-08-15 22:26:21] [DEBUG   ] [sta_top_parser] [parser.py:209]     → design=STQ_TOP              corner=ff_1p16v_1p16v_n40c                 check=hold   wns=+1.121  status=MET
[2026-08-15 22:26:21] [DEBUG   ] [sta_top_parser] [parser.py:130]   Parsing: 13_SETUP_SS_125C_POCV_STQ_TOP.rpt
[2026-08-15 22:26:21] [DEBUG   ] [sta_top_parser] [parser.py:209]     → design=STQ_TOP              corner=ss_0p72v_0p72v_125c                 check=setup  wns=+1.123  status=MET
[2026-08-15 22:26:21] [DEBUG   ] [sta_top_parser] [parser.py:130]   Parsing: 14_HOLD_FF_N40C_POCV_STQ_TOP.rpt
[2026-08-15 22:26:21] [DEBUG   ] [sta_top_parser] [parser.py:209]     → design=STQ_TOP              corner=ff_1p16v_1p16v_n40c                 check=hold   wns=+1.089  status=MET
[2026-08-15 22:26:21] [DEBUG   ] [sta_top_parser] [parser.py:130]   Parsing: 15_SETUP_TT_85C_STQ_TOP.rpt
[2026-08-15 22:26:21] [DEBUG   ] [sta_top_parser] [parser.py:209]     → design=STQ_TOP              corner=tt_0p90v_0p90v_85c                  check=setup  wns=+1.091  status=MET
[2026-08-15 22:26:21] [DEBUG   ] [sta_top_parser] [parser.py:130]   Parsing: 16_HOLD_TT_85C_STQ_TOP.rpt
[2026-08-15 22:26:21] [DEBUG   ] [sta_top_parser] [parser.py:209]     → design=STQ_TOP              corner=tt_0p90v_0p90v_85c                  check=hold   wns=+1.099  status=MET
[2026-08-15 22:26:21] [DEBUG   ] [sta_top_parser] [parser.py:130]   Parsing: 17_SETUP_FF_125C_STQ_TOP.rpt
[2026-08-15 22:26:21] [DEBUG   ] [sta_top_parser] [parser.py:209]     → design=STQ_TOP              corner=ff_1p16v_1p16v_125c                 check=setup  wns=+1.042  status=MET
[2026-08-15 22:26:21] [DEBUG   ] [sta_top_parser] [parser.py:130]   Parsing: 18_HOLD_SS_125C_STQ_TOP.rpt
[2026-08-15 22:26:21] [DEBUG   ] [sta_top_parser] [parser.py:209]     → design=STQ_TOP              corner=ss_0p72v_0p72v_125c                 check=hold   wns=+1.127  status=MET
[2026-08-15 22:26:21] [DEBUG   ] [sta_top_parser] [parser.py:130]   Parsing: 19_SETUP_LVSS_N40C_STQ_TOP.rpt
[2026-08-15 22:26:21] [DEBUG   ] [sta_top_parser] [parser.py:209]     → design=STQ_TOP              corner=ss_0p63v_0p63v_n40c                 check=setup  wns=+1.089  status=MET
[2026-08-15 22:26:21] [DEBUG   ] [sta_top_parser] [parser.py:130]   Parsing: 20_HOLD_LVFF_N40C_STQ_TOP.rpt
[2026-08-15 22:26:21] [DEBUG   ] [sta_top_parser] [parser.py:209]     → design=STQ_TOP              corner=ff_1p32v_1p32v_n40c                 check=hold   wns=+1.124  status=MET
[2026-08-15 22:26:21] [DEBUG   ] [sta_top_parser] [parser.py:130]   Parsing: 21_CG_CHECK_SS_125C_STQ_TOP.rpt
[2026-08-15 22:26:21] [DEBUG   ] [sta_top_parser] [parser.py:209]     → design=STQ_TOP              corner=ss_0p72v_0p72v_125c                 check=setup  wns=+1.079  status=MET
[2026-08-15 22:26:21] [DEBUG   ] [sta_top_parser] [parser.py:130]   Parsing: 22_RECOVERY_TT_25C_STQ_TOP.rpt
[2026-08-15 22:26:21] [DEBUG   ] [sta_top_parser] [parser.py:209]     → design=STQ_TOP              corner=tt_0p90v_0p90v_25c                  check=setup  wns=+1.111  status=MET
[2026-08-15 22:26:21] [DEBUG   ] [sta_top_parser] [parser.py:130]   Parsing: 23_MULTICYCLE_SS_125C_STQ_TOP.rpt
[2026-08-15 22:26:21] [DEBUG   ] [sta_top_parser] [parser.py:209]     → design=STQ_TOP              corner=ss_0p72v_0p72v_125c                 check=setup  wns=+1.088  status=MET
[2026-08-15 22:26:21] [DEBUG   ] [sta_top_parser] [parser.py:130]   Parsing: 24_SETUP_TT_25C_ECO_STQ_TOP.rpt
[2026-08-15 22:26:21] [DEBUG   ] [sta_top_parser] [parser.py:209]     → design=STQ_TOP              corner=tt_0p90v_0p90v_25c                  check=setup  wns=+1.091  status=MET
[2026-08-15 22:26:21] [DEBUG   ] [sta_top_parser] [parser.py:130]   Parsing: 25_HOLD_TT_25C_ECO_STQ_TOP.rpt
[2026-08-15 22:26:21] [DEBUG   ] [sta_top_parser] [parser.py:209]     → design=STQ_TOP              corner=tt_0p90v_0p90v_25c                  check=hold   wns=+1.135  status=MET
[2026-08-15 22:26:21] [DEBUG   ] [sta_top_parser] [parser.py:130]   Parsing: 26_SETUP_SS_125C_SI_STQ_TOP.rpt
[2026-08-15 22:26:21] [DEBUG   ] [sta_top_parser] [parser.py:209]     → design=STQ_TOP              corner=ss_0p72v_0p72v_125c                 check=setup  wns=+1.010  status=MET
[2026-08-15 22:26:21] [DEBUG   ] [sta_top_parser] [parser.py:130]   Parsing: 27_HOLD_FF_N40C_SI_STQ_TOP.rpt
[2026-08-15 22:26:21] [DEBUG   ] [sta_top_parser] [parser.py:209]     → design=STQ_TOP              corner=ff_1p16v_1p16v_n40c                 check=hold   wns=+1.186  status=MET
[2026-08-15 22:26:21] [DEBUG   ] [sta_top_parser] [parser.py:130]   Parsing: 28_SETUP_SS_125C_FINAL_STQ_TOP.rpt
[2026-08-15 22:26:21] [DEBUG   ] [sta_top_parser] [parser.py:209]     → design=STQ_TOP              corner=ss_0p72v_0p72v_125c                 check=setup  wns=+1.112  status=MET
[2026-08-15 22:26:21] [DEBUG   ] [sta_top_parser] [parser.py:130]   Parsing: 29_HOLD_FF_N40C_FINAL_STQ_TOP.rpt
[2026-08-15 22:26:21] [DEBUG   ] [sta_top_parser] [parser.py:209]     → design=STQ_TOP              corner=ff_1p16v_1p16v_n40c                 check=hold   wns=+1.082  status=MET
[2026-08-15 22:26:21] [DEBUG   ] [sta_top_parser] [parser.py:130]   Parsing: 30_SETUP_TT_25C_FINAL_STQ_TOP.rpt
[2026-08-15 22:26:21] [DEBUG   ] [sta_top_parser] [parser.py:209]     → design=STQ_TOP              corner=tt_0p90v_0p90v_25c                  check=setup  wns=+1.120  status=MET
[2026-08-15 22:26:21] [DEBUG   ] [sta_top_parser] [parser.py:130]   Parsing: STQ_TIMING.rpt
[2026-08-15 22:26:21] [DEBUG   ] [sta_top_parser] [parser.py:209]     → design=N/A                  corner=N/A                                 check=N/A    wns=+0.000  status=UNKNOWN
[2026-08-15 22:26:21] [INFO    ] [sta_top_parser] [parser.py:294]   Parsed 31 / 31 report(s) OK
[2026-08-15 22:26:21] [INFO    ] [sta_top_parser] [dump_log.py:246] Dump log    → D:\Certificates\PD_STA_REPORTS\MEMORY\STQ\STQ_TOP_dump.log
[2026-08-15 22:26:21] [INFO    ] [sta_top_parser] [json_writer.py:75] JSON dump   → D:\Certificates\PD_STA_REPORTS\MEMORY\STQ\STQ_TOP_summary.json
[2026-08-15 22:26:21] [INFO    ] [sta_top_parser] [html_writer.py:479] HTML report → D:\Certificates\PD_STA_REPORTS\MEMORY\STQ\STQ_TOP_report.html
[2026-08-15 22:26:21] [INFO    ] [sta_top_parser] [sta_top_parser.py:328] [45/57] Scanning: RENAME_DISPATCH\DISPATCH_QUEUE
[2026-08-15 22:26:21] [INFO    ] [sta_top_parser] [parser.py:284]   Found 31 report file(s) in D:\Certificates\PD_STA_REPORTS\RENAME_DISPATCH\DISPATCH_QUEUE
[2026-08-15 22:26:21] [DEBUG   ] [sta_top_parser] [parser.py:130]   Parsing: 01_SETUP_SS_125C_DISPATCH_QUEUE_TOP.rpt
[2026-08-15 22:26:21] [DEBUG   ] [sta_top_parser] [parser.py:209]     → design=DISPATCH_QUEUE_TOP   corner=ss_0p72v_0p72v_125c                 check=setup  wns=+1.118  status=MET
[2026-08-15 22:26:21] [DEBUG   ] [sta_top_parser] [parser.py:130]   Parsing: 02_HOLD_FF_N40C_DISPATCH_QUEUE_TOP.rpt
[2026-08-15 22:26:21] [DEBUG   ] [sta_top_parser] [parser.py:209]     → design=DISPATCH_QUEUE_TOP   corner=ff_1p16v_1p16v_n40c                 check=hold   wns=+1.169  status=MET
[2026-08-15 22:26:21] [DEBUG   ] [sta_top_parser] [parser.py:130]   Parsing: 03_SETUP_TT_25C_DISPATCH_QUEUE_TOP.rpt
[2026-08-15 22:26:21] [DEBUG   ] [sta_top_parser] [parser.py:209]     → design=DISPATCH_QUEUE_TOP   corner=tt_0p90v_0p90v_25c                  check=setup  wns=+1.036  status=MET
[2026-08-15 22:26:21] [DEBUG   ] [sta_top_parser] [parser.py:130]   Parsing: 04_HOLD_TT_25C_DISPATCH_QUEUE_TOP.rpt
[2026-08-15 22:26:21] [DEBUG   ] [sta_top_parser] [parser.py:209]     → design=DISPATCH_QUEUE_TOP   corner=tt_0p90v_0p90v_25c                  check=hold   wns=+1.134  status=MET
[2026-08-15 22:26:21] [DEBUG   ] [sta_top_parser] [parser.py:130]   Parsing: 05_SETUP_SS_M40C_DISPATCH_QUEUE_TOP.rpt
[2026-08-15 22:26:21] [DEBUG   ] [sta_top_parser] [parser.py:209]     → design=DISPATCH_QUEUE_TOP   corner=ss_0p72v_0p72v_n40c                 check=setup  wns=+1.087  status=MET
[2026-08-15 22:26:21] [DEBUG   ] [sta_top_parser] [parser.py:130]   Parsing: 06_HOLD_FF_125C_DISPATCH_QUEUE_TOP.rpt
[2026-08-15 22:26:21] [DEBUG   ] [sta_top_parser] [parser.py:209]     → design=DISPATCH_QUEUE_TOP   corner=ff_1p16v_1p16v_125c                 check=hold   wns=+1.074  status=MET
[2026-08-15 22:26:21] [DEBUG   ] [sta_top_parser] [parser.py:130]   Parsing: 07_SETUP_LVSS_125C_DISPATCH_QUEUE_TOP.rpt
[2026-08-15 22:26:21] [DEBUG   ] [sta_top_parser] [parser.py:209]     → design=DISPATCH_QUEUE_TOP   corner=ss_0p63v_0p63v_125c                 check=setup  wns=+1.056  status=MET
[2026-08-15 22:26:21] [DEBUG   ] [sta_top_parser] [parser.py:130]   Parsing: 08_CG_CHECK_TT_25C_DISPATCH_QUEUE_TOP.rpt
[2026-08-15 22:26:21] [DEBUG   ] [sta_top_parser] [parser.py:209]     → design=DISPATCH_QUEUE_TOP   corner=tt_0p90v_0p90v_25c                  check=setup  wns=+1.169  status=MET
[2026-08-15 22:26:21] [DEBUG   ] [sta_top_parser] [parser.py:130]   Parsing: 09_RECOVERY_SS_125C_DISPATCH_QUEUE_TOP.rpt
[2026-08-15 22:26:21] [DEBUG   ] [sta_top_parser] [parser.py:209]     → design=DISPATCH_QUEUE_TOP   corner=ss_0p72v_0p72v_125c                 check=setup  wns=+1.145  status=MET
[2026-08-15 22:26:21] [DEBUG   ] [sta_top_parser] [parser.py:130]   Parsing: 10_MULTICYCLE_TT_25C_DISPATCH_QUEUE_TOP.rpt
[2026-08-15 22:26:21] [DEBUG   ] [sta_top_parser] [parser.py:209]     → design=DISPATCH_QUEUE_TOP   corner=tt_0p90v_0p90v_25c                  check=setup  wns=+1.067  status=MET
[2026-08-15 22:26:21] [DEBUG   ] [sta_top_parser] [parser.py:130]   Parsing: 11_SETUP_SS_125C_OCV_DISPATCH_QUEUE_TOP.rpt
[2026-08-15 22:26:21] [DEBUG   ] [sta_top_parser] [parser.py:209]     → design=DISPATCH_QUEUE_TOP   corner=ss_0p72v_0p72v_125c                 check=setup  wns=+1.087  status=MET
[2026-08-15 22:26:21] [DEBUG   ] [sta_top_parser] [parser.py:130]   Parsing: 12_HOLD_FF_N40C_OCV_DISPATCH_QUEUE_TOP.rpt
[2026-08-15 22:26:21] [DEBUG   ] [sta_top_parser] [parser.py:209]     → design=DISPATCH_QUEUE_TOP   corner=ff_1p16v_1p16v_n40c                 check=hold   wns=+1.112  status=MET
[2026-08-15 22:26:21] [DEBUG   ] [sta_top_parser] [parser.py:130]   Parsing: 13_SETUP_SS_125C_POCV_DISPATCH_QUEUE_TOP.rpt
[2026-08-15 22:26:21] [DEBUG   ] [sta_top_parser] [parser.py:209]     → design=DISPATCH_QUEUE_TOP   corner=ss_0p72v_0p72v_125c                 check=setup  wns=+1.097  status=MET
[2026-08-15 22:26:21] [DEBUG   ] [sta_top_parser] [parser.py:130]   Parsing: 14_HOLD_FF_N40C_POCV_DISPATCH_QUEUE_TOP.rpt
[2026-08-15 22:26:21] [DEBUG   ] [sta_top_parser] [parser.py:209]     → design=DISPATCH_QUEUE_TOP   corner=ff_1p16v_1p16v_n40c                 check=hold   wns=+1.127  status=MET
[2026-08-15 22:26:21] [DEBUG   ] [sta_top_parser] [parser.py:130]   Parsing: 15_SETUP_TT_85C_DISPATCH_QUEUE_TOP.rpt
[2026-08-15 22:26:21] [DEBUG   ] [sta_top_parser] [parser.py:209]     → design=DISPATCH_QUEUE_TOP   corner=tt_0p90v_0p90v_85c                  check=setup  wns=+1.079  status=MET
[2026-08-15 22:26:21] [DEBUG   ] [sta_top_parser] [parser.py:130]   Parsing: 16_HOLD_TT_85C_DISPATCH_QUEUE_TOP.rpt
[2026-08-15 22:26:21] [DEBUG   ] [sta_top_parser] [parser.py:209]     → design=DISPATCH_QUEUE_TOP   corner=tt_0p90v_0p90v_85c                  check=hold   wns=+1.078  status=MET
[2026-08-15 22:26:21] [DEBUG   ] [sta_top_parser] [parser.py:130]   Parsing: 17_SETUP_FF_125C_DISPATCH_QUEUE_TOP.rpt
[2026-08-15 22:26:21] [DEBUG   ] [sta_top_parser] [parser.py:209]     → design=DISPATCH_QUEUE_TOP   corner=ff_1p16v_1p16v_125c                 check=setup  wns=+1.146  status=MET
[2026-08-15 22:26:21] [DEBUG   ] [sta_top_parser] [parser.py:130]   Parsing: 18_HOLD_SS_125C_DISPATCH_QUEUE_TOP.rpt
[2026-08-15 22:26:21] [DEBUG   ] [sta_top_parser] [parser.py:209]     → design=DISPATCH_QUEUE_TOP   corner=ss_0p72v_0p72v_125c                 check=hold   wns=+1.078  status=MET
[2026-08-15 22:26:21] [DEBUG   ] [sta_top_parser] [parser.py:130]   Parsing: 19_SETUP_LVSS_N40C_DISPATCH_QUEUE_TOP.rpt
[2026-08-15 22:26:21] [DEBUG   ] [sta_top_parser] [parser.py:209]     → design=DISPATCH_QUEUE_TOP   corner=ss_0p63v_0p63v_n40c                 check=setup  wns=+1.119  status=MET
[2026-08-15 22:26:21] [DEBUG   ] [sta_top_parser] [parser.py:130]   Parsing: 20_HOLD_LVFF_N40C_DISPATCH_QUEUE_TOP.rpt
[2026-08-15 22:26:21] [DEBUG   ] [sta_top_parser] [parser.py:209]     → design=DISPATCH_QUEUE_TOP   corner=ff_1p32v_1p32v_n40c                 check=hold   wns=+1.150  status=MET
[2026-08-15 22:26:21] [DEBUG   ] [sta_top_parser] [parser.py:130]   Parsing: 21_CG_CHECK_SS_125C_DISPATCH_QUEUE_TOP.rpt
[2026-08-15 22:26:21] [DEBUG   ] [sta_top_parser] [parser.py:209]     → design=DISPATCH_QUEUE_TOP   corner=ss_0p72v_0p72v_125c                 check=setup  wns=+1.095  status=MET
[2026-08-15 22:26:21] [DEBUG   ] [sta_top_parser] [parser.py:130]   Parsing: 22_RECOVERY_TT_25C_DISPATCH_QUEUE_TOP.rpt
[2026-08-15 22:26:21] [DEBUG   ] [sta_top_parser] [parser.py:209]     → design=DISPATCH_QUEUE_TOP   corner=tt_0p90v_0p90v_25c                  check=setup  wns=+1.075  status=MET
[2026-08-15 22:26:21] [DEBUG   ] [sta_top_parser] [parser.py:130]   Parsing: 23_MULTICYCLE_SS_125C_DISPATCH_QUEUE_TOP.rpt
[2026-08-15 22:26:21] [DEBUG   ] [sta_top_parser] [parser.py:209]     → design=DISPATCH_QUEUE_TOP   corner=ss_0p72v_0p72v_125c                 check=setup  wns=+1.067  status=MET
[2026-08-15 22:26:21] [DEBUG   ] [sta_top_parser] [parser.py:130]   Parsing: 24_SETUP_TT_25C_ECO_DISPATCH_QUEUE_TOP.rpt
[2026-08-15 22:26:21] [DEBUG   ] [sta_top_parser] [parser.py:209]     → design=DISPATCH_QUEUE_TOP   corner=tt_0p90v_0p90v_25c                  check=setup  wns=+1.120  status=MET
[2026-08-15 22:26:21] [DEBUG   ] [sta_top_parser] [parser.py:130]   Parsing: 25_HOLD_TT_25C_ECO_DISPATCH_QUEUE_TOP.rpt
[2026-08-15 22:26:21] [DEBUG   ] [sta_top_parser] [parser.py:209]     → design=DISPATCH_QUEUE_TOP   corner=tt_0p90v_0p90v_25c                  check=hold   wns=+1.075  status=MET
[2026-08-15 22:26:21] [DEBUG   ] [sta_top_parser] [parser.py:130]   Parsing: 26_SETUP_SS_125C_SI_DISPATCH_QUEUE_TOP.rpt
[2026-08-15 22:26:21] [DEBUG   ] [sta_top_parser] [parser.py:209]     → design=DISPATCH_QUEUE_TOP   corner=ss_0p72v_0p72v_125c                 check=setup  wns=+1.060  status=MET
[2026-08-15 22:26:21] [DEBUG   ] [sta_top_parser] [parser.py:130]   Parsing: 27_HOLD_FF_N40C_SI_DISPATCH_QUEUE_TOP.rpt
[2026-08-15 22:26:21] [DEBUG   ] [sta_top_parser] [parser.py:209]     → design=DISPATCH_QUEUE_TOP   corner=ff_1p16v_1p16v_n40c                 check=hold   wns=+1.042  status=MET
[2026-08-15 22:26:21] [DEBUG   ] [sta_top_parser] [parser.py:130]   Parsing: 28_SETUP_SS_125C_FINAL_DISPATCH_QUEUE_TOP.rpt
[2026-08-15 22:26:21] [DEBUG   ] [sta_top_parser] [parser.py:209]     → design=DISPATCH_QUEUE_TOP   corner=ss_0p72v_0p72v_125c                 check=setup  wns=+1.077  status=MET
[2026-08-15 22:26:21] [DEBUG   ] [sta_top_parser] [parser.py:130]   Parsing: 29_HOLD_FF_N40C_FINAL_DISPATCH_QUEUE_TOP.rpt
[2026-08-15 22:26:21] [DEBUG   ] [sta_top_parser] [parser.py:209]     → design=DISPATCH_QUEUE_TOP   corner=ff_1p16v_1p16v_n40c                 check=hold   wns=+1.074  status=MET
[2026-08-15 22:26:21] [DEBUG   ] [sta_top_parser] [parser.py:130]   Parsing: 30_SETUP_TT_25C_FINAL_DISPATCH_QUEUE_TOP.rpt
[2026-08-15 22:26:21] [DEBUG   ] [sta_top_parser] [parser.py:209]     → design=DISPATCH_QUEUE_TOP   corner=tt_0p90v_0p90v_25c                  check=setup  wns=+1.136  status=MET
[2026-08-15 22:26:21] [DEBUG   ] [sta_top_parser] [parser.py:130]   Parsing: DISPATCH_QUEUE_TIMING.rpt
[2026-08-15 22:26:21] [DEBUG   ] [sta_top_parser] [parser.py:209]     → design=N/A                  corner=N/A                                 check=N/A    wns=+0.000  status=UNKNOWN
[2026-08-15 22:26:21] [INFO    ] [sta_top_parser] [parser.py:294]   Parsed 31 / 31 report(s) OK
[2026-08-15 22:26:21] [INFO    ] [sta_top_parser] [dump_log.py:246] Dump log    → D:\Certificates\PD_STA_REPORTS\RENAME_DISPATCH\DISPATCH_QUEUE\DISPATCH_QUEUE_TOP_dump.log
[2026-08-15 22:26:21] [INFO    ] [sta_top_parser] [json_writer.py:75] JSON dump   → D:\Certificates\PD_STA_REPORTS\RENAME_DISPATCH\DISPATCH_QUEUE\DISPATCH_QUEUE_TOP_summary.json
[2026-08-15 22:26:21] [INFO    ] [sta_top_parser] [html_writer.py:479] HTML report → D:\Certificates\PD_STA_REPORTS\RENAME_DISPATCH\DISPATCH_QUEUE\DISPATCH_QUEUE_TOP_report.html
[2026-08-15 22:26:21] [INFO    ] [sta_top_parser] [sta_top_parser.py:328] [46/57] Scanning: RENAME_DISPATCH\FREE_LIST
[2026-08-15 22:26:21] [INFO    ] [sta_top_parser] [parser.py:284]   Found 31 report file(s) in D:\Certificates\PD_STA_REPORTS\RENAME_DISPATCH\FREE_LIST
[2026-08-15 22:26:21] [DEBUG   ] [sta_top_parser] [parser.py:130]   Parsing: 01_SETUP_SS_125C_FREE_LIST_TOP.rpt
[2026-08-15 22:26:21] [DEBUG   ] [sta_top_parser] [parser.py:209]     → design=FREE_LIST_TOP        corner=ss_0p72v_0p72v_125c                 check=setup  wns=+1.089  status=MET
[2026-08-15 22:26:21] [DEBUG   ] [sta_top_parser] [parser.py:130]   Parsing: 02_HOLD_FF_N40C_FREE_LIST_TOP.rpt
[2026-08-15 22:26:21] [DEBUG   ] [sta_top_parser] [parser.py:209]     → design=FREE_LIST_TOP        corner=ff_1p16v_1p16v_n40c                 check=hold   wns=+1.062  status=MET
[2026-08-15 22:26:21] [DEBUG   ] [sta_top_parser] [parser.py:130]   Parsing: 03_SETUP_TT_25C_FREE_LIST_TOP.rpt
[2026-08-15 22:26:21] [DEBUG   ] [sta_top_parser] [parser.py:209]     → design=FREE_LIST_TOP        corner=tt_0p90v_0p90v_25c                  check=setup  wns=+1.089  status=MET
[2026-08-15 22:26:21] [DEBUG   ] [sta_top_parser] [parser.py:130]   Parsing: 04_HOLD_TT_25C_FREE_LIST_TOP.rpt
[2026-08-15 22:26:21] [DEBUG   ] [sta_top_parser] [parser.py:209]     → design=FREE_LIST_TOP        corner=tt_0p90v_0p90v_25c                  check=hold   wns=+1.137  status=MET
[2026-08-15 22:26:21] [DEBUG   ] [sta_top_parser] [parser.py:130]   Parsing: 05_SETUP_SS_M40C_FREE_LIST_TOP.rpt
[2026-08-15 22:26:21] [DEBUG   ] [sta_top_parser] [parser.py:209]     → design=FREE_LIST_TOP        corner=ss_0p72v_0p72v_n40c                 check=setup  wns=+1.085  status=MET
[2026-08-15 22:26:21] [DEBUG   ] [sta_top_parser] [parser.py:130]   Parsing: 06_HOLD_FF_125C_FREE_LIST_TOP.rpt
[2026-08-15 22:26:21] [DEBUG   ] [sta_top_parser] [parser.py:209]     → design=FREE_LIST_TOP        corner=ff_1p16v_1p16v_125c                 check=hold   wns=+1.134  status=MET
[2026-08-15 22:26:21] [DEBUG   ] [sta_top_parser] [parser.py:130]   Parsing: 07_SETUP_LVSS_125C_FREE_LIST_TOP.rpt
[2026-08-15 22:26:21] [DEBUG   ] [sta_top_parser] [parser.py:209]     → design=FREE_LIST_TOP        corner=ss_0p63v_0p63v_125c                 check=setup  wns=+1.067  status=MET
[2026-08-15 22:26:21] [DEBUG   ] [sta_top_parser] [parser.py:130]   Parsing: 08_CG_CHECK_TT_25C_FREE_LIST_TOP.rpt
[2026-08-15 22:26:21] [DEBUG   ] [sta_top_parser] [parser.py:209]     → design=FREE_LIST_TOP        corner=tt_0p90v_0p90v_25c                  check=setup  wns=+1.045  status=MET
[2026-08-15 22:26:21] [DEBUG   ] [sta_top_parser] [parser.py:130]   Parsing: 09_RECOVERY_SS_125C_FREE_LIST_TOP.rpt
[2026-08-15 22:26:21] [DEBUG   ] [sta_top_parser] [parser.py:209]     → design=FREE_LIST_TOP        corner=ss_0p72v_0p72v_125c                 check=setup  wns=+1.124  status=MET
[2026-08-15 22:26:21] [DEBUG   ] [sta_top_parser] [parser.py:130]   Parsing: 10_MULTICYCLE_TT_25C_FREE_LIST_TOP.rpt
[2026-08-15 22:26:21] [DEBUG   ] [sta_top_parser] [parser.py:209]     → design=FREE_LIST_TOP        corner=tt_0p90v_0p90v_25c                  check=setup  wns=+1.086  status=MET
[2026-08-15 22:26:21] [DEBUG   ] [sta_top_parser] [parser.py:130]   Parsing: 11_SETUP_SS_125C_OCV_FREE_LIST_TOP.rpt
[2026-08-15 22:26:21] [DEBUG   ] [sta_top_parser] [parser.py:209]     → design=FREE_LIST_TOP        corner=ss_0p72v_0p72v_125c                 check=setup  wns=+1.086  status=MET
[2026-08-15 22:26:21] [DEBUG   ] [sta_top_parser] [parser.py:130]   Parsing: 12_HOLD_FF_N40C_OCV_FREE_LIST_TOP.rpt
[2026-08-15 22:26:21] [DEBUG   ] [sta_top_parser] [parser.py:209]     → design=FREE_LIST_TOP        corner=ff_1p16v_1p16v_n40c                 check=hold   wns=+1.105  status=MET
[2026-08-15 22:26:21] [DEBUG   ] [sta_top_parser] [parser.py:130]   Parsing: 13_SETUP_SS_125C_POCV_FREE_LIST_TOP.rpt
[2026-08-15 22:26:21] [DEBUG   ] [sta_top_parser] [parser.py:209]     → design=FREE_LIST_TOP        corner=ss_0p72v_0p72v_125c                 check=setup  wns=+1.081  status=MET
[2026-08-15 22:26:21] [DEBUG   ] [sta_top_parser] [parser.py:130]   Parsing: 14_HOLD_FF_N40C_POCV_FREE_LIST_TOP.rpt
[2026-08-15 22:26:21] [DEBUG   ] [sta_top_parser] [parser.py:209]     → design=FREE_LIST_TOP        corner=ff_1p16v_1p16v_n40c                 check=hold   wns=+1.129  status=MET
[2026-08-15 22:26:21] [DEBUG   ] [sta_top_parser] [parser.py:130]   Parsing: 15_SETUP_TT_85C_FREE_LIST_TOP.rpt
[2026-08-15 22:26:21] [DEBUG   ] [sta_top_parser] [parser.py:209]     → design=FREE_LIST_TOP        corner=tt_0p90v_0p90v_85c                  check=setup  wns=+1.087  status=MET
[2026-08-15 22:26:21] [DEBUG   ] [sta_top_parser] [parser.py:130]   Parsing: 16_HOLD_TT_85C_FREE_LIST_TOP.rpt
[2026-08-15 22:26:21] [DEBUG   ] [sta_top_parser] [parser.py:209]     → design=FREE_LIST_TOP        corner=tt_0p90v_0p90v_85c                  check=hold   wns=+1.068  status=MET
[2026-08-15 22:26:21] [DEBUG   ] [sta_top_parser] [parser.py:130]   Parsing: 17_SETUP_FF_125C_FREE_LIST_TOP.rpt
[2026-08-15 22:26:21] [DEBUG   ] [sta_top_parser] [parser.py:209]     → design=FREE_LIST_TOP        corner=ff_1p16v_1p16v_125c                 check=setup  wns=+1.075  status=MET
[2026-08-15 22:26:21] [DEBUG   ] [sta_top_parser] [parser.py:130]   Parsing: 18_HOLD_SS_125C_FREE_LIST_TOP.rpt
[2026-08-15 22:26:21] [DEBUG   ] [sta_top_parser] [parser.py:209]     → design=FREE_LIST_TOP        corner=ss_0p72v_0p72v_125c                 check=hold   wns=+1.110  status=MET
[2026-08-15 22:26:21] [DEBUG   ] [sta_top_parser] [parser.py:130]   Parsing: 19_SETUP_LVSS_N40C_FREE_LIST_TOP.rpt
[2026-08-15 22:26:21] [DEBUG   ] [sta_top_parser] [parser.py:209]     → design=FREE_LIST_TOP        corner=ss_0p63v_0p63v_n40c                 check=setup  wns=+1.051  status=MET
[2026-08-15 22:26:21] [DEBUG   ] [sta_top_parser] [parser.py:130]   Parsing: 20_HOLD_LVFF_N40C_FREE_LIST_TOP.rpt
[2026-08-15 22:26:21] [DEBUG   ] [sta_top_parser] [parser.py:209]     → design=FREE_LIST_TOP        corner=ff_1p32v_1p32v_n40c                 check=hold   wns=+1.081  status=MET
[2026-08-15 22:26:21] [DEBUG   ] [sta_top_parser] [parser.py:130]   Parsing: 21_CG_CHECK_SS_125C_FREE_LIST_TOP.rpt
[2026-08-15 22:26:21] [DEBUG   ] [sta_top_parser] [parser.py:209]     → design=FREE_LIST_TOP        corner=ss_0p72v_0p72v_125c                 check=setup  wns=+1.092  status=MET
[2026-08-15 22:26:21] [DEBUG   ] [sta_top_parser] [parser.py:130]   Parsing: 22_RECOVERY_TT_25C_FREE_LIST_TOP.rpt
[2026-08-15 22:26:21] [DEBUG   ] [sta_top_parser] [parser.py:209]     → design=FREE_LIST_TOP        corner=tt_0p90v_0p90v_25c                  check=setup  wns=+1.120  status=MET
[2026-08-15 22:26:21] [DEBUG   ] [sta_top_parser] [parser.py:130]   Parsing: 23_MULTICYCLE_SS_125C_FREE_LIST_TOP.rpt
[2026-08-15 22:26:21] [DEBUG   ] [sta_top_parser] [parser.py:209]     → design=FREE_LIST_TOP        corner=ss_0p72v_0p72v_125c                 check=setup  wns=+1.101  status=MET
[2026-08-15 22:26:21] [DEBUG   ] [sta_top_parser] [parser.py:130]   Parsing: 24_SETUP_TT_25C_ECO_FREE_LIST_TOP.rpt
[2026-08-15 22:26:21] [DEBUG   ] [sta_top_parser] [parser.py:209]     → design=FREE_LIST_TOP        corner=tt_0p90v_0p90v_25c                  check=setup  wns=+1.144  status=MET
[2026-08-15 22:26:21] [DEBUG   ] [sta_top_parser] [parser.py:130]   Parsing: 25_HOLD_TT_25C_ECO_FREE_LIST_TOP.rpt
[2026-08-15 22:26:21] [DEBUG   ] [sta_top_parser] [parser.py:209]     → design=FREE_LIST_TOP        corner=tt_0p90v_0p90v_25c                  check=hold   wns=+1.094  status=MET
[2026-08-15 22:26:21] [DEBUG   ] [sta_top_parser] [parser.py:130]   Parsing: 26_SETUP_SS_125C_SI_FREE_LIST_TOP.rpt
[2026-08-15 22:26:21] [DEBUG   ] [sta_top_parser] [parser.py:209]     → design=FREE_LIST_TOP        corner=ss_0p72v_0p72v_125c                 check=setup  wns=+1.095  status=MET
[2026-08-15 22:26:21] [DEBUG   ] [sta_top_parser] [parser.py:130]   Parsing: 27_HOLD_FF_N40C_SI_FREE_LIST_TOP.rpt
[2026-08-15 22:26:21] [DEBUG   ] [sta_top_parser] [parser.py:209]     → design=FREE_LIST_TOP        corner=ff_1p16v_1p16v_n40c                 check=hold   wns=+1.092  status=MET
[2026-08-15 22:26:21] [DEBUG   ] [sta_top_parser] [parser.py:130]   Parsing: 28_SETUP_SS_125C_FINAL_FREE_LIST_TOP.rpt
[2026-08-15 22:26:21] [DEBUG   ] [sta_top_parser] [parser.py:209]     → design=FREE_LIST_TOP        corner=ss_0p72v_0p72v_125c                 check=setup  wns=+1.121  status=MET
[2026-08-15 22:26:21] [DEBUG   ] [sta_top_parser] [parser.py:130]   Parsing: 29_HOLD_FF_N40C_FINAL_FREE_LIST_TOP.rpt
[2026-08-15 22:26:21] [DEBUG   ] [sta_top_parser] [parser.py:209]     → design=FREE_LIST_TOP        corner=ff_1p16v_1p16v_n40c                 check=hold   wns=+1.139  status=MET
[2026-08-15 22:26:21] [DEBUG   ] [sta_top_parser] [parser.py:130]   Parsing: 30_SETUP_TT_25C_FINAL_FREE_LIST_TOP.rpt
[2026-08-15 22:26:21] [DEBUG   ] [sta_top_parser] [parser.py:209]     → design=FREE_LIST_TOP        corner=tt_0p90v_0p90v_25c                  check=setup  wns=+1.046  status=MET
[2026-08-15 22:26:21] [DEBUG   ] [sta_top_parser] [parser.py:130]   Parsing: FREE_LIST_TIMING.rpt
[2026-08-15 22:26:21] [DEBUG   ] [sta_top_parser] [parser.py:209]     → design=N/A                  corner=N/A                                 check=N/A    wns=+0.000  status=UNKNOWN
[2026-08-15 22:26:21] [INFO    ] [sta_top_parser] [parser.py:294]   Parsed 31 / 31 report(s) OK
[2026-08-15 22:26:21] [INFO    ] [sta_top_parser] [dump_log.py:246] Dump log    → D:\Certificates\PD_STA_REPORTS\RENAME_DISPATCH\FREE_LIST\FREE_LIST_TOP_dump.log
[2026-08-15 22:26:21] [INFO    ] [sta_top_parser] [json_writer.py:75] JSON dump   → D:\Certificates\PD_STA_REPORTS\RENAME_DISPATCH\FREE_LIST\FREE_LIST_TOP_summary.json
[2026-08-15 22:26:21] [INFO    ] [sta_top_parser] [html_writer.py:479] HTML report → D:\Certificates\PD_STA_REPORTS\RENAME_DISPATCH\FREE_LIST\FREE_LIST_TOP_report.html
[2026-08-15 22:26:21] [INFO    ] [sta_top_parser] [sta_top_parser.py:328] [47/57] Scanning: RENAME_DISPATCH\RAT
[2026-08-15 22:26:21] [INFO    ] [sta_top_parser] [parser.py:284]   Found 31 report file(s) in D:\Certificates\PD_STA_REPORTS\RENAME_DISPATCH\RAT
[2026-08-15 22:26:21] [DEBUG   ] [sta_top_parser] [parser.py:130]   Parsing: 01_SETUP_SS_125C_RAT_TOP.rpt
[2026-08-15 22:26:21] [DEBUG   ] [sta_top_parser] [parser.py:209]     → design=RAT_TOP              corner=ss_0p72v_0p72v_125c                 check=setup  wns=+1.113  status=MET
[2026-08-15 22:26:21] [DEBUG   ] [sta_top_parser] [parser.py:130]   Parsing: 02_HOLD_FF_N40C_RAT_TOP.rpt
[2026-08-15 22:26:21] [DEBUG   ] [sta_top_parser] [parser.py:209]     → design=RAT_TOP              corner=ff_1p16v_1p16v_n40c                 check=hold   wns=+1.192  status=MET
[2026-08-15 22:26:21] [DEBUG   ] [sta_top_parser] [parser.py:130]   Parsing: 03_SETUP_TT_25C_RAT_TOP.rpt
[2026-08-15 22:26:21] [DEBUG   ] [sta_top_parser] [parser.py:209]     → design=RAT_TOP              corner=tt_0p90v_0p90v_25c                  check=setup  wns=+1.105  status=MET
[2026-08-15 22:26:21] [DEBUG   ] [sta_top_parser] [parser.py:130]   Parsing: 04_HOLD_TT_25C_RAT_TOP.rpt
[2026-08-15 22:26:21] [DEBUG   ] [sta_top_parser] [parser.py:209]     → design=RAT_TOP              corner=tt_0p90v_0p90v_25c                  check=hold   wns=+1.134  status=MET
[2026-08-15 22:26:21] [DEBUG   ] [sta_top_parser] [parser.py:130]   Parsing: 05_SETUP_SS_M40C_RAT_TOP.rpt
[2026-08-15 22:26:21] [DEBUG   ] [sta_top_parser] [parser.py:209]     → design=RAT_TOP              corner=ss_0p72v_0p72v_n40c                 check=setup  wns=+1.078  status=MET
[2026-08-15 22:26:21] [DEBUG   ] [sta_top_parser] [parser.py:130]   Parsing: 06_HOLD_FF_125C_RAT_TOP.rpt
[2026-08-15 22:26:21] [DEBUG   ] [sta_top_parser] [parser.py:209]     → design=RAT_TOP              corner=ff_1p16v_1p16v_125c                 check=hold   wns=+1.116  status=MET
[2026-08-15 22:26:21] [DEBUG   ] [sta_top_parser] [parser.py:130]   Parsing: 07_SETUP_LVSS_125C_RAT_TOP.rpt
[2026-08-15 22:26:21] [DEBUG   ] [sta_top_parser] [parser.py:209]     → design=RAT_TOP              corner=ss_0p63v_0p63v_125c                 check=setup  wns=+1.121  status=MET
[2026-08-15 22:26:21] [DEBUG   ] [sta_top_parser] [parser.py:130]   Parsing: 08_CG_CHECK_TT_25C_RAT_TOP.rpt
[2026-08-15 22:26:21] [DEBUG   ] [sta_top_parser] [parser.py:209]     → design=RAT_TOP              corner=tt_0p90v_0p90v_25c                  check=setup  wns=+1.149  status=MET
[2026-08-15 22:26:21] [DEBUG   ] [sta_top_parser] [parser.py:130]   Parsing: 09_RECOVERY_SS_125C_RAT_TOP.rpt
[2026-08-15 22:26:21] [DEBUG   ] [sta_top_parser] [parser.py:209]     → design=RAT_TOP              corner=ss_0p72v_0p72v_125c                 check=setup  wns=+1.086  status=MET
[2026-08-15 22:26:21] [DEBUG   ] [sta_top_parser] [parser.py:130]   Parsing: 10_MULTICYCLE_TT_25C_RAT_TOP.rpt
[2026-08-15 22:26:21] [DEBUG   ] [sta_top_parser] [parser.py:209]     → design=RAT_TOP              corner=tt_0p90v_0p90v_25c                  check=setup  wns=+1.077  status=MET
[2026-08-15 22:26:21] [DEBUG   ] [sta_top_parser] [parser.py:130]   Parsing: 11_SETUP_SS_125C_OCV_RAT_TOP.rpt
[2026-08-15 22:26:21] [DEBUG   ] [sta_top_parser] [parser.py:209]     → design=RAT_TOP              corner=ss_0p72v_0p72v_125c                 check=setup  wns=+1.128  status=MET
[2026-08-15 22:26:21] [DEBUG   ] [sta_top_parser] [parser.py:130]   Parsing: 12_HOLD_FF_N40C_OCV_RAT_TOP.rpt
[2026-08-15 22:26:21] [DEBUG   ] [sta_top_parser] [parser.py:209]     → design=RAT_TOP              corner=ff_1p16v_1p16v_n40c                 check=hold   wns=+1.118  status=MET
[2026-08-15 22:26:21] [DEBUG   ] [sta_top_parser] [parser.py:130]   Parsing: 13_SETUP_SS_125C_POCV_RAT_TOP.rpt
[2026-08-15 22:26:21] [DEBUG   ] [sta_top_parser] [parser.py:209]     → design=RAT_TOP              corner=ss_0p72v_0p72v_125c                 check=setup  wns=+1.092  status=MET
[2026-08-15 22:26:21] [DEBUG   ] [sta_top_parser] [parser.py:130]   Parsing: 14_HOLD_FF_N40C_POCV_RAT_TOP.rpt
[2026-08-15 22:26:21] [DEBUG   ] [sta_top_parser] [parser.py:209]     → design=RAT_TOP              corner=ff_1p16v_1p16v_n40c                 check=hold   wns=+1.037  status=MET
[2026-08-15 22:26:21] [DEBUG   ] [sta_top_parser] [parser.py:130]   Parsing: 15_SETUP_TT_85C_RAT_TOP.rpt
[2026-08-15 22:26:21] [DEBUG   ] [sta_top_parser] [parser.py:209]     → design=RAT_TOP              corner=tt_0p90v_0p90v_85c                  check=setup  wns=+1.120  status=MET
[2026-08-15 22:26:21] [DEBUG   ] [sta_top_parser] [parser.py:130]   Parsing: 16_HOLD_TT_85C_RAT_TOP.rpt
[2026-08-15 22:26:21] [DEBUG   ] [sta_top_parser] [parser.py:209]     → design=RAT_TOP              corner=tt_0p90v_0p90v_85c                  check=hold   wns=+1.081  status=MET
[2026-08-15 22:26:21] [DEBUG   ] [sta_top_parser] [parser.py:130]   Parsing: 17_SETUP_FF_125C_RAT_TOP.rpt
[2026-08-15 22:26:21] [DEBUG   ] [sta_top_parser] [parser.py:209]     → design=RAT_TOP              corner=ff_1p16v_1p16v_125c                 check=setup  wns=+1.067  status=MET
[2026-08-15 22:26:21] [DEBUG   ] [sta_top_parser] [parser.py:130]   Parsing: 18_HOLD_SS_125C_RAT_TOP.rpt
[2026-08-15 22:26:21] [DEBUG   ] [sta_top_parser] [parser.py:209]     → design=RAT_TOP              corner=ss_0p72v_0p72v_125c                 check=hold   wns=+1.058  status=MET
[2026-08-15 22:26:21] [DEBUG   ] [sta_top_parser] [parser.py:130]   Parsing: 19_SETUP_LVSS_N40C_RAT_TOP.rpt
[2026-08-15 22:26:21] [DEBUG   ] [sta_top_parser] [parser.py:209]     → design=RAT_TOP              corner=ss_0p63v_0p63v_n40c                 check=setup  wns=+1.045  status=MET
[2026-08-15 22:26:21] [DEBUG   ] [sta_top_parser] [parser.py:130]   Parsing: 20_HOLD_LVFF_N40C_RAT_TOP.rpt
[2026-08-15 22:26:21] [DEBUG   ] [sta_top_parser] [parser.py:209]     → design=RAT_TOP              corner=ff_1p32v_1p32v_n40c                 check=hold   wns=+1.062  status=MET
[2026-08-15 22:26:21] [DEBUG   ] [sta_top_parser] [parser.py:130]   Parsing: 21_CG_CHECK_SS_125C_RAT_TOP.rpt
[2026-08-15 22:26:21] [DEBUG   ] [sta_top_parser] [parser.py:209]     → design=RAT_TOP              corner=ss_0p72v_0p72v_125c                 check=setup  wns=+1.087  status=MET
[2026-08-15 22:26:21] [DEBUG   ] [sta_top_parser] [parser.py:130]   Parsing: 22_RECOVERY_TT_25C_RAT_TOP.rpt
[2026-08-15 22:26:21] [DEBUG   ] [sta_top_parser] [parser.py:209]     → design=RAT_TOP              corner=tt_0p90v_0p90v_25c                  check=setup  wns=+1.089  status=MET
[2026-08-15 22:26:21] [DEBUG   ] [sta_top_parser] [parser.py:130]   Parsing: 23_MULTICYCLE_SS_125C_RAT_TOP.rpt
[2026-08-15 22:26:21] [DEBUG   ] [sta_top_parser] [parser.py:209]     → design=RAT_TOP              corner=ss_0p72v_0p72v_125c                 check=setup  wns=+1.094  status=MET
[2026-08-15 22:26:21] [DEBUG   ] [sta_top_parser] [parser.py:130]   Parsing: 24_SETUP_TT_25C_ECO_RAT_TOP.rpt
[2026-08-15 22:26:21] [DEBUG   ] [sta_top_parser] [parser.py:209]     → design=RAT_TOP              corner=tt_0p90v_0p90v_25c                  check=setup  wns=+1.059  status=MET
[2026-08-15 22:26:21] [DEBUG   ] [sta_top_parser] [parser.py:130]   Parsing: 25_HOLD_TT_25C_ECO_RAT_TOP.rpt
[2026-08-15 22:26:21] [DEBUG   ] [sta_top_parser] [parser.py:209]     → design=RAT_TOP              corner=tt_0p90v_0p90v_25c                  check=hold   wns=+1.087  status=MET
[2026-08-15 22:26:21] [DEBUG   ] [sta_top_parser] [parser.py:130]   Parsing: 26_SETUP_SS_125C_SI_RAT_TOP.rpt
[2026-08-15 22:26:21] [DEBUG   ] [sta_top_parser] [parser.py:209]     → design=RAT_TOP              corner=ss_0p72v_0p72v_125c                 check=setup  wns=+1.114  status=MET
[2026-08-15 22:26:21] [DEBUG   ] [sta_top_parser] [parser.py:130]   Parsing: 27_HOLD_FF_N40C_SI_RAT_TOP.rpt
[2026-08-15 22:26:21] [DEBUG   ] [sta_top_parser] [parser.py:209]     → design=RAT_TOP              corner=ff_1p16v_1p16v_n40c                 check=hold   wns=+1.065  status=MET
[2026-08-15 22:26:21] [DEBUG   ] [sta_top_parser] [parser.py:130]   Parsing: 28_SETUP_SS_125C_FINAL_RAT_TOP.rpt
[2026-08-15 22:26:21] [DEBUG   ] [sta_top_parser] [parser.py:209]     → design=RAT_TOP              corner=ss_0p72v_0p72v_125c                 check=setup  wns=+1.100  status=MET
[2026-08-15 22:26:21] [DEBUG   ] [sta_top_parser] [parser.py:130]   Parsing: 29_HOLD_FF_N40C_FINAL_RAT_TOP.rpt
[2026-08-15 22:26:21] [DEBUG   ] [sta_top_parser] [parser.py:209]     → design=RAT_TOP              corner=ff_1p16v_1p16v_n40c                 check=hold   wns=+1.098  status=MET
[2026-08-15 22:26:21] [DEBUG   ] [sta_top_parser] [parser.py:130]   Parsing: 30_SETUP_TT_25C_FINAL_RAT_TOP.rpt
[2026-08-15 22:26:21] [DEBUG   ] [sta_top_parser] [parser.py:209]     → design=RAT_TOP              corner=tt_0p90v_0p90v_25c                  check=setup  wns=+1.123  status=MET
[2026-08-15 22:26:21] [DEBUG   ] [sta_top_parser] [parser.py:130]   Parsing: RAT_TIMING.rpt
[2026-08-15 22:26:21] [DEBUG   ] [sta_top_parser] [parser.py:209]     → design=N/A                  corner=N/A                                 check=N/A    wns=+0.000  status=UNKNOWN
[2026-08-15 22:26:21] [INFO    ] [sta_top_parser] [parser.py:294]   Parsed 31 / 31 report(s) OK
[2026-08-15 22:26:21] [INFO    ] [sta_top_parser] [dump_log.py:246] Dump log    → D:\Certificates\PD_STA_REPORTS\RENAME_DISPATCH\RAT\RAT_TOP_dump.log
[2026-08-15 22:26:21] [INFO    ] [sta_top_parser] [json_writer.py:75] JSON dump   → D:\Certificates\PD_STA_REPORTS\RENAME_DISPATCH\RAT\RAT_TOP_summary.json
[2026-08-15 22:26:21] [INFO    ] [sta_top_parser] [html_writer.py:479] HTML report → D:\Certificates\PD_STA_REPORTS\RENAME_DISPATCH\RAT\RAT_TOP_report.html
[2026-08-15 22:26:21] [INFO    ] [sta_top_parser] [sta_top_parser.py:328] [48/57] Scanning: RENAME_DISPATCH\ROB
[2026-08-15 22:26:21] [INFO    ] [sta_top_parser] [parser.py:284]   Found 31 report file(s) in D:\Certificates\PD_STA_REPORTS\RENAME_DISPATCH\ROB
[2026-08-15 22:26:21] [DEBUG   ] [sta_top_parser] [parser.py:130]   Parsing: 01_SETUP_SS_125C_ROB_TOP.rpt
[2026-08-15 22:26:21] [DEBUG   ] [sta_top_parser] [parser.py:209]     → design=ROB_TOP              corner=ss_0p72v_0p72v_125c                 check=setup  wns=+1.115  status=MET
[2026-08-15 22:26:21] [DEBUG   ] [sta_top_parser] [parser.py:130]   Parsing: 02_HOLD_FF_N40C_ROB_TOP.rpt
[2026-08-15 22:26:21] [DEBUG   ] [sta_top_parser] [parser.py:209]     → design=ROB_TOP              corner=ff_1p16v_1p16v_n40c                 check=hold   wns=+0.031  status=VIOLATED
[2026-08-15 22:26:21] [DEBUG   ] [sta_top_parser] [parser.py:130]   Parsing: 03_SETUP_TT_25C_ROB_TOP.rpt
[2026-08-15 22:26:21] [DEBUG   ] [sta_top_parser] [parser.py:209]     → design=ROB_TOP              corner=tt_0p90v_0p90v_25c                  check=setup  wns=+1.140  status=MET
[2026-08-15 22:26:21] [DEBUG   ] [sta_top_parser] [parser.py:130]   Parsing: 04_HOLD_TT_25C_ROB_TOP.rpt
[2026-08-15 22:26:21] [DEBUG   ] [sta_top_parser] [parser.py:209]     → design=ROB_TOP              corner=tt_0p90v_0p90v_25c                  check=hold   wns=+1.038  status=MET
[2026-08-15 22:26:21] [DEBUG   ] [sta_top_parser] [parser.py:130]   Parsing: 05_SETUP_SS_M40C_ROB_TOP.rpt
[2026-08-15 22:26:21] [DEBUG   ] [sta_top_parser] [parser.py:209]     → design=ROB_TOP              corner=ss_0p72v_0p72v_n40c                 check=setup  wns=+1.097  status=MET
[2026-08-15 22:26:21] [DEBUG   ] [sta_top_parser] [parser.py:130]   Parsing: 06_HOLD_FF_125C_ROB_TOP.rpt
[2026-08-15 22:26:21] [DEBUG   ] [sta_top_parser] [parser.py:209]     → design=ROB_TOP              corner=ff_1p16v_1p16v_125c                 check=hold   wns=+1.087  status=MET
[2026-08-15 22:26:21] [DEBUG   ] [sta_top_parser] [parser.py:130]   Parsing: 07_SETUP_LVSS_125C_ROB_TOP.rpt
[2026-08-15 22:26:21] [DEBUG   ] [sta_top_parser] [parser.py:209]     → design=ROB_TOP              corner=ss_0p63v_0p63v_125c                 check=setup  wns=+1.095  status=MET
[2026-08-15 22:26:21] [DEBUG   ] [sta_top_parser] [parser.py:130]   Parsing: 08_CG_CHECK_TT_25C_ROB_TOP.rpt
[2026-08-15 22:26:21] [DEBUG   ] [sta_top_parser] [parser.py:209]     → design=ROB_TOP              corner=tt_0p90v_0p90v_25c                  check=setup  wns=+1.124  status=MET
[2026-08-15 22:26:21] [DEBUG   ] [sta_top_parser] [parser.py:130]   Parsing: 09_RECOVERY_SS_125C_ROB_TOP.rpt
[2026-08-15 22:26:21] [DEBUG   ] [sta_top_parser] [parser.py:209]     → design=ROB_TOP              corner=ss_0p72v_0p72v_125c                 check=setup  wns=+1.118  status=MET
[2026-08-15 22:26:21] [DEBUG   ] [sta_top_parser] [parser.py:130]   Parsing: 10_MULTICYCLE_TT_25C_ROB_TOP.rpt
[2026-08-15 22:26:21] [DEBUG   ] [sta_top_parser] [parser.py:209]     → design=ROB_TOP              corner=tt_0p90v_0p90v_25c                  check=setup  wns=+1.061  status=MET
[2026-08-15 22:26:21] [DEBUG   ] [sta_top_parser] [parser.py:130]   Parsing: 11_SETUP_SS_125C_OCV_ROB_TOP.rpt
[2026-08-15 22:26:21] [DEBUG   ] [sta_top_parser] [parser.py:209]     → design=ROB_TOP              corner=ss_0p72v_0p72v_125c                 check=setup  wns=+1.091  status=MET
[2026-08-15 22:26:21] [DEBUG   ] [sta_top_parser] [parser.py:130]   Parsing: 12_HOLD_FF_N40C_OCV_ROB_TOP.rpt
[2026-08-15 22:26:21] [DEBUG   ] [sta_top_parser] [parser.py:209]     → design=ROB_TOP              corner=ff_1p16v_1p16v_n40c                 check=hold   wns=+1.106  status=MET
[2026-08-15 22:26:21] [DEBUG   ] [sta_top_parser] [parser.py:130]   Parsing: 13_SETUP_SS_125C_POCV_ROB_TOP.rpt
[2026-08-15 22:26:21] [DEBUG   ] [sta_top_parser] [parser.py:209]     → design=ROB_TOP              corner=ss_0p72v_0p72v_125c                 check=setup  wns=+1.061  status=MET
[2026-08-15 22:26:21] [DEBUG   ] [sta_top_parser] [parser.py:130]   Parsing: 14_HOLD_FF_N40C_POCV_ROB_TOP.rpt
[2026-08-15 22:26:21] [DEBUG   ] [sta_top_parser] [parser.py:209]     → design=ROB_TOP              corner=ff_1p16v_1p16v_n40c                 check=hold   wns=+1.105  status=MET
[2026-08-15 22:26:21] [DEBUG   ] [sta_top_parser] [parser.py:130]   Parsing: 15_SETUP_TT_85C_ROB_TOP.rpt
[2026-08-15 22:26:21] [DEBUG   ] [sta_top_parser] [parser.py:209]     → design=ROB_TOP              corner=tt_0p90v_0p90v_85c                  check=setup  wns=+1.101  status=MET
[2026-08-15 22:26:21] [DEBUG   ] [sta_top_parser] [parser.py:130]   Parsing: 16_HOLD_TT_85C_ROB_TOP.rpt
[2026-08-15 22:26:21] [DEBUG   ] [sta_top_parser] [parser.py:209]     → design=ROB_TOP              corner=tt_0p90v_0p90v_85c                  check=hold   wns=+1.139  status=MET
[2026-08-15 22:26:21] [DEBUG   ] [sta_top_parser] [parser.py:130]   Parsing: 17_SETUP_FF_125C_ROB_TOP.rpt
[2026-08-15 22:26:21] [DEBUG   ] [sta_top_parser] [parser.py:209]     → design=ROB_TOP              corner=ff_1p16v_1p16v_125c                 check=setup  wns=+1.094  status=MET
[2026-08-15 22:26:21] [DEBUG   ] [sta_top_parser] [parser.py:130]   Parsing: 18_HOLD_SS_125C_ROB_TOP.rpt
[2026-08-15 22:26:21] [DEBUG   ] [sta_top_parser] [parser.py:209]     → design=ROB_TOP              corner=ss_0p72v_0p72v_125c                 check=hold   wns=+1.027  status=MET
[2026-08-15 22:26:21] [DEBUG   ] [sta_top_parser] [parser.py:130]   Parsing: 19_SETUP_LVSS_N40C_ROB_TOP.rpt
[2026-08-15 22:26:21] [DEBUG   ] [sta_top_parser] [parser.py:209]     → design=ROB_TOP              corner=ss_0p63v_0p63v_n40c                 check=setup  wns=+1.156  status=MET
[2026-08-15 22:26:21] [DEBUG   ] [sta_top_parser] [parser.py:130]   Parsing: 20_HOLD_LVFF_N40C_ROB_TOP.rpt
[2026-08-15 22:26:21] [DEBUG   ] [sta_top_parser] [parser.py:209]     → design=ROB_TOP              corner=ff_1p32v_1p32v_n40c                 check=hold   wns=+1.095  status=MET
[2026-08-15 22:26:21] [DEBUG   ] [sta_top_parser] [parser.py:130]   Parsing: 21_CG_CHECK_SS_125C_ROB_TOP.rpt
[2026-08-15 22:26:21] [DEBUG   ] [sta_top_parser] [parser.py:209]     → design=ROB_TOP              corner=ss_0p72v_0p72v_125c                 check=setup  wns=+1.066  status=MET
[2026-08-15 22:26:21] [DEBUG   ] [sta_top_parser] [parser.py:130]   Parsing: 22_RECOVERY_TT_25C_ROB_TOP.rpt
[2026-08-15 22:26:21] [DEBUG   ] [sta_top_parser] [parser.py:209]     → design=ROB_TOP              corner=tt_0p90v_0p90v_25c                  check=setup  wns=+1.065  status=MET
[2026-08-15 22:26:21] [DEBUG   ] [sta_top_parser] [parser.py:130]   Parsing: 23_MULTICYCLE_SS_125C_ROB_TOP.rpt
[2026-08-15 22:26:21] [DEBUG   ] [sta_top_parser] [parser.py:209]     → design=ROB_TOP              corner=ss_0p72v_0p72v_125c                 check=setup  wns=+1.199  status=MET
[2026-08-15 22:26:21] [DEBUG   ] [sta_top_parser] [parser.py:130]   Parsing: 24_SETUP_TT_25C_ECO_ROB_TOP.rpt
[2026-08-15 22:26:21] [DEBUG   ] [sta_top_parser] [parser.py:209]     → design=ROB_TOP              corner=tt_0p90v_0p90v_25c                  check=setup  wns=+1.146  status=MET
[2026-08-15 22:26:21] [DEBUG   ] [sta_top_parser] [parser.py:130]   Parsing: 25_HOLD_TT_25C_ECO_ROB_TOP.rpt
[2026-08-15 22:26:21] [DEBUG   ] [sta_top_parser] [parser.py:209]     → design=ROB_TOP              corner=tt_0p90v_0p90v_25c                  check=hold   wns=+1.094  status=MET
[2026-08-15 22:26:21] [DEBUG   ] [sta_top_parser] [parser.py:130]   Parsing: 26_SETUP_SS_125C_SI_ROB_TOP.rpt
[2026-08-15 22:26:21] [DEBUG   ] [sta_top_parser] [parser.py:209]     → design=ROB_TOP              corner=ss_0p72v_0p72v_125c                 check=setup  wns=+1.055  status=MET
[2026-08-15 22:26:21] [DEBUG   ] [sta_top_parser] [parser.py:130]   Parsing: 27_HOLD_FF_N40C_SI_ROB_TOP.rpt
[2026-08-15 22:26:21] [DEBUG   ] [sta_top_parser] [parser.py:209]     → design=ROB_TOP              corner=ff_1p16v_1p16v_n40c                 check=hold   wns=+1.087  status=MET
[2026-08-15 22:26:21] [DEBUG   ] [sta_top_parser] [parser.py:130]   Parsing: 28_SETUP_SS_125C_FINAL_ROB_TOP.rpt
[2026-08-15 22:26:21] [DEBUG   ] [sta_top_parser] [parser.py:209]     → design=ROB_TOP              corner=ss_0p72v_0p72v_125c                 check=setup  wns=+1.058  status=MET
[2026-08-15 22:26:21] [DEBUG   ] [sta_top_parser] [parser.py:130]   Parsing: 29_HOLD_FF_N40C_FINAL_ROB_TOP.rpt
[2026-08-15 22:26:21] [DEBUG   ] [sta_top_parser] [parser.py:209]     → design=ROB_TOP              corner=ff_1p16v_1p16v_n40c                 check=hold   wns=+1.075  status=MET
[2026-08-15 22:26:21] [DEBUG   ] [sta_top_parser] [parser.py:130]   Parsing: 30_SETUP_TT_25C_FINAL_ROB_TOP.rpt
[2026-08-15 22:26:21] [DEBUG   ] [sta_top_parser] [parser.py:209]     → design=ROB_TOP              corner=tt_0p90v_0p90v_25c                  check=setup  wns=+1.129  status=MET
[2026-08-15 22:26:21] [DEBUG   ] [sta_top_parser] [parser.py:130]   Parsing: ROB_TIMING.rpt
[2026-08-15 22:26:21] [DEBUG   ] [sta_top_parser] [parser.py:209]     → design=N/A                  corner=N/A                                 check=N/A    wns=+0.000  status=UNKNOWN
[2026-08-15 22:26:21] [INFO    ] [sta_top_parser] [parser.py:294]   Parsed 31 / 31 report(s) OK
[2026-08-15 22:26:21] [INFO    ] [sta_top_parser] [dump_log.py:246] Dump log    → D:\Certificates\PD_STA_REPORTS\RENAME_DISPATCH\ROB\ROB_TOP_dump.log
[2026-08-15 22:26:21] [INFO    ] [sta_top_parser] [json_writer.py:75] JSON dump   → D:\Certificates\PD_STA_REPORTS\RENAME_DISPATCH\ROB\ROB_TOP_summary.json
[2026-08-15 22:26:21] [INFO    ] [sta_top_parser] [html_writer.py:479] HTML report → D:\Certificates\PD_STA_REPORTS\RENAME_DISPATCH\ROB\ROB_TOP_report.html
[2026-08-15 22:26:21] [INFO    ] [sta_top_parser] [sta_top_parser.py:328] [49/57] Scanning: UNCORE\BIU
[2026-08-15 22:26:21] [INFO    ] [sta_top_parser] [parser.py:284]   Found 31 report file(s) in D:\Certificates\PD_STA_REPORTS\UNCORE\BIU
[2026-08-15 22:26:21] [DEBUG   ] [sta_top_parser] [parser.py:130]   Parsing: 01_SETUP_SS_125C_BIU_TOP.rpt
[2026-08-15 22:26:21] [DEBUG   ] [sta_top_parser] [parser.py:209]     → design=BIU_TOP              corner=ss_0p72v_0p72v_125c                 check=setup  wns=+2.371  status=MET
[2026-08-15 22:26:21] [DEBUG   ] [sta_top_parser] [parser.py:130]   Parsing: 02_HOLD_FF_N40C_BIU_TOP.rpt
[2026-08-15 22:26:21] [DEBUG   ] [sta_top_parser] [parser.py:209]     → design=BIU_TOP              corner=ff_1p16v_1p16v_n40c                 check=hold   wns=+2.407  status=MET
[2026-08-15 22:26:21] [DEBUG   ] [sta_top_parser] [parser.py:130]   Parsing: 03_SETUP_TT_25C_BIU_TOP.rpt
[2026-08-15 22:26:21] [DEBUG   ] [sta_top_parser] [parser.py:209]     → design=BIU_TOP              corner=tt_0p90v_0p90v_25c                  check=setup  wns=+2.411  status=MET
[2026-08-15 22:26:21] [DEBUG   ] [sta_top_parser] [parser.py:130]   Parsing: 04_HOLD_TT_25C_BIU_TOP.rpt
[2026-08-15 22:26:21] [DEBUG   ] [sta_top_parser] [parser.py:209]     → design=BIU_TOP              corner=tt_0p90v_0p90v_25c                  check=hold   wns=+2.430  status=MET
[2026-08-15 22:26:21] [DEBUG   ] [sta_top_parser] [parser.py:130]   Parsing: 05_SETUP_SS_M40C_BIU_TOP.rpt
[2026-08-15 22:26:21] [DEBUG   ] [sta_top_parser] [parser.py:209]     → design=BIU_TOP              corner=ss_0p72v_0p72v_n40c                 check=setup  wns=+2.368  status=MET
[2026-08-15 22:26:21] [DEBUG   ] [sta_top_parser] [parser.py:130]   Parsing: 06_HOLD_FF_125C_BIU_TOP.rpt
[2026-08-15 22:26:21] [DEBUG   ] [sta_top_parser] [parser.py:209]     → design=BIU_TOP              corner=ff_1p16v_1p16v_125c                 check=hold   wns=+2.482  status=MET
[2026-08-15 22:26:21] [DEBUG   ] [sta_top_parser] [parser.py:130]   Parsing: 07_SETUP_LVSS_125C_BIU_TOP.rpt
[2026-08-15 22:26:21] [DEBUG   ] [sta_top_parser] [parser.py:209]     → design=BIU_TOP              corner=ss_0p63v_0p63v_125c                 check=setup  wns=+2.443  status=MET
[2026-08-15 22:26:21] [DEBUG   ] [sta_top_parser] [parser.py:130]   Parsing: 08_CG_CHECK_TT_25C_BIU_TOP.rpt
[2026-08-15 22:26:21] [DEBUG   ] [sta_top_parser] [parser.py:209]     → design=BIU_TOP              corner=tt_0p90v_0p90v_25c                  check=setup  wns=+2.398  status=MET
[2026-08-15 22:26:21] [DEBUG   ] [sta_top_parser] [parser.py:130]   Parsing: 09_RECOVERY_SS_125C_BIU_TOP.rpt
[2026-08-15 22:26:21] [DEBUG   ] [sta_top_parser] [parser.py:209]     → design=BIU_TOP              corner=ss_0p72v_0p72v_125c                 check=setup  wns=+2.423  status=MET
[2026-08-15 22:26:21] [DEBUG   ] [sta_top_parser] [parser.py:130]   Parsing: 10_MULTICYCLE_TT_25C_BIU_TOP.rpt
[2026-08-15 22:26:21] [DEBUG   ] [sta_top_parser] [parser.py:209]     → design=BIU_TOP              corner=tt_0p90v_0p90v_25c                  check=setup  wns=+2.496  status=MET
[2026-08-15 22:26:21] [DEBUG   ] [sta_top_parser] [parser.py:130]   Parsing: 11_SETUP_SS_125C_OCV_BIU_TOP.rpt
[2026-08-15 22:26:21] [DEBUG   ] [sta_top_parser] [parser.py:209]     → design=BIU_TOP              corner=ss_0p72v_0p72v_125c                 check=setup  wns=+2.472  status=MET
[2026-08-15 22:26:21] [DEBUG   ] [sta_top_parser] [parser.py:130]   Parsing: 12_HOLD_FF_N40C_OCV_BIU_TOP.rpt
[2026-08-15 22:26:21] [DEBUG   ] [sta_top_parser] [parser.py:209]     → design=BIU_TOP              corner=ff_1p16v_1p16v_n40c                 check=hold   wns=+2.433  status=MET
[2026-08-15 22:26:21] [DEBUG   ] [sta_top_parser] [parser.py:130]   Parsing: 13_SETUP_SS_125C_POCV_BIU_TOP.rpt
[2026-08-15 22:26:21] [DEBUG   ] [sta_top_parser] [parser.py:209]     → design=BIU_TOP              corner=ss_0p72v_0p72v_125c                 check=setup  wns=+2.439  status=MET
[2026-08-15 22:26:21] [DEBUG   ] [sta_top_parser] [parser.py:130]   Parsing: 14_HOLD_FF_N40C_POCV_BIU_TOP.rpt
[2026-08-15 22:26:21] [DEBUG   ] [sta_top_parser] [parser.py:209]     → design=BIU_TOP              corner=ff_1p16v_1p16v_n40c                 check=hold   wns=+2.443  status=MET
[2026-08-15 22:26:21] [DEBUG   ] [sta_top_parser] [parser.py:130]   Parsing: 15_SETUP_TT_85C_BIU_TOP.rpt
[2026-08-15 22:26:21] [DEBUG   ] [sta_top_parser] [parser.py:209]     → design=BIU_TOP              corner=tt_0p90v_0p90v_85c                  check=setup  wns=+2.410  status=MET
[2026-08-15 22:26:21] [DEBUG   ] [sta_top_parser] [parser.py:130]   Parsing: 16_HOLD_TT_85C_BIU_TOP.rpt
[2026-08-15 22:26:21] [DEBUG   ] [sta_top_parser] [parser.py:209]     → design=BIU_TOP              corner=tt_0p90v_0p90v_85c                  check=hold   wns=+2.453  status=MET
[2026-08-15 22:26:21] [DEBUG   ] [sta_top_parser] [parser.py:130]   Parsing: 17_SETUP_FF_125C_BIU_TOP.rpt
[2026-08-15 22:26:21] [DEBUG   ] [sta_top_parser] [parser.py:209]     → design=BIU_TOP              corner=ff_1p16v_1p16v_125c                 check=setup  wns=+2.484  status=MET
[2026-08-15 22:26:21] [DEBUG   ] [sta_top_parser] [parser.py:130]   Parsing: 18_HOLD_SS_125C_BIU_TOP.rpt
[2026-08-15 22:26:21] [DEBUG   ] [sta_top_parser] [parser.py:209]     → design=BIU_TOP              corner=ss_0p72v_0p72v_125c                 check=hold   wns=+2.412  status=MET
[2026-08-15 22:26:21] [DEBUG   ] [sta_top_parser] [parser.py:130]   Parsing: 19_SETUP_LVSS_N40C_BIU_TOP.rpt
[2026-08-15 22:26:21] [DEBUG   ] [sta_top_parser] [parser.py:209]     → design=BIU_TOP              corner=ss_0p63v_0p63v_n40c                 check=setup  wns=+2.438  status=MET
[2026-08-15 22:26:21] [DEBUG   ] [sta_top_parser] [parser.py:130]   Parsing: 20_HOLD_LVFF_N40C_BIU_TOP.rpt
[2026-08-15 22:26:21] [DEBUG   ] [sta_top_parser] [parser.py:209]     → design=BIU_TOP              corner=ff_1p32v_1p32v_n40c                 check=hold   wns=+2.462  status=MET
[2026-08-15 22:26:21] [DEBUG   ] [sta_top_parser] [parser.py:130]   Parsing: 21_CG_CHECK_SS_125C_BIU_TOP.rpt
[2026-08-15 22:26:21] [DEBUG   ] [sta_top_parser] [parser.py:209]     → design=BIU_TOP              corner=ss_0p72v_0p72v_125c                 check=setup  wns=+2.410  status=MET
[2026-08-15 22:26:21] [DEBUG   ] [sta_top_parser] [parser.py:130]   Parsing: 22_RECOVERY_TT_25C_BIU_TOP.rpt
[2026-08-15 22:26:21] [DEBUG   ] [sta_top_parser] [parser.py:209]     → design=BIU_TOP              corner=tt_0p90v_0p90v_25c                  check=setup  wns=+2.454  status=MET
[2026-08-15 22:26:21] [DEBUG   ] [sta_top_parser] [parser.py:130]   Parsing: 23_MULTICYCLE_SS_125C_BIU_TOP.rpt
[2026-08-15 22:26:21] [DEBUG   ] [sta_top_parser] [parser.py:209]     → design=BIU_TOP              corner=ss_0p72v_0p72v_125c                 check=setup  wns=+2.440  status=MET
[2026-08-15 22:26:21] [DEBUG   ] [sta_top_parser] [parser.py:130]   Parsing: 24_SETUP_TT_25C_ECO_BIU_TOP.rpt
[2026-08-15 22:26:21] [DEBUG   ] [sta_top_parser] [parser.py:209]     → design=BIU_TOP              corner=tt_0p90v_0p90v_25c                  check=setup  wns=+2.392  status=MET
[2026-08-15 22:26:21] [DEBUG   ] [sta_top_parser] [parser.py:130]   Parsing: 25_HOLD_TT_25C_ECO_BIU_TOP.rpt
[2026-08-15 22:26:21] [DEBUG   ] [sta_top_parser] [parser.py:209]     → design=BIU_TOP              corner=tt_0p90v_0p90v_25c                  check=hold   wns=+2.431  status=MET
[2026-08-15 22:26:21] [DEBUG   ] [sta_top_parser] [parser.py:130]   Parsing: 26_SETUP_SS_125C_SI_BIU_TOP.rpt
[2026-08-15 22:26:21] [DEBUG   ] [sta_top_parser] [parser.py:209]     → design=BIU_TOP              corner=ss_0p72v_0p72v_125c                 check=setup  wns=+2.483  status=MET
[2026-08-15 22:26:21] [DEBUG   ] [sta_top_parser] [parser.py:130]   Parsing: 27_HOLD_FF_N40C_SI_BIU_TOP.rpt
[2026-08-15 22:26:21] [DEBUG   ] [sta_top_parser] [parser.py:209]     → design=BIU_TOP              corner=ff_1p16v_1p16v_n40c                 check=hold   wns=+2.451  status=MET
[2026-08-15 22:26:21] [DEBUG   ] [sta_top_parser] [parser.py:130]   Parsing: 28_SETUP_SS_125C_FINAL_BIU_TOP.rpt
[2026-08-15 22:26:21] [DEBUG   ] [sta_top_parser] [parser.py:209]     → design=BIU_TOP              corner=ss_0p72v_0p72v_125c                 check=setup  wns=+2.413  status=MET
[2026-08-15 22:26:21] [DEBUG   ] [sta_top_parser] [parser.py:130]   Parsing: 29_HOLD_FF_N40C_FINAL_BIU_TOP.rpt
[2026-08-15 22:26:21] [DEBUG   ] [sta_top_parser] [parser.py:209]     → design=BIU_TOP              corner=ff_1p16v_1p16v_n40c                 check=hold   wns=+2.505  status=MET
[2026-08-15 22:26:21] [DEBUG   ] [sta_top_parser] [parser.py:130]   Parsing: 30_SETUP_TT_25C_FINAL_BIU_TOP.rpt
[2026-08-15 22:26:21] [DEBUG   ] [sta_top_parser] [parser.py:209]     → design=BIU_TOP              corner=tt_0p90v_0p90v_25c                  check=setup  wns=+2.485  status=MET
[2026-08-15 22:26:21] [DEBUG   ] [sta_top_parser] [parser.py:130]   Parsing: BIU_TIMING.rpt
[2026-08-15 22:26:21] [DEBUG   ] [sta_top_parser] [parser.py:209]     → design=N/A                  corner=N/A                                 check=N/A    wns=+0.000  status=UNKNOWN
[2026-08-15 22:26:21] [INFO    ] [sta_top_parser] [parser.py:294]   Parsed 31 / 31 report(s) OK
[2026-08-15 22:26:21] [INFO    ] [sta_top_parser] [dump_log.py:246] Dump log    → D:\Certificates\PD_STA_REPORTS\UNCORE\BIU\BIU_TOP_dump.log
[2026-08-15 22:26:21] [INFO    ] [sta_top_parser] [json_writer.py:75] JSON dump   → D:\Certificates\PD_STA_REPORTS\UNCORE\BIU\BIU_TOP_summary.json
[2026-08-15 22:26:21] [INFO    ] [sta_top_parser] [html_writer.py:479] HTML report → D:\Certificates\PD_STA_REPORTS\UNCORE\BIU\BIU_TOP_report.html
[2026-08-15 22:26:21] [INFO    ] [sta_top_parser] [sta_top_parser.py:328] [50/57] Scanning: UNCORE\CLOCK_DOMAIN
[2026-08-15 22:26:21] [INFO    ] [sta_top_parser] [parser.py:284]   Found 31 report file(s) in D:\Certificates\PD_STA_REPORTS\UNCORE\CLOCK_DOMAIN
[2026-08-15 22:26:21] [DEBUG   ] [sta_top_parser] [parser.py:130]   Parsing: 01_SETUP_SS_125C_CLOCK_DOMAIN_TOP.rpt
[2026-08-15 22:26:21] [DEBUG   ] [sta_top_parser] [parser.py:209]     → design=CLOCK_DOMAIN_TOP     corner=ss_0p72v_0p72v_125c                 check=setup  wns=+1.068  status=MET
[2026-08-15 22:26:21] [DEBUG   ] [sta_top_parser] [parser.py:130]   Parsing: 02_HOLD_FF_N40C_CLOCK_DOMAIN_TOP.rpt
[2026-08-15 22:26:21] [DEBUG   ] [sta_top_parser] [parser.py:209]     → design=CLOCK_DOMAIN_TOP     corner=ff_1p16v_1p16v_n40c                 check=hold   wns=+1.115  status=MET
[2026-08-15 22:26:21] [DEBUG   ] [sta_top_parser] [parser.py:130]   Parsing: 03_SETUP_TT_25C_CLOCK_DOMAIN_TOP.rpt
[2026-08-15 22:26:21] [DEBUG   ] [sta_top_parser] [parser.py:209]     → design=CLOCK_DOMAIN_TOP     corner=tt_0p90v_0p90v_25c                  check=setup  wns=+1.106  status=MET
[2026-08-15 22:26:21] [DEBUG   ] [sta_top_parser] [parser.py:130]   Parsing: 04_HOLD_TT_25C_CLOCK_DOMAIN_TOP.rpt
[2026-08-15 22:26:21] [DEBUG   ] [sta_top_parser] [parser.py:209]     → design=CLOCK_DOMAIN_TOP     corner=tt_0p90v_0p90v_25c                  check=hold   wns=+1.109  status=MET
[2026-08-15 22:26:21] [DEBUG   ] [sta_top_parser] [parser.py:130]   Parsing: 05_SETUP_SS_M40C_CLOCK_DOMAIN_TOP.rpt
[2026-08-15 22:26:21] [DEBUG   ] [sta_top_parser] [parser.py:209]     → design=CLOCK_DOMAIN_TOP     corner=ss_0p72v_0p72v_n40c                 check=setup  wns=+1.057  status=MET
[2026-08-15 22:26:21] [DEBUG   ] [sta_top_parser] [parser.py:130]   Parsing: 06_HOLD_FF_125C_CLOCK_DOMAIN_TOP.rpt
[2026-08-15 22:26:21] [DEBUG   ] [sta_top_parser] [parser.py:209]     → design=CLOCK_DOMAIN_TOP     corner=ff_1p16v_1p16v_125c                 check=hold   wns=+1.114  status=MET
[2026-08-15 22:26:21] [DEBUG   ] [sta_top_parser] [parser.py:130]   Parsing: 07_SETUP_LVSS_125C_CLOCK_DOMAIN_TOP.rpt
[2026-08-15 22:26:21] [DEBUG   ] [sta_top_parser] [parser.py:209]     → design=CLOCK_DOMAIN_TOP     corner=ss_0p63v_0p63v_125c                 check=setup  wns=+1.098  status=MET
[2026-08-15 22:26:21] [DEBUG   ] [sta_top_parser] [parser.py:130]   Parsing: 08_CG_CHECK_TT_25C_CLOCK_DOMAIN_TOP.rpt
[2026-08-15 22:26:21] [DEBUG   ] [sta_top_parser] [parser.py:209]     → design=CLOCK_DOMAIN_TOP     corner=tt_0p90v_0p90v_25c                  check=setup  wns=+1.059  status=MET
[2026-08-15 22:26:21] [DEBUG   ] [sta_top_parser] [parser.py:130]   Parsing: 09_RECOVERY_SS_125C_CLOCK_DOMAIN_TOP.rpt
[2026-08-15 22:26:21] [DEBUG   ] [sta_top_parser] [parser.py:209]     → design=CLOCK_DOMAIN_TOP     corner=ss_0p72v_0p72v_125c                 check=setup  wns=+0.995  status=MET
[2026-08-15 22:26:21] [DEBUG   ] [sta_top_parser] [parser.py:130]   Parsing: 10_MULTICYCLE_TT_25C_CLOCK_DOMAIN_TOP.rpt
[2026-08-15 22:26:21] [DEBUG   ] [sta_top_parser] [parser.py:209]     → design=CLOCK_DOMAIN_TOP     corner=tt_0p90v_0p90v_25c                  check=setup  wns=+1.104  status=MET
[2026-08-15 22:26:21] [DEBUG   ] [sta_top_parser] [parser.py:130]   Parsing: 11_SETUP_SS_125C_OCV_CLOCK_DOMAIN_TOP.rpt
[2026-08-15 22:26:21] [DEBUG   ] [sta_top_parser] [parser.py:209]     → design=CLOCK_DOMAIN_TOP     corner=ss_0p72v_0p72v_125c                 check=setup  wns=+1.104  status=MET
[2026-08-15 22:26:21] [DEBUG   ] [sta_top_parser] [parser.py:130]   Parsing: 12_HOLD_FF_N40C_OCV_CLOCK_DOMAIN_TOP.rpt
[2026-08-15 22:26:21] [DEBUG   ] [sta_top_parser] [parser.py:209]     → design=CLOCK_DOMAIN_TOP     corner=ff_1p16v_1p16v_n40c                 check=hold   wns=+1.071  status=MET
[2026-08-15 22:26:21] [DEBUG   ] [sta_top_parser] [parser.py:130]   Parsing: 13_SETUP_SS_125C_POCV_CLOCK_DOMAIN_TOP.rpt
[2026-08-15 22:26:21] [DEBUG   ] [sta_top_parser] [parser.py:209]     → design=CLOCK_DOMAIN_TOP     corner=ss_0p72v_0p72v_125c                 check=setup  wns=+1.048  status=MET
[2026-08-15 22:26:21] [DEBUG   ] [sta_top_parser] [parser.py:130]   Parsing: 14_HOLD_FF_N40C_POCV_CLOCK_DOMAIN_TOP.rpt
[2026-08-15 22:26:21] [DEBUG   ] [sta_top_parser] [parser.py:209]     → design=CLOCK_DOMAIN_TOP     corner=ff_1p16v_1p16v_n40c                 check=hold   wns=+1.067  status=MET
[2026-08-15 22:26:21] [DEBUG   ] [sta_top_parser] [parser.py:130]   Parsing: 15_SETUP_TT_85C_CLOCK_DOMAIN_TOP.rpt
[2026-08-15 22:26:21] [DEBUG   ] [sta_top_parser] [parser.py:209]     → design=CLOCK_DOMAIN_TOP     corner=tt_0p90v_0p90v_85c                  check=setup  wns=+1.080  status=MET
[2026-08-15 22:26:21] [DEBUG   ] [sta_top_parser] [parser.py:130]   Parsing: 16_HOLD_TT_85C_CLOCK_DOMAIN_TOP.rpt
[2026-08-15 22:26:21] [DEBUG   ] [sta_top_parser] [parser.py:209]     → design=CLOCK_DOMAIN_TOP     corner=tt_0p90v_0p90v_85c                  check=hold   wns=+1.128  status=MET
[2026-08-15 22:26:21] [DEBUG   ] [sta_top_parser] [parser.py:130]   Parsing: 17_SETUP_FF_125C_CLOCK_DOMAIN_TOP.rpt
[2026-08-15 22:26:21] [DEBUG   ] [sta_top_parser] [parser.py:209]     → design=CLOCK_DOMAIN_TOP     corner=ff_1p16v_1p16v_125c                 check=setup  wns=+1.099  status=MET
[2026-08-15 22:26:21] [DEBUG   ] [sta_top_parser] [parser.py:130]   Parsing: 18_HOLD_SS_125C_CLOCK_DOMAIN_TOP.rpt
[2026-08-15 22:26:21] [DEBUG   ] [sta_top_parser] [parser.py:209]     → design=CLOCK_DOMAIN_TOP     corner=ss_0p72v_0p72v_125c                 check=hold   wns=+1.152  status=MET
[2026-08-15 22:26:21] [DEBUG   ] [sta_top_parser] [parser.py:130]   Parsing: 19_SETUP_LVSS_N40C_CLOCK_DOMAIN_TOP.rpt
[2026-08-15 22:26:21] [DEBUG   ] [sta_top_parser] [parser.py:209]     → design=CLOCK_DOMAIN_TOP     corner=ss_0p63v_0p63v_n40c                 check=setup  wns=+1.056  status=MET
[2026-08-15 22:26:21] [DEBUG   ] [sta_top_parser] [parser.py:130]   Parsing: 20_HOLD_LVFF_N40C_CLOCK_DOMAIN_TOP.rpt
[2026-08-15 22:26:21] [DEBUG   ] [sta_top_parser] [parser.py:209]     → design=CLOCK_DOMAIN_TOP     corner=ff_1p32v_1p32v_n40c                 check=hold   wns=+1.181  status=MET
[2026-08-15 22:26:21] [DEBUG   ] [sta_top_parser] [parser.py:130]   Parsing: 21_CG_CHECK_SS_125C_CLOCK_DOMAIN_TOP.rpt
[2026-08-15 22:26:21] [DEBUG   ] [sta_top_parser] [parser.py:209]     → design=CLOCK_DOMAIN_TOP     corner=ss_0p72v_0p72v_125c                 check=setup  wns=+1.059  status=MET
[2026-08-15 22:26:21] [DEBUG   ] [sta_top_parser] [parser.py:130]   Parsing: 22_RECOVERY_TT_25C_CLOCK_DOMAIN_TOP.rpt
[2026-08-15 22:26:21] [DEBUG   ] [sta_top_parser] [parser.py:209]     → design=CLOCK_DOMAIN_TOP     corner=tt_0p90v_0p90v_25c                  check=setup  wns=+1.122  status=MET
[2026-08-15 22:26:21] [DEBUG   ] [sta_top_parser] [parser.py:130]   Parsing: 23_MULTICYCLE_SS_125C_CLOCK_DOMAIN_TOP.rpt
[2026-08-15 22:26:21] [DEBUG   ] [sta_top_parser] [parser.py:209]     → design=CLOCK_DOMAIN_TOP     corner=ss_0p72v_0p72v_125c                 check=setup  wns=+1.112  status=MET
[2026-08-15 22:26:21] [DEBUG   ] [sta_top_parser] [parser.py:130]   Parsing: 24_SETUP_TT_25C_ECO_CLOCK_DOMAIN_TOP.rpt
[2026-08-15 22:26:21] [DEBUG   ] [sta_top_parser] [parser.py:209]     → design=CLOCK_DOMAIN_TOP     corner=tt_0p90v_0p90v_25c                  check=setup  wns=+1.062  status=MET
[2026-08-15 22:26:21] [DEBUG   ] [sta_top_parser] [parser.py:130]   Parsing: 25_HOLD_TT_25C_ECO_CLOCK_DOMAIN_TOP.rpt
[2026-08-15 22:26:21] [DEBUG   ] [sta_top_parser] [parser.py:209]     → design=CLOCK_DOMAIN_TOP     corner=tt_0p90v_0p90v_25c                  check=hold   wns=+1.104  status=MET
[2026-08-15 22:26:21] [DEBUG   ] [sta_top_parser] [parser.py:130]   Parsing: 26_SETUP_SS_125C_SI_CLOCK_DOMAIN_TOP.rpt
[2026-08-15 22:26:21] [DEBUG   ] [sta_top_parser] [parser.py:209]     → design=CLOCK_DOMAIN_TOP     corner=ss_0p72v_0p72v_125c                 check=setup  wns=+1.095  status=MET
[2026-08-15 22:26:21] [DEBUG   ] [sta_top_parser] [parser.py:130]   Parsing: 27_HOLD_FF_N40C_SI_CLOCK_DOMAIN_TOP.rpt
[2026-08-15 22:26:21] [DEBUG   ] [sta_top_parser] [parser.py:209]     → design=CLOCK_DOMAIN_TOP     corner=ff_1p16v_1p16v_n40c                 check=hold   wns=+1.082  status=MET
[2026-08-15 22:26:21] [DEBUG   ] [sta_top_parser] [parser.py:130]   Parsing: 28_SETUP_SS_125C_FINAL_CLOCK_DOMAIN_TOP.rpt
[2026-08-15 22:26:21] [DEBUG   ] [sta_top_parser] [parser.py:209]     → design=CLOCK_DOMAIN_TOP     corner=ss_0p72v_0p72v_125c                 check=setup  wns=+1.089  status=MET
[2026-08-15 22:26:21] [DEBUG   ] [sta_top_parser] [parser.py:130]   Parsing: 29_HOLD_FF_N40C_FINAL_CLOCK_DOMAIN_TOP.rpt
[2026-08-15 22:26:21] [DEBUG   ] [sta_top_parser] [parser.py:209]     → design=CLOCK_DOMAIN_TOP     corner=ff_1p16v_1p16v_n40c                 check=hold   wns=+1.063  status=MET
[2026-08-15 22:26:21] [DEBUG   ] [sta_top_parser] [parser.py:130]   Parsing: 30_SETUP_TT_25C_FINAL_CLOCK_DOMAIN_TOP.rpt
[2026-08-15 22:26:21] [DEBUG   ] [sta_top_parser] [parser.py:209]     → design=CLOCK_DOMAIN_TOP     corner=tt_0p90v_0p90v_25c                  check=setup  wns=+1.114  status=MET
[2026-08-15 22:26:21] [DEBUG   ] [sta_top_parser] [parser.py:130]   Parsing: CLOCK_DOMAIN_TIMING.rpt
[2026-08-15 22:26:21] [DEBUG   ] [sta_top_parser] [parser.py:209]     → design=N/A                  corner=N/A                                 check=N/A    wns=+0.000  status=UNKNOWN
[2026-08-15 22:26:21] [INFO    ] [sta_top_parser] [parser.py:294]   Parsed 31 / 31 report(s) OK
[2026-08-15 22:26:21] [INFO    ] [sta_top_parser] [dump_log.py:246] Dump log    → D:\Certificates\PD_STA_REPORTS\UNCORE\CLOCK_DOMAIN\CLOCK_DOMAIN_TOP_dump.log
[2026-08-15 22:26:21] [INFO    ] [sta_top_parser] [json_writer.py:75] JSON dump   → D:\Certificates\PD_STA_REPORTS\UNCORE\CLOCK_DOMAIN\CLOCK_DOMAIN_TOP_summary.json
[2026-08-15 22:26:21] [INFO    ] [sta_top_parser] [html_writer.py:479] HTML report → D:\Certificates\PD_STA_REPORTS\UNCORE\CLOCK_DOMAIN\CLOCK_DOMAIN_TOP_report.html
[2026-08-15 22:26:21] [INFO    ] [sta_top_parser] [sta_top_parser.py:328] [51/57] Scanning: UNCORE\DEBUG_UNIT
[2026-08-15 22:26:21] [INFO    ] [sta_top_parser] [parser.py:284]   Found 31 report file(s) in D:\Certificates\PD_STA_REPORTS\UNCORE\DEBUG_UNIT
[2026-08-15 22:26:21] [DEBUG   ] [sta_top_parser] [parser.py:130]   Parsing: 01_SETUP_SS_125C_DEBUG_UNIT_TOP.rpt
[2026-08-15 22:26:21] [DEBUG   ] [sta_top_parser] [parser.py:209]     → design=DEBUG_UNIT_TOP       corner=ss_0p72v_0p72v_125c                 check=setup  wns=+4.091  status=MET
[2026-08-15 22:26:21] [DEBUG   ] [sta_top_parser] [parser.py:130]   Parsing: 02_HOLD_FF_N40C_DEBUG_UNIT_TOP.rpt
[2026-08-15 22:26:21] [DEBUG   ] [sta_top_parser] [parser.py:209]     → design=DEBUG_UNIT_TOP       corner=ff_1p16v_1p16v_n40c                 check=hold   wns=+4.167  status=MET
[2026-08-15 22:26:21] [DEBUG   ] [sta_top_parser] [parser.py:130]   Parsing: 03_SETUP_TT_25C_DEBUG_UNIT_TOP.rpt
[2026-08-15 22:26:21] [DEBUG   ] [sta_top_parser] [parser.py:209]     → design=DEBUG_UNIT_TOP       corner=tt_0p90v_0p90v_25c                  check=setup  wns=+4.076  status=MET
[2026-08-15 22:26:21] [DEBUG   ] [sta_top_parser] [parser.py:130]   Parsing: 04_HOLD_TT_25C_DEBUG_UNIT_TOP.rpt
[2026-08-15 22:26:21] [DEBUG   ] [sta_top_parser] [parser.py:209]     → design=DEBUG_UNIT_TOP       corner=tt_0p90v_0p90v_25c                  check=hold   wns=+4.099  status=MET
[2026-08-15 22:26:21] [DEBUG   ] [sta_top_parser] [parser.py:130]   Parsing: 05_SETUP_SS_M40C_DEBUG_UNIT_TOP.rpt
[2026-08-15 22:26:21] [DEBUG   ] [sta_top_parser] [parser.py:209]     → design=DEBUG_UNIT_TOP       corner=ss_0p72v_0p72v_n40c                 check=setup  wns=+4.065  status=MET
[2026-08-15 22:26:21] [DEBUG   ] [sta_top_parser] [parser.py:130]   Parsing: 06_HOLD_FF_125C_DEBUG_UNIT_TOP.rpt
[2026-08-15 22:26:21] [DEBUG   ] [sta_top_parser] [parser.py:209]     → design=DEBUG_UNIT_TOP       corner=ff_1p16v_1p16v_125c                 check=hold   wns=+4.103  status=MET
[2026-08-15 22:26:21] [DEBUG   ] [sta_top_parser] [parser.py:130]   Parsing: 07_SETUP_LVSS_125C_DEBUG_UNIT_TOP.rpt
[2026-08-15 22:26:21] [DEBUG   ] [sta_top_parser] [parser.py:209]     → design=DEBUG_UNIT_TOP       corner=ss_0p63v_0p63v_125c                 check=setup  wns=+4.092  status=MET
[2026-08-15 22:26:21] [DEBUG   ] [sta_top_parser] [parser.py:130]   Parsing: 08_CG_CHECK_TT_25C_DEBUG_UNIT_TOP.rpt
[2026-08-15 22:26:21] [DEBUG   ] [sta_top_parser] [parser.py:209]     → design=DEBUG_UNIT_TOP       corner=tt_0p90v_0p90v_25c                  check=setup  wns=+4.061  status=MET
[2026-08-15 22:26:21] [DEBUG   ] [sta_top_parser] [parser.py:130]   Parsing: 09_RECOVERY_SS_125C_DEBUG_UNIT_TOP.rpt
[2026-08-15 22:26:21] [DEBUG   ] [sta_top_parser] [parser.py:209]     → design=DEBUG_UNIT_TOP       corner=ss_0p72v_0p72v_125c                 check=setup  wns=+4.062  status=MET
[2026-08-15 22:26:21] [DEBUG   ] [sta_top_parser] [parser.py:130]   Parsing: 10_MULTICYCLE_TT_25C_DEBUG_UNIT_TOP.rpt
[2026-08-15 22:26:21] [DEBUG   ] [sta_top_parser] [parser.py:209]     → design=DEBUG_UNIT_TOP       corner=tt_0p90v_0p90v_25c                  check=setup  wns=+4.035  status=MET
[2026-08-15 22:26:21] [DEBUG   ] [sta_top_parser] [parser.py:130]   Parsing: 11_SETUP_SS_125C_OCV_DEBUG_UNIT_TOP.rpt
[2026-08-15 22:26:21] [DEBUG   ] [sta_top_parser] [parser.py:209]     → design=DEBUG_UNIT_TOP       corner=ss_0p72v_0p72v_125c                 check=setup  wns=+4.043  status=MET
[2026-08-15 22:26:21] [DEBUG   ] [sta_top_parser] [parser.py:130]   Parsing: 12_HOLD_FF_N40C_OCV_DEBUG_UNIT_TOP.rpt
[2026-08-15 22:26:21] [DEBUG   ] [sta_top_parser] [parser.py:209]     → design=DEBUG_UNIT_TOP       corner=ff_1p16v_1p16v_n40c                 check=hold   wns=+4.150  status=MET
[2026-08-15 22:26:21] [DEBUG   ] [sta_top_parser] [parser.py:130]   Parsing: 13_SETUP_SS_125C_POCV_DEBUG_UNIT_TOP.rpt
[2026-08-15 22:26:21] [DEBUG   ] [sta_top_parser] [parser.py:209]     → design=DEBUG_UNIT_TOP       corner=ss_0p72v_0p72v_125c                 check=setup  wns=+4.100  status=MET
[2026-08-15 22:26:21] [DEBUG   ] [sta_top_parser] [parser.py:130]   Parsing: 14_HOLD_FF_N40C_POCV_DEBUG_UNIT_TOP.rpt
[2026-08-15 22:26:21] [DEBUG   ] [sta_top_parser] [parser.py:209]     → design=DEBUG_UNIT_TOP       corner=ff_1p16v_1p16v_n40c                 check=hold   wns=+4.083  status=MET
[2026-08-15 22:26:21] [DEBUG   ] [sta_top_parser] [parser.py:130]   Parsing: 15_SETUP_TT_85C_DEBUG_UNIT_TOP.rpt
[2026-08-15 22:26:21] [DEBUG   ] [sta_top_parser] [parser.py:209]     → design=DEBUG_UNIT_TOP       corner=tt_0p90v_0p90v_85c                  check=setup  wns=+4.091  status=MET
[2026-08-15 22:26:21] [DEBUG   ] [sta_top_parser] [parser.py:130]   Parsing: 16_HOLD_TT_85C_DEBUG_UNIT_TOP.rpt
[2026-08-15 22:26:21] [DEBUG   ] [sta_top_parser] [parser.py:209]     → design=DEBUG_UNIT_TOP       corner=tt_0p90v_0p90v_85c                  check=hold   wns=+4.143  status=MET
[2026-08-15 22:26:21] [DEBUG   ] [sta_top_parser] [parser.py:130]   Parsing: 17_SETUP_FF_125C_DEBUG_UNIT_TOP.rpt
[2026-08-15 22:26:21] [DEBUG   ] [sta_top_parser] [parser.py:209]     → design=DEBUG_UNIT_TOP       corner=ff_1p16v_1p16v_125c                 check=setup  wns=+4.100  status=MET
[2026-08-15 22:26:21] [DEBUG   ] [sta_top_parser] [parser.py:130]   Parsing: 18_HOLD_SS_125C_DEBUG_UNIT_TOP.rpt
[2026-08-15 22:26:21] [DEBUG   ] [sta_top_parser] [parser.py:209]     → design=DEBUG_UNIT_TOP       corner=ss_0p72v_0p72v_125c                 check=hold   wns=+4.119  status=MET
[2026-08-15 22:26:21] [DEBUG   ] [sta_top_parser] [parser.py:130]   Parsing: 19_SETUP_LVSS_N40C_DEBUG_UNIT_TOP.rpt
[2026-08-15 22:26:21] [DEBUG   ] [sta_top_parser] [parser.py:209]     → design=DEBUG_UNIT_TOP       corner=ss_0p63v_0p63v_n40c                 check=setup  wns=+4.156  status=MET
[2026-08-15 22:26:21] [DEBUG   ] [sta_top_parser] [parser.py:130]   Parsing: 20_HOLD_LVFF_N40C_DEBUG_UNIT_TOP.rpt
[2026-08-15 22:26:21] [DEBUG   ] [sta_top_parser] [parser.py:209]     → design=DEBUG_UNIT_TOP       corner=ff_1p32v_1p32v_n40c                 check=hold   wns=+4.065  status=MET
[2026-08-15 22:26:21] [DEBUG   ] [sta_top_parser] [parser.py:130]   Parsing: 21_CG_CHECK_SS_125C_DEBUG_UNIT_TOP.rpt
[2026-08-15 22:26:21] [DEBUG   ] [sta_top_parser] [parser.py:209]     → design=DEBUG_UNIT_TOP       corner=ss_0p72v_0p72v_125c                 check=setup  wns=+4.147  status=MET
[2026-08-15 22:26:21] [DEBUG   ] [sta_top_parser] [parser.py:130]   Parsing: 22_RECOVERY_TT_25C_DEBUG_UNIT_TOP.rpt
[2026-08-15 22:26:21] [DEBUG   ] [sta_top_parser] [parser.py:209]     → design=DEBUG_UNIT_TOP       corner=tt_0p90v_0p90v_25c                  check=setup  wns=+4.137  status=MET
[2026-08-15 22:26:21] [DEBUG   ] [sta_top_parser] [parser.py:130]   Parsing: 23_MULTICYCLE_SS_125C_DEBUG_UNIT_TOP.rpt
[2026-08-15 22:26:21] [DEBUG   ] [sta_top_parser] [parser.py:209]     → design=DEBUG_UNIT_TOP       corner=ss_0p72v_0p72v_125c                 check=setup  wns=+4.059  status=MET
[2026-08-15 22:26:21] [DEBUG   ] [sta_top_parser] [parser.py:130]   Parsing: 24_SETUP_TT_25C_ECO_DEBUG_UNIT_TOP.rpt
[2026-08-15 22:26:21] [DEBUG   ] [sta_top_parser] [parser.py:209]     → design=DEBUG_UNIT_TOP       corner=tt_0p90v_0p90v_25c                  check=setup  wns=+4.132  status=MET
[2026-08-15 22:26:21] [DEBUG   ] [sta_top_parser] [parser.py:130]   Parsing: 25_HOLD_TT_25C_ECO_DEBUG_UNIT_TOP.rpt
[2026-08-15 22:26:21] [DEBUG   ] [sta_top_parser] [parser.py:209]     → design=DEBUG_UNIT_TOP       corner=tt_0p90v_0p90v_25c                  check=hold   wns=+4.106  status=MET
[2026-08-15 22:26:21] [DEBUG   ] [sta_top_parser] [parser.py:130]   Parsing: 26_SETUP_SS_125C_SI_DEBUG_UNIT_TOP.rpt
[2026-08-15 22:26:21] [DEBUG   ] [sta_top_parser] [parser.py:209]     → design=DEBUG_UNIT_TOP       corner=ss_0p72v_0p72v_125c                 check=setup  wns=+4.065  status=MET
[2026-08-15 22:26:21] [DEBUG   ] [sta_top_parser] [parser.py:130]   Parsing: 27_HOLD_FF_N40C_SI_DEBUG_UNIT_TOP.rpt
[2026-08-15 22:26:21] [DEBUG   ] [sta_top_parser] [parser.py:209]     → design=DEBUG_UNIT_TOP       corner=ff_1p16v_1p16v_n40c                 check=hold   wns=+4.105  status=MET
[2026-08-15 22:26:21] [DEBUG   ] [sta_top_parser] [parser.py:130]   Parsing: 28_SETUP_SS_125C_FINAL_DEBUG_UNIT_TOP.rpt
[2026-08-15 22:26:21] [DEBUG   ] [sta_top_parser] [parser.py:209]     → design=DEBUG_UNIT_TOP       corner=ss_0p72v_0p72v_125c                 check=setup  wns=+4.093  status=MET
[2026-08-15 22:26:21] [DEBUG   ] [sta_top_parser] [parser.py:130]   Parsing: 29_HOLD_FF_N40C_FINAL_DEBUG_UNIT_TOP.rpt
[2026-08-15 22:26:21] [DEBUG   ] [sta_top_parser] [parser.py:209]     → design=DEBUG_UNIT_TOP       corner=ff_1p16v_1p16v_n40c                 check=hold   wns=+4.072  status=MET
[2026-08-15 22:26:21] [DEBUG   ] [sta_top_parser] [parser.py:130]   Parsing: 30_SETUP_TT_25C_FINAL_DEBUG_UNIT_TOP.rpt
[2026-08-15 22:26:21] [DEBUG   ] [sta_top_parser] [parser.py:209]     → design=DEBUG_UNIT_TOP       corner=tt_0p90v_0p90v_25c                  check=setup  wns=+4.094  status=MET
[2026-08-15 22:26:21] [DEBUG   ] [sta_top_parser] [parser.py:130]   Parsing: DEBUG_UNIT_TIMING.rpt
[2026-08-15 22:26:21] [DEBUG   ] [sta_top_parser] [parser.py:209]     → design=N/A                  corner=N/A                                 check=N/A    wns=+0.000  status=UNKNOWN
[2026-08-15 22:26:21] [INFO    ] [sta_top_parser] [parser.py:294]   Parsed 31 / 31 report(s) OK
[2026-08-15 22:26:21] [INFO    ] [sta_top_parser] [dump_log.py:246] Dump log    → D:\Certificates\PD_STA_REPORTS\UNCORE\DEBUG_UNIT\DEBUG_UNIT_TOP_dump.log
[2026-08-15 22:26:21] [INFO    ] [sta_top_parser] [json_writer.py:75] JSON dump   → D:\Certificates\PD_STA_REPORTS\UNCORE\DEBUG_UNIT\DEBUG_UNIT_TOP_summary.json
[2026-08-15 22:26:21] [INFO    ] [sta_top_parser] [html_writer.py:479] HTML report → D:\Certificates\PD_STA_REPORTS\UNCORE\DEBUG_UNIT\DEBUG_UNIT_TOP_report.html
[2026-08-15 22:26:21] [INFO    ] [sta_top_parser] [sta_top_parser.py:328] [52/57] Scanning: UNCORE\INTERRUPT_CONTROLLER
[2026-08-15 22:26:21] [INFO    ] [sta_top_parser] [parser.py:284]   Found 31 report file(s) in D:\Certificates\PD_STA_REPORTS\UNCORE\INTERRUPT_CONTROLLER
[2026-08-15 22:26:21] [DEBUG   ] [sta_top_parser] [parser.py:130]   Parsing: 01_SETUP_SS_125C_INT_CTRL_TOP.rpt
[2026-08-15 22:26:21] [DEBUG   ] [sta_top_parser] [parser.py:209]     → design=INT_CTRL_TOP         corner=ss_0p72v_0p72v_125c                 check=setup  wns=+1.044  status=MET
[2026-08-15 22:26:21] [DEBUG   ] [sta_top_parser] [parser.py:130]   Parsing: 02_HOLD_FF_N40C_INT_CTRL_TOP.rpt
[2026-08-15 22:26:21] [DEBUG   ] [sta_top_parser] [parser.py:209]     → design=INT_CTRL_TOP         corner=ff_1p16v_1p16v_n40c                 check=hold   wns=+1.120  status=MET
[2026-08-15 22:26:21] [DEBUG   ] [sta_top_parser] [parser.py:130]   Parsing: 03_SETUP_TT_25C_INT_CTRL_TOP.rpt
[2026-08-15 22:26:21] [DEBUG   ] [sta_top_parser] [parser.py:209]     → design=INT_CTRL_TOP         corner=tt_0p90v_0p90v_25c                  check=setup  wns=+1.158  status=MET
[2026-08-15 22:26:21] [DEBUG   ] [sta_top_parser] [parser.py:130]   Parsing: 04_HOLD_TT_25C_INT_CTRL_TOP.rpt
[2026-08-15 22:26:21] [DEBUG   ] [sta_top_parser] [parser.py:209]     → design=INT_CTRL_TOP         corner=tt_0p90v_0p90v_25c                  check=hold   wns=+1.093  status=MET
[2026-08-15 22:26:21] [DEBUG   ] [sta_top_parser] [parser.py:130]   Parsing: 05_SETUP_SS_M40C_INT_CTRL_TOP.rpt
[2026-08-15 22:26:21] [DEBUG   ] [sta_top_parser] [parser.py:209]     → design=INT_CTRL_TOP         corner=ss_0p72v_0p72v_n40c                 check=setup  wns=+1.109  status=MET
[2026-08-15 22:26:21] [DEBUG   ] [sta_top_parser] [parser.py:130]   Parsing: 06_HOLD_FF_125C_INT_CTRL_TOP.rpt
[2026-08-15 22:26:21] [DEBUG   ] [sta_top_parser] [parser.py:209]     → design=INT_CTRL_TOP         corner=ff_1p16v_1p16v_125c                 check=hold   wns=+1.073  status=MET
[2026-08-15 22:26:21] [DEBUG   ] [sta_top_parser] [parser.py:130]   Parsing: 07_SETUP_LVSS_125C_INT_CTRL_TOP.rpt
[2026-08-15 22:26:21] [DEBUG   ] [sta_top_parser] [parser.py:209]     → design=INT_CTRL_TOP         corner=ss_0p63v_0p63v_125c                 check=setup  wns=+1.088  status=MET
[2026-08-15 22:26:21] [DEBUG   ] [sta_top_parser] [parser.py:130]   Parsing: 08_CG_CHECK_TT_25C_INT_CTRL_TOP.rpt
[2026-08-15 22:26:21] [DEBUG   ] [sta_top_parser] [parser.py:209]     → design=INT_CTRL_TOP         corner=tt_0p90v_0p90v_25c                  check=setup  wns=+1.170  status=MET
[2026-08-15 22:26:21] [DEBUG   ] [sta_top_parser] [parser.py:130]   Parsing: 09_RECOVERY_SS_125C_INT_CTRL_TOP.rpt
[2026-08-15 22:26:21] [DEBUG   ] [sta_top_parser] [parser.py:209]     → design=INT_CTRL_TOP         corner=ss_0p72v_0p72v_125c                 check=setup  wns=+1.071  status=MET
[2026-08-15 22:26:21] [DEBUG   ] [sta_top_parser] [parser.py:130]   Parsing: 10_MULTICYCLE_TT_25C_INT_CTRL_TOP.rpt
[2026-08-15 22:26:21] [DEBUG   ] [sta_top_parser] [parser.py:209]     → design=INT_CTRL_TOP         corner=tt_0p90v_0p90v_25c                  check=setup  wns=+1.061  status=MET
[2026-08-15 22:26:21] [DEBUG   ] [sta_top_parser] [parser.py:130]   Parsing: 11_SETUP_SS_125C_OCV_INT_CTRL_TOP.rpt
[2026-08-15 22:26:21] [DEBUG   ] [sta_top_parser] [parser.py:209]     → design=INT_CTRL_TOP         corner=ss_0p72v_0p72v_125c                 check=setup  wns=+1.165  status=MET
[2026-08-15 22:26:21] [DEBUG   ] [sta_top_parser] [parser.py:130]   Parsing: 12_HOLD_FF_N40C_OCV_INT_CTRL_TOP.rpt
[2026-08-15 22:26:21] [DEBUG   ] [sta_top_parser] [parser.py:209]     → design=INT_CTRL_TOP         corner=ff_1p16v_1p16v_n40c                 check=hold   wns=+1.128  status=MET
[2026-08-15 22:26:21] [DEBUG   ] [sta_top_parser] [parser.py:130]   Parsing: 13_SETUP_SS_125C_POCV_INT_CTRL_TOP.rpt
[2026-08-15 22:26:21] [DEBUG   ] [sta_top_parser] [parser.py:209]     → design=INT_CTRL_TOP         corner=ss_0p72v_0p72v_125c                 check=setup  wns=+1.145  status=MET
[2026-08-15 22:26:21] [DEBUG   ] [sta_top_parser] [parser.py:130]   Parsing: 14_HOLD_FF_N40C_POCV_INT_CTRL_TOP.rpt
[2026-08-15 22:26:21] [DEBUG   ] [sta_top_parser] [parser.py:209]     → design=INT_CTRL_TOP         corner=ff_1p16v_1p16v_n40c                 check=hold   wns=+1.076  status=MET
[2026-08-15 22:26:21] [DEBUG   ] [sta_top_parser] [parser.py:130]   Parsing: 15_SETUP_TT_85C_INT_CTRL_TOP.rpt
[2026-08-15 22:26:21] [DEBUG   ] [sta_top_parser] [parser.py:209]     → design=INT_CTRL_TOP         corner=tt_0p90v_0p90v_85c                  check=setup  wns=+1.118  status=MET
[2026-08-15 22:26:21] [DEBUG   ] [sta_top_parser] [parser.py:130]   Parsing: 16_HOLD_TT_85C_INT_CTRL_TOP.rpt
[2026-08-15 22:26:21] [DEBUG   ] [sta_top_parser] [parser.py:209]     → design=INT_CTRL_TOP         corner=tt_0p90v_0p90v_85c                  check=hold   wns=+1.044  status=MET
[2026-08-15 22:26:21] [DEBUG   ] [sta_top_parser] [parser.py:130]   Parsing: 17_SETUP_FF_125C_INT_CTRL_TOP.rpt
[2026-08-15 22:26:21] [DEBUG   ] [sta_top_parser] [parser.py:209]     → design=INT_CTRL_TOP         corner=ff_1p16v_1p16v_125c                 check=setup  wns=+1.116  status=MET
[2026-08-15 22:26:21] [DEBUG   ] [sta_top_parser] [parser.py:130]   Parsing: 18_HOLD_SS_125C_INT_CTRL_TOP.rpt
[2026-08-15 22:26:21] [DEBUG   ] [sta_top_parser] [parser.py:209]     → design=INT_CTRL_TOP         corner=ss_0p72v_0p72v_125c                 check=hold   wns=+1.091  status=MET
[2026-08-15 22:26:21] [DEBUG   ] [sta_top_parser] [parser.py:130]   Parsing: 19_SETUP_LVSS_N40C_INT_CTRL_TOP.rpt
[2026-08-15 22:26:21] [DEBUG   ] [sta_top_parser] [parser.py:209]     → design=INT_CTRL_TOP         corner=ss_0p63v_0p63v_n40c                 check=setup  wns=+1.112  status=MET
[2026-08-15 22:26:21] [DEBUG   ] [sta_top_parser] [parser.py:130]   Parsing: 20_HOLD_LVFF_N40C_INT_CTRL_TOP.rpt
[2026-08-15 22:26:21] [DEBUG   ] [sta_top_parser] [parser.py:209]     → design=INT_CTRL_TOP         corner=ff_1p32v_1p32v_n40c                 check=hold   wns=+1.163  status=MET
[2026-08-15 22:26:21] [DEBUG   ] [sta_top_parser] [parser.py:130]   Parsing: 21_CG_CHECK_SS_125C_INT_CTRL_TOP.rpt
[2026-08-15 22:26:21] [DEBUG   ] [sta_top_parser] [parser.py:209]     → design=INT_CTRL_TOP         corner=ss_0p72v_0p72v_125c                 check=setup  wns=+1.160  status=MET
[2026-08-15 22:26:21] [DEBUG   ] [sta_top_parser] [parser.py:130]   Parsing: 22_RECOVERY_TT_25C_INT_CTRL_TOP.rpt
[2026-08-15 22:26:21] [DEBUG   ] [sta_top_parser] [parser.py:209]     → design=INT_CTRL_TOP         corner=tt_0p90v_0p90v_25c                  check=setup  wns=+1.113  status=MET
[2026-08-15 22:26:21] [DEBUG   ] [sta_top_parser] [parser.py:130]   Parsing: 23_MULTICYCLE_SS_125C_INT_CTRL_TOP.rpt
[2026-08-15 22:26:21] [DEBUG   ] [sta_top_parser] [parser.py:209]     → design=INT_CTRL_TOP         corner=ss_0p72v_0p72v_125c                 check=setup  wns=+1.118  status=MET
[2026-08-15 22:26:21] [DEBUG   ] [sta_top_parser] [parser.py:130]   Parsing: 24_SETUP_TT_25C_ECO_INT_CTRL_TOP.rpt
[2026-08-15 22:26:21] [DEBUG   ] [sta_top_parser] [parser.py:209]     → design=INT_CTRL_TOP         corner=tt_0p90v_0p90v_25c                  check=setup  wns=+1.090  status=MET
[2026-08-15 22:26:21] [DEBUG   ] [sta_top_parser] [parser.py:130]   Parsing: 25_HOLD_TT_25C_ECO_INT_CTRL_TOP.rpt
[2026-08-15 22:26:21] [DEBUG   ] [sta_top_parser] [parser.py:209]     → design=INT_CTRL_TOP         corner=tt_0p90v_0p90v_25c                  check=hold   wns=+1.130  status=MET
[2026-08-15 22:26:21] [DEBUG   ] [sta_top_parser] [parser.py:130]   Parsing: 26_SETUP_SS_125C_SI_INT_CTRL_TOP.rpt
[2026-08-15 22:26:21] [DEBUG   ] [sta_top_parser] [parser.py:209]     → design=INT_CTRL_TOP         corner=ss_0p72v_0p72v_125c                 check=setup  wns=+1.060  status=MET
[2026-08-15 22:26:21] [DEBUG   ] [sta_top_parser] [parser.py:130]   Parsing: 27_HOLD_FF_N40C_SI_INT_CTRL_TOP.rpt
[2026-08-15 22:26:21] [DEBUG   ] [sta_top_parser] [parser.py:209]     → design=INT_CTRL_TOP         corner=ff_1p16v_1p16v_n40c                 check=hold   wns=+1.081  status=MET
[2026-08-15 22:26:21] [DEBUG   ] [sta_top_parser] [parser.py:130]   Parsing: 28_SETUP_SS_125C_FINAL_INT_CTRL_TOP.rpt
[2026-08-15 22:26:21] [DEBUG   ] [sta_top_parser] [parser.py:209]     → design=INT_CTRL_TOP         corner=ss_0p72v_0p72v_125c                 check=setup  wns=+1.049  status=MET
[2026-08-15 22:26:21] [DEBUG   ] [sta_top_parser] [parser.py:130]   Parsing: 29_HOLD_FF_N40C_FINAL_INT_CTRL_TOP.rpt
[2026-08-15 22:26:21] [DEBUG   ] [sta_top_parser] [parser.py:209]     → design=INT_CTRL_TOP         corner=ff_1p16v_1p16v_n40c                 check=hold   wns=+1.126  status=MET
[2026-08-15 22:26:21] [DEBUG   ] [sta_top_parser] [parser.py:130]   Parsing: 30_SETUP_TT_25C_FINAL_INT_CTRL_TOP.rpt
[2026-08-15 22:26:21] [DEBUG   ] [sta_top_parser] [parser.py:209]     → design=INT_CTRL_TOP         corner=tt_0p90v_0p90v_25c                  check=setup  wns=+1.081  status=MET
[2026-08-15 22:26:21] [DEBUG   ] [sta_top_parser] [parser.py:130]   Parsing: INT_CTRL_TIMING.rpt
[2026-08-15 22:26:21] [DEBUG   ] [sta_top_parser] [parser.py:209]     → design=N/A                  corner=N/A                                 check=N/A    wns=+0.000  status=UNKNOWN
[2026-08-15 22:26:21] [INFO    ] [sta_top_parser] [parser.py:294]   Parsed 31 / 31 report(s) OK
[2026-08-15 22:26:21] [INFO    ] [sta_top_parser] [dump_log.py:246] Dump log    → D:\Certificates\PD_STA_REPORTS\UNCORE\INTERRUPT_CONTROLLER\INT_CTRL_TOP_dump.log
[2026-08-15 22:26:21] [INFO    ] [sta_top_parser] [json_writer.py:75] JSON dump   → D:\Certificates\PD_STA_REPORTS\UNCORE\INTERRUPT_CONTROLLER\INT_CTRL_TOP_summary.json
[2026-08-15 22:26:21] [INFO    ] [sta_top_parser] [html_writer.py:479] HTML report → D:\Certificates\PD_STA_REPORTS\UNCORE\INTERRUPT_CONTROLLER\INT_CTRL_TOP_report.html
[2026-08-15 22:26:21] [INFO    ] [sta_top_parser] [sta_top_parser.py:328] [53/57] Scanning: UNCORE\MEMORY_CONTROLLER
[2026-08-15 22:26:21] [INFO    ] [sta_top_parser] [parser.py:284]   Found 31 report file(s) in D:\Certificates\PD_STA_REPORTS\UNCORE\MEMORY_CONTROLLER
[2026-08-15 22:26:21] [DEBUG   ] [sta_top_parser] [parser.py:130]   Parsing: 01_SETUP_SS_125C_MC_TOP.rpt
[2026-08-15 22:26:21] [DEBUG   ] [sta_top_parser] [parser.py:209]     → design=MC_TOP               corner=ss_0p72v_0p72v_125c                 check=setup  wns=+2.437  status=MET
[2026-08-15 22:26:21] [DEBUG   ] [sta_top_parser] [parser.py:130]   Parsing: 02_HOLD_FF_N40C_MC_TOP.rpt
[2026-08-15 22:26:21] [DEBUG   ] [sta_top_parser] [parser.py:209]     → design=MC_TOP               corner=ff_1p16v_1p16v_n40c                 check=hold   wns=+2.379  status=MET
[2026-08-15 22:26:21] [DEBUG   ] [sta_top_parser] [parser.py:130]   Parsing: 03_SETUP_TT_25C_MC_TOP.rpt
[2026-08-15 22:26:21] [DEBUG   ] [sta_top_parser] [parser.py:209]     → design=MC_TOP               corner=tt_0p90v_0p90v_25c                  check=setup  wns=+2.524  status=MET
[2026-08-15 22:26:21] [DEBUG   ] [sta_top_parser] [parser.py:130]   Parsing: 04_HOLD_TT_25C_MC_TOP.rpt
[2026-08-15 22:26:21] [DEBUG   ] [sta_top_parser] [parser.py:209]     → design=MC_TOP               corner=tt_0p90v_0p90v_25c                  check=hold   wns=+2.397  status=MET
[2026-08-15 22:26:21] [DEBUG   ] [sta_top_parser] [parser.py:130]   Parsing: 05_SETUP_SS_M40C_MC_TOP.rpt
[2026-08-15 22:26:21] [DEBUG   ] [sta_top_parser] [parser.py:209]     → design=MC_TOP               corner=ss_0p72v_0p72v_n40c                 check=setup  wns=+2.474  status=MET
[2026-08-15 22:26:21] [DEBUG   ] [sta_top_parser] [parser.py:130]   Parsing: 06_HOLD_FF_125C_MC_TOP.rpt
[2026-08-15 22:26:21] [DEBUG   ] [sta_top_parser] [parser.py:209]     → design=MC_TOP               corner=ff_1p16v_1p16v_125c                 check=hold   wns=+2.421  status=MET
[2026-08-15 22:26:21] [DEBUG   ] [sta_top_parser] [parser.py:130]   Parsing: 07_SETUP_LVSS_125C_MC_TOP.rpt
[2026-08-15 22:26:21] [DEBUG   ] [sta_top_parser] [parser.py:209]     → design=MC_TOP               corner=ss_0p63v_0p63v_125c                 check=setup  wns=+2.423  status=MET
[2026-08-15 22:26:21] [DEBUG   ] [sta_top_parser] [parser.py:130]   Parsing: 08_CG_CHECK_TT_25C_MC_TOP.rpt
[2026-08-15 22:26:21] [DEBUG   ] [sta_top_parser] [parser.py:209]     → design=MC_TOP               corner=tt_0p90v_0p90v_25c                  check=setup  wns=+2.402  status=MET
[2026-08-15 22:26:21] [DEBUG   ] [sta_top_parser] [parser.py:130]   Parsing: 09_RECOVERY_SS_125C_MC_TOP.rpt
[2026-08-15 22:26:21] [DEBUG   ] [sta_top_parser] [parser.py:209]     → design=MC_TOP               corner=ss_0p72v_0p72v_125c                 check=setup  wns=+2.395  status=MET
[2026-08-15 22:26:21] [DEBUG   ] [sta_top_parser] [parser.py:130]   Parsing: 10_MULTICYCLE_TT_25C_MC_TOP.rpt
[2026-08-15 22:26:21] [DEBUG   ] [sta_top_parser] [parser.py:209]     → design=MC_TOP               corner=tt_0p90v_0p90v_25c                  check=setup  wns=+2.415  status=MET
[2026-08-15 22:26:21] [DEBUG   ] [sta_top_parser] [parser.py:130]   Parsing: 11_SETUP_SS_125C_OCV_MC_TOP.rpt
[2026-08-15 22:26:21] [DEBUG   ] [sta_top_parser] [parser.py:209]     → design=MC_TOP               corner=ss_0p72v_0p72v_125c                 check=setup  wns=+2.451  status=MET
[2026-08-15 22:26:21] [DEBUG   ] [sta_top_parser] [parser.py:130]   Parsing: 12_HOLD_FF_N40C_OCV_MC_TOP.rpt
[2026-08-15 22:26:21] [DEBUG   ] [sta_top_parser] [parser.py:209]     → design=MC_TOP               corner=ff_1p16v_1p16v_n40c                 check=hold   wns=+2.381  status=MET
[2026-08-15 22:26:21] [DEBUG   ] [sta_top_parser] [parser.py:130]   Parsing: 13_SETUP_SS_125C_POCV_MC_TOP.rpt
[2026-08-15 22:26:21] [DEBUG   ] [sta_top_parser] [parser.py:209]     → design=MC_TOP               corner=ss_0p72v_0p72v_125c                 check=setup  wns=+2.402  status=MET
[2026-08-15 22:26:21] [DEBUG   ] [sta_top_parser] [parser.py:130]   Parsing: 14_HOLD_FF_N40C_POCV_MC_TOP.rpt
[2026-08-15 22:26:21] [DEBUG   ] [sta_top_parser] [parser.py:209]     → design=MC_TOP               corner=ff_1p16v_1p16v_n40c                 check=hold   wns=+2.464  status=MET
[2026-08-15 22:26:21] [DEBUG   ] [sta_top_parser] [parser.py:130]   Parsing: 15_SETUP_TT_85C_MC_TOP.rpt
[2026-08-15 22:26:21] [DEBUG   ] [sta_top_parser] [parser.py:209]     → design=MC_TOP               corner=tt_0p90v_0p90v_85c                  check=setup  wns=+2.402  status=MET
[2026-08-15 22:26:21] [DEBUG   ] [sta_top_parser] [parser.py:130]   Parsing: 16_HOLD_TT_85C_MC_TOP.rpt
[2026-08-15 22:26:21] [DEBUG   ] [sta_top_parser] [parser.py:209]     → design=MC_TOP               corner=tt_0p90v_0p90v_85c                  check=hold   wns=+2.464  status=MET
[2026-08-15 22:26:21] [DEBUG   ] [sta_top_parser] [parser.py:130]   Parsing: 17_SETUP_FF_125C_MC_TOP.rpt
[2026-08-15 22:26:21] [DEBUG   ] [sta_top_parser] [parser.py:209]     → design=MC_TOP               corner=ff_1p16v_1p16v_125c                 check=setup  wns=+2.507  status=MET
[2026-08-15 22:26:21] [DEBUG   ] [sta_top_parser] [parser.py:130]   Parsing: 18_HOLD_SS_125C_MC_TOP.rpt
[2026-08-15 22:26:21] [DEBUG   ] [sta_top_parser] [parser.py:209]     → design=MC_TOP               corner=ss_0p72v_0p72v_125c                 check=hold   wns=+2.474  status=MET
[2026-08-15 22:26:21] [DEBUG   ] [sta_top_parser] [parser.py:130]   Parsing: 19_SETUP_LVSS_N40C_MC_TOP.rpt
[2026-08-15 22:26:21] [DEBUG   ] [sta_top_parser] [parser.py:209]     → design=MC_TOP               corner=ss_0p63v_0p63v_n40c                 check=setup  wns=+2.452  status=MET
[2026-08-15 22:26:21] [DEBUG   ] [sta_top_parser] [parser.py:130]   Parsing: 20_HOLD_LVFF_N40C_MC_TOP.rpt
[2026-08-15 22:26:21] [DEBUG   ] [sta_top_parser] [parser.py:209]     → design=MC_TOP               corner=ff_1p32v_1p32v_n40c                 check=hold   wns=+2.455  status=MET
[2026-08-15 22:26:21] [DEBUG   ] [sta_top_parser] [parser.py:130]   Parsing: 21_CG_CHECK_SS_125C_MC_TOP.rpt
[2026-08-15 22:26:21] [DEBUG   ] [sta_top_parser] [parser.py:209]     → design=MC_TOP               corner=ss_0p72v_0p72v_125c                 check=setup  wns=+2.399  status=MET
[2026-08-15 22:26:21] [DEBUG   ] [sta_top_parser] [parser.py:130]   Parsing: 22_RECOVERY_TT_25C_MC_TOP.rpt
[2026-08-15 22:26:21] [DEBUG   ] [sta_top_parser] [parser.py:209]     → design=MC_TOP               corner=tt_0p90v_0p90v_25c                  check=setup  wns=+2.444  status=MET
[2026-08-15 22:26:21] [DEBUG   ] [sta_top_parser] [parser.py:130]   Parsing: 23_MULTICYCLE_SS_125C_MC_TOP.rpt
[2026-08-15 22:26:21] [DEBUG   ] [sta_top_parser] [parser.py:209]     → design=MC_TOP               corner=ss_0p72v_0p72v_125c                 check=setup  wns=+2.402  status=MET
[2026-08-15 22:26:21] [DEBUG   ] [sta_top_parser] [parser.py:130]   Parsing: 24_SETUP_TT_25C_ECO_MC_TOP.rpt
[2026-08-15 22:26:21] [DEBUG   ] [sta_top_parser] [parser.py:209]     → design=MC_TOP               corner=tt_0p90v_0p90v_25c                  check=setup  wns=+2.424  status=MET
[2026-08-15 22:26:21] [DEBUG   ] [sta_top_parser] [parser.py:130]   Parsing: 25_HOLD_TT_25C_ECO_MC_TOP.rpt
[2026-08-15 22:26:21] [DEBUG   ] [sta_top_parser] [parser.py:209]     → design=MC_TOP               corner=tt_0p90v_0p90v_25c                  check=hold   wns=+2.377  status=MET
[2026-08-15 22:26:21] [DEBUG   ] [sta_top_parser] [parser.py:130]   Parsing: 26_SETUP_SS_125C_SI_MC_TOP.rpt
[2026-08-15 22:26:21] [DEBUG   ] [sta_top_parser] [parser.py:209]     → design=MC_TOP               corner=ss_0p72v_0p72v_125c                 check=setup  wns=+2.443  status=MET
[2026-08-15 22:26:21] [DEBUG   ] [sta_top_parser] [parser.py:130]   Parsing: 27_HOLD_FF_N40C_SI_MC_TOP.rpt
[2026-08-15 22:26:21] [DEBUG   ] [sta_top_parser] [parser.py:209]     → design=MC_TOP               corner=ff_1p16v_1p16v_n40c                 check=hold   wns=+2.407  status=MET
[2026-08-15 22:26:21] [DEBUG   ] [sta_top_parser] [parser.py:130]   Parsing: 28_SETUP_SS_125C_FINAL_MC_TOP.rpt
[2026-08-15 22:26:21] [DEBUG   ] [sta_top_parser] [parser.py:209]     → design=MC_TOP               corner=ss_0p72v_0p72v_125c                 check=setup  wns=+2.421  status=MET
[2026-08-15 22:26:21] [DEBUG   ] [sta_top_parser] [parser.py:130]   Parsing: 29_HOLD_FF_N40C_FINAL_MC_TOP.rpt
[2026-08-15 22:26:21] [DEBUG   ] [sta_top_parser] [parser.py:209]     → design=MC_TOP               corner=ff_1p16v_1p16v_n40c                 check=hold   wns=+2.428  status=MET
[2026-08-15 22:26:21] [DEBUG   ] [sta_top_parser] [parser.py:130]   Parsing: 30_SETUP_TT_25C_FINAL_MC_TOP.rpt
[2026-08-15 22:26:21] [DEBUG   ] [sta_top_parser] [parser.py:209]     → design=MC_TOP               corner=tt_0p90v_0p90v_25c                  check=setup  wns=+2.502  status=MET
[2026-08-15 22:26:21] [DEBUG   ] [sta_top_parser] [parser.py:130]   Parsing: MC_TIMING.rpt
[2026-08-15 22:26:21] [DEBUG   ] [sta_top_parser] [parser.py:209]     → design=N/A                  corner=N/A                                 check=N/A    wns=+0.000  status=UNKNOWN
[2026-08-15 22:26:21] [INFO    ] [sta_top_parser] [parser.py:294]   Parsed 31 / 31 report(s) OK
[2026-08-15 22:26:21] [INFO    ] [sta_top_parser] [dump_log.py:246] Dump log    → D:\Certificates\PD_STA_REPORTS\UNCORE\MEMORY_CONTROLLER\MC_TOP_dump.log
[2026-08-15 22:26:21] [INFO    ] [sta_top_parser] [json_writer.py:75] JSON dump   → D:\Certificates\PD_STA_REPORTS\UNCORE\MEMORY_CONTROLLER\MC_TOP_summary.json
[2026-08-15 22:26:21] [INFO    ] [sta_top_parser] [html_writer.py:479] HTML report → D:\Certificates\PD_STA_REPORTS\UNCORE\MEMORY_CONTROLLER\MC_TOP_report.html
[2026-08-15 22:26:21] [INFO    ] [sta_top_parser] [sta_top_parser.py:328] [54/57] Scanning: UNCORE\PMU
[2026-08-15 22:26:21] [INFO    ] [sta_top_parser] [parser.py:284]   Found 31 report file(s) in D:\Certificates\PD_STA_REPORTS\UNCORE\PMU
[2026-08-15 22:26:21] [DEBUG   ] [sta_top_parser] [parser.py:130]   Parsing: 01_SETUP_SS_125C_PMU_TOP.rpt
[2026-08-15 22:26:21] [DEBUG   ] [sta_top_parser] [parser.py:209]     → design=PMU_TOP              corner=ss_0p72v_0p72v_125c                 check=setup  wns=+1.189  status=MET
[2026-08-15 22:26:21] [DEBUG   ] [sta_top_parser] [parser.py:130]   Parsing: 02_HOLD_FF_N40C_PMU_TOP.rpt
[2026-08-15 22:26:21] [DEBUG   ] [sta_top_parser] [parser.py:209]     → design=PMU_TOP              corner=ff_1p16v_1p16v_n40c                 check=hold   wns=+1.077  status=MET
[2026-08-15 22:26:21] [DEBUG   ] [sta_top_parser] [parser.py:130]   Parsing: 03_SETUP_TT_25C_PMU_TOP.rpt
[2026-08-15 22:26:21] [DEBUG   ] [sta_top_parser] [parser.py:209]     → design=PMU_TOP              corner=tt_0p90v_0p90v_25c                  check=setup  wns=+1.078  status=MET
[2026-08-15 22:26:21] [DEBUG   ] [sta_top_parser] [parser.py:130]   Parsing: 04_HOLD_TT_25C_PMU_TOP.rpt
[2026-08-15 22:26:21] [DEBUG   ] [sta_top_parser] [parser.py:209]     → design=PMU_TOP              corner=tt_0p90v_0p90v_25c                  check=hold   wns=+1.120  status=MET
[2026-08-15 22:26:21] [DEBUG   ] [sta_top_parser] [parser.py:130]   Parsing: 05_SETUP_SS_M40C_PMU_TOP.rpt
[2026-08-15 22:26:21] [DEBUG   ] [sta_top_parser] [parser.py:209]     → design=PMU_TOP              corner=ss_0p72v_0p72v_n40c                 check=setup  wns=+1.128  status=MET
[2026-08-15 22:26:21] [DEBUG   ] [sta_top_parser] [parser.py:130]   Parsing: 06_HOLD_FF_125C_PMU_TOP.rpt
[2026-08-15 22:26:21] [DEBUG   ] [sta_top_parser] [parser.py:209]     → design=PMU_TOP              corner=ff_1p16v_1p16v_125c                 check=hold   wns=+1.101  status=MET
[2026-08-15 22:26:21] [DEBUG   ] [sta_top_parser] [parser.py:130]   Parsing: 07_SETUP_LVSS_125C_PMU_TOP.rpt
[2026-08-15 22:26:21] [DEBUG   ] [sta_top_parser] [parser.py:209]     → design=PMU_TOP              corner=ss_0p63v_0p63v_125c                 check=setup  wns=+1.164  status=MET
[2026-08-15 22:26:21] [DEBUG   ] [sta_top_parser] [parser.py:130]   Parsing: 08_CG_CHECK_TT_25C_PMU_TOP.rpt
[2026-08-15 22:26:21] [DEBUG   ] [sta_top_parser] [parser.py:209]     → design=PMU_TOP              corner=tt_0p90v_0p90v_25c                  check=setup  wns=+1.166  status=MET
[2026-08-15 22:26:21] [DEBUG   ] [sta_top_parser] [parser.py:130]   Parsing: 09_RECOVERY_SS_125C_PMU_TOP.rpt
[2026-08-15 22:26:21] [DEBUG   ] [sta_top_parser] [parser.py:209]     → design=PMU_TOP              corner=ss_0p72v_0p72v_125c                 check=setup  wns=+1.076  status=MET
[2026-08-15 22:26:21] [DEBUG   ] [sta_top_parser] [parser.py:130]   Parsing: 10_MULTICYCLE_TT_25C_PMU_TOP.rpt
[2026-08-15 22:26:21] [DEBUG   ] [sta_top_parser] [parser.py:209]     → design=PMU_TOP              corner=tt_0p90v_0p90v_25c                  check=setup  wns=+1.114  status=MET
[2026-08-15 22:26:21] [DEBUG   ] [sta_top_parser] [parser.py:130]   Parsing: 11_SETUP_SS_125C_OCV_PMU_TOP.rpt
[2026-08-15 22:26:21] [DEBUG   ] [sta_top_parser] [parser.py:209]     → design=PMU_TOP              corner=ss_0p72v_0p72v_125c                 check=setup  wns=+1.130  status=MET
[2026-08-15 22:26:21] [DEBUG   ] [sta_top_parser] [parser.py:130]   Parsing: 12_HOLD_FF_N40C_OCV_PMU_TOP.rpt
[2026-08-15 22:26:21] [DEBUG   ] [sta_top_parser] [parser.py:209]     → design=PMU_TOP              corner=ff_1p16v_1p16v_n40c                 check=hold   wns=+1.105  status=MET
[2026-08-15 22:26:21] [DEBUG   ] [sta_top_parser] [parser.py:130]   Parsing: 13_SETUP_SS_125C_POCV_PMU_TOP.rpt
[2026-08-15 22:26:21] [DEBUG   ] [sta_top_parser] [parser.py:209]     → design=PMU_TOP              corner=ss_0p72v_0p72v_125c                 check=setup  wns=+1.099  status=MET
[2026-08-15 22:26:21] [DEBUG   ] [sta_top_parser] [parser.py:130]   Parsing: 14_HOLD_FF_N40C_POCV_PMU_TOP.rpt
[2026-08-15 22:26:21] [DEBUG   ] [sta_top_parser] [parser.py:209]     → design=PMU_TOP              corner=ff_1p16v_1p16v_n40c                 check=hold   wns=+1.021  status=MET
[2026-08-15 22:26:21] [DEBUG   ] [sta_top_parser] [parser.py:130]   Parsing: 15_SETUP_TT_85C_PMU_TOP.rpt
[2026-08-15 22:26:21] [DEBUG   ] [sta_top_parser] [parser.py:209]     → design=PMU_TOP              corner=tt_0p90v_0p90v_85c                  check=setup  wns=+1.096  status=MET
[2026-08-15 22:26:21] [DEBUG   ] [sta_top_parser] [parser.py:130]   Parsing: 16_HOLD_TT_85C_PMU_TOP.rpt
[2026-08-15 22:26:21] [DEBUG   ] [sta_top_parser] [parser.py:209]     → design=PMU_TOP              corner=tt_0p90v_0p90v_85c                  check=hold   wns=+1.080  status=MET
[2026-08-15 22:26:21] [DEBUG   ] [sta_top_parser] [parser.py:130]   Parsing: 17_SETUP_FF_125C_PMU_TOP.rpt
[2026-08-15 22:26:21] [DEBUG   ] [sta_top_parser] [parser.py:209]     → design=PMU_TOP              corner=ff_1p16v_1p16v_125c                 check=setup  wns=+1.172  status=MET
[2026-08-15 22:26:21] [DEBUG   ] [sta_top_parser] [parser.py:130]   Parsing: 18_HOLD_SS_125C_PMU_TOP.rpt
[2026-08-15 22:26:21] [DEBUG   ] [sta_top_parser] [parser.py:209]     → design=PMU_TOP              corner=ss_0p72v_0p72v_125c                 check=hold   wns=+1.126  status=MET
[2026-08-15 22:26:21] [DEBUG   ] [sta_top_parser] [parser.py:130]   Parsing: 19_SETUP_LVSS_N40C_PMU_TOP.rpt
[2026-08-15 22:26:21] [DEBUG   ] [sta_top_parser] [parser.py:209]     → design=PMU_TOP              corner=ss_0p63v_0p63v_n40c                 check=setup  wns=+1.103  status=MET
[2026-08-15 22:26:21] [DEBUG   ] [sta_top_parser] [parser.py:130]   Parsing: 20_HOLD_LVFF_N40C_PMU_TOP.rpt
[2026-08-15 22:26:21] [DEBUG   ] [sta_top_parser] [parser.py:209]     → design=PMU_TOP              corner=ff_1p32v_1p32v_n40c                 check=hold   wns=+1.126  status=MET
[2026-08-15 22:26:21] [DEBUG   ] [sta_top_parser] [parser.py:130]   Parsing: 21_CG_CHECK_SS_125C_PMU_TOP.rpt
[2026-08-15 22:26:21] [DEBUG   ] [sta_top_parser] [parser.py:209]     → design=PMU_TOP              corner=ss_0p72v_0p72v_125c                 check=setup  wns=+1.097  status=MET
[2026-08-15 22:26:21] [DEBUG   ] [sta_top_parser] [parser.py:130]   Parsing: 22_RECOVERY_TT_25C_PMU_TOP.rpt
[2026-08-15 22:26:21] [DEBUG   ] [sta_top_parser] [parser.py:209]     → design=PMU_TOP              corner=tt_0p90v_0p90v_25c                  check=setup  wns=+1.116  status=MET
[2026-08-15 22:26:21] [DEBUG   ] [sta_top_parser] [parser.py:130]   Parsing: 23_MULTICYCLE_SS_125C_PMU_TOP.rpt
[2026-08-15 22:26:21] [DEBUG   ] [sta_top_parser] [parser.py:209]     → design=PMU_TOP              corner=ss_0p72v_0p72v_125c                 check=setup  wns=+1.096  status=MET
[2026-08-15 22:26:21] [DEBUG   ] [sta_top_parser] [parser.py:130]   Parsing: 24_SETUP_TT_25C_ECO_PMU_TOP.rpt
[2026-08-15 22:26:21] [DEBUG   ] [sta_top_parser] [parser.py:209]     → design=PMU_TOP              corner=tt_0p90v_0p90v_25c                  check=setup  wns=+1.087  status=MET
[2026-08-15 22:26:21] [DEBUG   ] [sta_top_parser] [parser.py:130]   Parsing: 25_HOLD_TT_25C_ECO_PMU_TOP.rpt
[2026-08-15 22:26:21] [DEBUG   ] [sta_top_parser] [parser.py:209]     → design=PMU_TOP              corner=tt_0p90v_0p90v_25c                  check=hold   wns=+1.113  status=MET
[2026-08-15 22:26:21] [DEBUG   ] [sta_top_parser] [parser.py:130]   Parsing: 26_SETUP_SS_125C_SI_PMU_TOP.rpt
[2026-08-15 22:26:21] [DEBUG   ] [sta_top_parser] [parser.py:209]     → design=PMU_TOP              corner=ss_0p72v_0p72v_125c                 check=setup  wns=+1.091  status=MET
[2026-08-15 22:26:21] [DEBUG   ] [sta_top_parser] [parser.py:130]   Parsing: 27_HOLD_FF_N40C_SI_PMU_TOP.rpt
[2026-08-15 22:26:21] [DEBUG   ] [sta_top_parser] [parser.py:209]     → design=PMU_TOP              corner=ff_1p16v_1p16v_n40c                 check=hold   wns=+1.062  status=MET
[2026-08-15 22:26:21] [DEBUG   ] [sta_top_parser] [parser.py:130]   Parsing: 28_SETUP_SS_125C_FINAL_PMU_TOP.rpt
[2026-08-15 22:26:21] [DEBUG   ] [sta_top_parser] [parser.py:209]     → design=PMU_TOP              corner=ss_0p72v_0p72v_125c                 check=setup  wns=+1.091  status=MET
[2026-08-15 22:26:21] [DEBUG   ] [sta_top_parser] [parser.py:130]   Parsing: 29_HOLD_FF_N40C_FINAL_PMU_TOP.rpt
[2026-08-15 22:26:21] [DEBUG   ] [sta_top_parser] [parser.py:209]     → design=PMU_TOP              corner=ff_1p16v_1p16v_n40c                 check=hold   wns=+1.125  status=MET
[2026-08-15 22:26:21] [DEBUG   ] [sta_top_parser] [parser.py:130]   Parsing: 30_SETUP_TT_25C_FINAL_PMU_TOP.rpt
[2026-08-15 22:26:21] [DEBUG   ] [sta_top_parser] [parser.py:209]     → design=PMU_TOP              corner=tt_0p90v_0p90v_25c                  check=setup  wns=+1.115  status=MET
[2026-08-15 22:26:21] [DEBUG   ] [sta_top_parser] [parser.py:130]   Parsing: PMU_TIMING.rpt
[2026-08-15 22:26:21] [DEBUG   ] [sta_top_parser] [parser.py:209]     → design=N/A                  corner=N/A                                 check=N/A    wns=+0.000  status=UNKNOWN
[2026-08-15 22:26:21] [INFO    ] [sta_top_parser] [parser.py:294]   Parsed 31 / 31 report(s) OK
[2026-08-15 22:26:21] [INFO    ] [sta_top_parser] [dump_log.py:246] Dump log    → D:\Certificates\PD_STA_REPORTS\UNCORE\PMU\PMU_TOP_dump.log
[2026-08-15 22:26:21] [INFO    ] [sta_top_parser] [json_writer.py:75] JSON dump   → D:\Certificates\PD_STA_REPORTS\UNCORE\PMU\PMU_TOP_summary.json
[2026-08-15 22:26:21] [INFO    ] [sta_top_parser] [html_writer.py:479] HTML report → D:\Certificates\PD_STA_REPORTS\UNCORE\PMU\PMU_TOP_report.html
[2026-08-15 22:26:21] [INFO    ] [sta_top_parser] [sta_top_parser.py:328] [55/57] Scanning: WRITEBACK\PRF\FP_RF
[2026-08-15 22:26:21] [INFO    ] [sta_top_parser] [parser.py:284]   Found 31 report file(s) in D:\Certificates\PD_STA_REPORTS\WRITEBACK\PRF\FP_RF
[2026-08-15 22:26:21] [DEBUG   ] [sta_top_parser] [parser.py:130]   Parsing: 01_SETUP_SS_125C_FP_RF_TOP.rpt
[2026-08-15 22:26:21] [DEBUG   ] [sta_top_parser] [parser.py:209]     → design=FP_RF_TOP            corner=ss_0p72v_0p72v_125c                 check=setup  wns=+1.136  status=MET
[2026-08-15 22:26:21] [DEBUG   ] [sta_top_parser] [parser.py:130]   Parsing: 02_HOLD_FF_N40C_FP_RF_TOP.rpt
[2026-08-15 22:26:21] [DEBUG   ] [sta_top_parser] [parser.py:209]     → design=FP_RF_TOP            corner=ff_1p16v_1p16v_n40c                 check=hold   wns=+1.161  status=MET
[2026-08-15 22:26:21] [DEBUG   ] [sta_top_parser] [parser.py:130]   Parsing: 03_SETUP_TT_25C_FP_RF_TOP.rpt
[2026-08-15 22:26:21] [DEBUG   ] [sta_top_parser] [parser.py:209]     → design=FP_RF_TOP            corner=tt_0p90v_0p90v_25c                  check=setup  wns=+1.057  status=MET
[2026-08-15 22:26:21] [DEBUG   ] [sta_top_parser] [parser.py:130]   Parsing: 04_HOLD_TT_25C_FP_RF_TOP.rpt
[2026-08-15 22:26:21] [DEBUG   ] [sta_top_parser] [parser.py:209]     → design=FP_RF_TOP            corner=tt_0p90v_0p90v_25c                  check=hold   wns=+1.078  status=MET
[2026-08-15 22:26:21] [DEBUG   ] [sta_top_parser] [parser.py:130]   Parsing: 05_SETUP_SS_M40C_FP_RF_TOP.rpt
[2026-08-15 22:26:21] [DEBUG   ] [sta_top_parser] [parser.py:209]     → design=FP_RF_TOP            corner=ss_0p72v_0p72v_n40c                 check=setup  wns=+1.088  status=MET
[2026-08-15 22:26:21] [DEBUG   ] [sta_top_parser] [parser.py:130]   Parsing: 06_HOLD_FF_125C_FP_RF_TOP.rpt
[2026-08-15 22:26:21] [DEBUG   ] [sta_top_parser] [parser.py:209]     → design=FP_RF_TOP            corner=ff_1p16v_1p16v_125c                 check=hold   wns=+1.035  status=MET
[2026-08-15 22:26:21] [DEBUG   ] [sta_top_parser] [parser.py:130]   Parsing: 07_SETUP_LVSS_125C_FP_RF_TOP.rpt
[2026-08-15 22:26:21] [DEBUG   ] [sta_top_parser] [parser.py:209]     → design=FP_RF_TOP            corner=ss_0p63v_0p63v_125c                 check=setup  wns=+1.103  status=MET
[2026-08-15 22:26:21] [DEBUG   ] [sta_top_parser] [parser.py:130]   Parsing: 08_CG_CHECK_TT_25C_FP_RF_TOP.rpt
[2026-08-15 22:26:21] [DEBUG   ] [sta_top_parser] [parser.py:209]     → design=FP_RF_TOP            corner=tt_0p90v_0p90v_25c                  check=setup  wns=+1.075  status=MET
[2026-08-15 22:26:21] [DEBUG   ] [sta_top_parser] [parser.py:130]   Parsing: 09_RECOVERY_SS_125C_FP_RF_TOP.rpt
[2026-08-15 22:26:21] [DEBUG   ] [sta_top_parser] [parser.py:209]     → design=FP_RF_TOP            corner=ss_0p72v_0p72v_125c                 check=setup  wns=+1.081  status=MET
[2026-08-15 22:26:21] [DEBUG   ] [sta_top_parser] [parser.py:130]   Parsing: 10_MULTICYCLE_TT_25C_FP_RF_TOP.rpt
[2026-08-15 22:26:21] [DEBUG   ] [sta_top_parser] [parser.py:209]     → design=FP_RF_TOP            corner=tt_0p90v_0p90v_25c                  check=setup  wns=+1.051  status=MET
[2026-08-15 22:26:21] [DEBUG   ] [sta_top_parser] [parser.py:130]   Parsing: 11_SETUP_SS_125C_OCV_FP_RF_TOP.rpt
[2026-08-15 22:26:21] [DEBUG   ] [sta_top_parser] [parser.py:209]     → design=FP_RF_TOP            corner=ss_0p72v_0p72v_125c                 check=setup  wns=+1.029  status=MET
[2026-08-15 22:26:21] [DEBUG   ] [sta_top_parser] [parser.py:130]   Parsing: 12_HOLD_FF_N40C_OCV_FP_RF_TOP.rpt
[2026-08-15 22:26:21] [DEBUG   ] [sta_top_parser] [parser.py:209]     → design=FP_RF_TOP            corner=ff_1p16v_1p16v_n40c                 check=hold   wns=+1.122  status=MET
[2026-08-15 22:26:21] [DEBUG   ] [sta_top_parser] [parser.py:130]   Parsing: 13_SETUP_SS_125C_POCV_FP_RF_TOP.rpt
[2026-08-15 22:26:21] [DEBUG   ] [sta_top_parser] [parser.py:209]     → design=FP_RF_TOP            corner=ss_0p72v_0p72v_125c                 check=setup  wns=+1.159  status=MET
[2026-08-15 22:26:21] [DEBUG   ] [sta_top_parser] [parser.py:130]   Parsing: 14_HOLD_FF_N40C_POCV_FP_RF_TOP.rpt
[2026-08-15 22:26:21] [DEBUG   ] [sta_top_parser] [parser.py:209]     → design=FP_RF_TOP            corner=ff_1p16v_1p16v_n40c                 check=hold   wns=+1.110  status=MET
[2026-08-15 22:26:21] [DEBUG   ] [sta_top_parser] [parser.py:130]   Parsing: 15_SETUP_TT_85C_FP_RF_TOP.rpt
[2026-08-15 22:26:21] [DEBUG   ] [sta_top_parser] [parser.py:209]     → design=FP_RF_TOP            corner=tt_0p90v_0p90v_85c                  check=setup  wns=+1.079  status=MET
[2026-08-15 22:26:21] [DEBUG   ] [sta_top_parser] [parser.py:130]   Parsing: 16_HOLD_TT_85C_FP_RF_TOP.rpt
[2026-08-15 22:26:21] [DEBUG   ] [sta_top_parser] [parser.py:209]     → design=FP_RF_TOP            corner=tt_0p90v_0p90v_85c                  check=hold   wns=+1.108  status=MET
[2026-08-15 22:26:21] [DEBUG   ] [sta_top_parser] [parser.py:130]   Parsing: 17_SETUP_FF_125C_FP_RF_TOP.rpt
[2026-08-15 22:26:21] [DEBUG   ] [sta_top_parser] [parser.py:209]     → design=FP_RF_TOP            corner=ff_1p16v_1p16v_125c                 check=setup  wns=+1.126  status=MET
[2026-08-15 22:26:21] [DEBUG   ] [sta_top_parser] [parser.py:130]   Parsing: 18_HOLD_SS_125C_FP_RF_TOP.rpt
[2026-08-15 22:26:21] [DEBUG   ] [sta_top_parser] [parser.py:209]     → design=FP_RF_TOP            corner=ss_0p72v_0p72v_125c                 check=hold   wns=+1.093  status=MET
[2026-08-15 22:26:21] [DEBUG   ] [sta_top_parser] [parser.py:130]   Parsing: 19_SETUP_LVSS_N40C_FP_RF_TOP.rpt
[2026-08-15 22:26:21] [DEBUG   ] [sta_top_parser] [parser.py:209]     → design=FP_RF_TOP            corner=ss_0p63v_0p63v_n40c                 check=setup  wns=+1.111  status=MET
[2026-08-15 22:26:21] [DEBUG   ] [sta_top_parser] [parser.py:130]   Parsing: 20_HOLD_LVFF_N40C_FP_RF_TOP.rpt
[2026-08-15 22:26:21] [DEBUG   ] [sta_top_parser] [parser.py:209]     → design=FP_RF_TOP            corner=ff_1p32v_1p32v_n40c                 check=hold   wns=+1.119  status=MET
[2026-08-15 22:26:21] [DEBUG   ] [sta_top_parser] [parser.py:130]   Parsing: 21_CG_CHECK_SS_125C_FP_RF_TOP.rpt
[2026-08-15 22:26:21] [DEBUG   ] [sta_top_parser] [parser.py:209]     → design=FP_RF_TOP            corner=ss_0p72v_0p72v_125c                 check=setup  wns=+1.140  status=MET
[2026-08-15 22:26:21] [DEBUG   ] [sta_top_parser] [parser.py:130]   Parsing: 22_RECOVERY_TT_25C_FP_RF_TOP.rpt
[2026-08-15 22:26:21] [DEBUG   ] [sta_top_parser] [parser.py:209]     → design=FP_RF_TOP            corner=tt_0p90v_0p90v_25c                  check=setup  wns=+1.071  status=MET
[2026-08-15 22:26:21] [DEBUG   ] [sta_top_parser] [parser.py:130]   Parsing: 23_MULTICYCLE_SS_125C_FP_RF_TOP.rpt
[2026-08-15 22:26:21] [DEBUG   ] [sta_top_parser] [parser.py:209]     → design=FP_RF_TOP            corner=ss_0p72v_0p72v_125c                 check=setup  wns=+1.091  status=MET
[2026-08-15 22:26:21] [DEBUG   ] [sta_top_parser] [parser.py:130]   Parsing: 24_SETUP_TT_25C_ECO_FP_RF_TOP.rpt
[2026-08-15 22:26:21] [DEBUG   ] [sta_top_parser] [parser.py:209]     → design=FP_RF_TOP            corner=tt_0p90v_0p90v_25c                  check=setup  wns=+1.069  status=MET
[2026-08-15 22:26:21] [DEBUG   ] [sta_top_parser] [parser.py:130]   Parsing: 25_HOLD_TT_25C_ECO_FP_RF_TOP.rpt
[2026-08-15 22:26:21] [DEBUG   ] [sta_top_parser] [parser.py:209]     → design=FP_RF_TOP            corner=tt_0p90v_0p90v_25c                  check=hold   wns=+1.082  status=MET
[2026-08-15 22:26:21] [DEBUG   ] [sta_top_parser] [parser.py:130]   Parsing: 26_SETUP_SS_125C_SI_FP_RF_TOP.rpt
[2026-08-15 22:26:21] [DEBUG   ] [sta_top_parser] [parser.py:209]     → design=FP_RF_TOP            corner=ss_0p72v_0p72v_125c                 check=setup  wns=+1.117  status=MET
[2026-08-15 22:26:21] [DEBUG   ] [sta_top_parser] [parser.py:130]   Parsing: 27_HOLD_FF_N40C_SI_FP_RF_TOP.rpt
[2026-08-15 22:26:21] [DEBUG   ] [sta_top_parser] [parser.py:209]     → design=FP_RF_TOP            corner=ff_1p16v_1p16v_n40c                 check=hold   wns=+1.065  status=MET
[2026-08-15 22:26:21] [DEBUG   ] [sta_top_parser] [parser.py:130]   Parsing: 28_SETUP_SS_125C_FINAL_FP_RF_TOP.rpt
[2026-08-15 22:26:21] [DEBUG   ] [sta_top_parser] [parser.py:209]     → design=FP_RF_TOP            corner=ss_0p72v_0p72v_125c                 check=setup  wns=+1.080  status=MET
[2026-08-15 22:26:21] [DEBUG   ] [sta_top_parser] [parser.py:130]   Parsing: 29_HOLD_FF_N40C_FINAL_FP_RF_TOP.rpt
[2026-08-15 22:26:21] [DEBUG   ] [sta_top_parser] [parser.py:209]     → design=FP_RF_TOP            corner=ff_1p16v_1p16v_n40c                 check=hold   wns=+1.054  status=MET
[2026-08-15 22:26:21] [DEBUG   ] [sta_top_parser] [parser.py:130]   Parsing: 30_SETUP_TT_25C_FINAL_FP_RF_TOP.rpt
[2026-08-15 22:26:21] [DEBUG   ] [sta_top_parser] [parser.py:209]     → design=FP_RF_TOP            corner=tt_0p90v_0p90v_25c                  check=setup  wns=+1.034  status=MET
[2026-08-15 22:26:21] [DEBUG   ] [sta_top_parser] [parser.py:130]   Parsing: FP_RF_TIMING.rpt
[2026-08-15 22:26:21] [DEBUG   ] [sta_top_parser] [parser.py:209]     → design=N/A                  corner=N/A                                 check=N/A    wns=+0.000  status=UNKNOWN
[2026-08-15 22:26:21] [INFO    ] [sta_top_parser] [parser.py:294]   Parsed 31 / 31 report(s) OK
[2026-08-15 22:26:21] [INFO    ] [sta_top_parser] [dump_log.py:246] Dump log    → D:\Certificates\PD_STA_REPORTS\WRITEBACK\PRF\FP_RF\FP_RF_TOP_dump.log
[2026-08-15 22:26:21] [INFO    ] [sta_top_parser] [json_writer.py:75] JSON dump   → D:\Certificates\PD_STA_REPORTS\WRITEBACK\PRF\FP_RF\FP_RF_TOP_summary.json
[2026-08-15 22:26:21] [INFO    ] [sta_top_parser] [html_writer.py:479] HTML report → D:\Certificates\PD_STA_REPORTS\WRITEBACK\PRF\FP_RF\FP_RF_TOP_report.html
[2026-08-15 22:26:21] [INFO    ] [sta_top_parser] [sta_top_parser.py:328] [56/57] Scanning: WRITEBACK\PRF\INT_RF
[2026-08-15 22:26:21] [INFO    ] [sta_top_parser] [parser.py:284]   Found 31 report file(s) in D:\Certificates\PD_STA_REPORTS\WRITEBACK\PRF\INT_RF
[2026-08-15 22:26:21] [DEBUG   ] [sta_top_parser] [parser.py:130]   Parsing: 01_SETUP_SS_125C_INT_RF_TOP.rpt
[2026-08-15 22:26:21] [DEBUG   ] [sta_top_parser] [parser.py:209]     → design=INT_RF_TOP           corner=ss_0p72v_0p72v_125c                 check=setup  wns=+1.088  status=MET
[2026-08-15 22:26:21] [DEBUG   ] [sta_top_parser] [parser.py:130]   Parsing: 02_HOLD_FF_N40C_INT_RF_TOP.rpt
[2026-08-15 22:26:21] [DEBUG   ] [sta_top_parser] [parser.py:209]     → design=INT_RF_TOP           corner=ff_1p16v_1p16v_n40c                 check=hold   wns=+1.052  status=MET
[2026-08-15 22:26:21] [DEBUG   ] [sta_top_parser] [parser.py:130]   Parsing: 03_SETUP_TT_25C_INT_RF_TOP.rpt
[2026-08-15 22:26:21] [DEBUG   ] [sta_top_parser] [parser.py:209]     → design=INT_RF_TOP           corner=tt_0p90v_0p90v_25c                  check=setup  wns=+1.102  status=MET
[2026-08-15 22:26:21] [DEBUG   ] [sta_top_parser] [parser.py:130]   Parsing: 04_HOLD_TT_25C_INT_RF_TOP.rpt
[2026-08-15 22:26:21] [DEBUG   ] [sta_top_parser] [parser.py:209]     → design=INT_RF_TOP           corner=tt_0p90v_0p90v_25c                  check=hold   wns=+1.124  status=MET
[2026-08-15 22:26:21] [DEBUG   ] [sta_top_parser] [parser.py:130]   Parsing: 05_SETUP_SS_M40C_INT_RF_TOP.rpt
[2026-08-15 22:26:21] [DEBUG   ] [sta_top_parser] [parser.py:209]     → design=INT_RF_TOP           corner=ss_0p72v_0p72v_n40c                 check=setup  wns=+1.105  status=MET
[2026-08-15 22:26:21] [DEBUG   ] [sta_top_parser] [parser.py:130]   Parsing: 06_HOLD_FF_125C_INT_RF_TOP.rpt
[2026-08-15 22:26:21] [DEBUG   ] [sta_top_parser] [parser.py:209]     → design=INT_RF_TOP           corner=ff_1p16v_1p16v_125c                 check=hold   wns=+1.109  status=MET
[2026-08-15 22:26:21] [DEBUG   ] [sta_top_parser] [parser.py:130]   Parsing: 07_SETUP_LVSS_125C_INT_RF_TOP.rpt
[2026-08-15 22:26:21] [DEBUG   ] [sta_top_parser] [parser.py:209]     → design=INT_RF_TOP           corner=lvss_0p63v_0p63v_125c               check=setup  wns=-0.231  status=VIOLATED
[2026-08-15 22:26:21] [DEBUG   ] [sta_top_parser] [parser.py:130]   Parsing: 08_CG_CHECK_TT_25C_INT_RF_TOP.rpt
[2026-08-15 22:26:21] [DEBUG   ] [sta_top_parser] [parser.py:209]     → design=INT_RF_TOP           corner=tt_0p90v_0p90v_25c                  check=setup  wns=+1.140  status=MET
[2026-08-15 22:26:21] [DEBUG   ] [sta_top_parser] [parser.py:130]   Parsing: 09_RECOVERY_SS_125C_INT_RF_TOP.rpt
[2026-08-15 22:26:21] [DEBUG   ] [sta_top_parser] [parser.py:209]     → design=INT_RF_TOP           corner=ss_0p72v_0p72v_125c                 check=setup  wns=+1.051  status=MET
[2026-08-15 22:26:21] [DEBUG   ] [sta_top_parser] [parser.py:130]   Parsing: 10_MULTICYCLE_TT_25C_INT_RF_TOP.rpt
[2026-08-15 22:26:21] [DEBUG   ] [sta_top_parser] [parser.py:209]     → design=INT_RF_TOP           corner=tt_0p90v_0p90v_25c                  check=setup  wns=+1.033  status=MET
[2026-08-15 22:26:21] [DEBUG   ] [sta_top_parser] [parser.py:130]   Parsing: 11_SETUP_SS_125C_OCV_INT_RF_TOP.rpt
[2026-08-15 22:26:21] [DEBUG   ] [sta_top_parser] [parser.py:209]     → design=INT_RF_TOP           corner=ss_0p72v_0p72v_125c                 check=setup  wns=+1.107  status=MET
[2026-08-15 22:26:21] [DEBUG   ] [sta_top_parser] [parser.py:130]   Parsing: 12_HOLD_FF_N40C_OCV_INT_RF_TOP.rpt
[2026-08-15 22:26:21] [DEBUG   ] [sta_top_parser] [parser.py:209]     → design=INT_RF_TOP           corner=ff_1p16v_1p16v_n40c                 check=hold   wns=+1.053  status=MET
[2026-08-15 22:26:21] [DEBUG   ] [sta_top_parser] [parser.py:130]   Parsing: 13_SETUP_SS_125C_POCV_INT_RF_TOP.rpt
[2026-08-15 22:26:21] [DEBUG   ] [sta_top_parser] [parser.py:209]     → design=INT_RF_TOP           corner=ss_0p72v_0p72v_125c                 check=setup  wns=+1.111  status=MET
[2026-08-15 22:26:21] [DEBUG   ] [sta_top_parser] [parser.py:130]   Parsing: 14_HOLD_FF_N40C_POCV_INT_RF_TOP.rpt
[2026-08-15 22:26:21] [DEBUG   ] [sta_top_parser] [parser.py:209]     → design=INT_RF_TOP           corner=ff_1p16v_1p16v_n40c                 check=hold   wns=+1.098  status=MET
[2026-08-15 22:26:21] [DEBUG   ] [sta_top_parser] [parser.py:130]   Parsing: 15_SETUP_TT_85C_INT_RF_TOP.rpt
[2026-08-15 22:26:21] [DEBUG   ] [sta_top_parser] [parser.py:209]     → design=INT_RF_TOP           corner=tt_0p90v_0p90v_85c                  check=setup  wns=+1.158  status=MET
[2026-08-15 22:26:21] [DEBUG   ] [sta_top_parser] [parser.py:130]   Parsing: 16_HOLD_TT_85C_INT_RF_TOP.rpt
[2026-08-15 22:26:21] [DEBUG   ] [sta_top_parser] [parser.py:209]     → design=INT_RF_TOP           corner=tt_0p90v_0p90v_85c                  check=hold   wns=+1.090  status=MET
[2026-08-15 22:26:21] [DEBUG   ] [sta_top_parser] [parser.py:130]   Parsing: 17_SETUP_FF_125C_INT_RF_TOP.rpt
[2026-08-15 22:26:21] [DEBUG   ] [sta_top_parser] [parser.py:209]     → design=INT_RF_TOP           corner=ff_1p16v_1p16v_125c                 check=setup  wns=+1.143  status=MET
[2026-08-15 22:26:21] [DEBUG   ] [sta_top_parser] [parser.py:130]   Parsing: 18_HOLD_SS_125C_INT_RF_TOP.rpt
[2026-08-15 22:26:21] [DEBUG   ] [sta_top_parser] [parser.py:209]     → design=INT_RF_TOP           corner=ss_0p72v_0p72v_125c                 check=hold   wns=+1.064  status=MET
[2026-08-15 22:26:21] [DEBUG   ] [sta_top_parser] [parser.py:130]   Parsing: 19_SETUP_LVSS_N40C_INT_RF_TOP.rpt
[2026-08-15 22:26:21] [DEBUG   ] [sta_top_parser] [parser.py:209]     → design=INT_RF_TOP           corner=ss_0p63v_0p63v_n40c                 check=setup  wns=+1.180  status=MET
[2026-08-15 22:26:21] [DEBUG   ] [sta_top_parser] [parser.py:130]   Parsing: 20_HOLD_LVFF_N40C_INT_RF_TOP.rpt
[2026-08-15 22:26:21] [DEBUG   ] [sta_top_parser] [parser.py:209]     → design=INT_RF_TOP           corner=ff_1p32v_1p32v_n40c                 check=hold   wns=+1.048  status=MET
[2026-08-15 22:26:21] [DEBUG   ] [sta_top_parser] [parser.py:130]   Parsing: 21_CG_CHECK_SS_125C_INT_RF_TOP.rpt
[2026-08-15 22:26:21] [DEBUG   ] [sta_top_parser] [parser.py:209]     → design=INT_RF_TOP           corner=ss_0p72v_0p72v_125c                 check=setup  wns=+1.077  status=MET
[2026-08-15 22:26:21] [DEBUG   ] [sta_top_parser] [parser.py:130]   Parsing: 22_RECOVERY_TT_25C_INT_RF_TOP.rpt
[2026-08-15 22:26:21] [DEBUG   ] [sta_top_parser] [parser.py:209]     → design=INT_RF_TOP           corner=tt_0p90v_0p90v_25c                  check=setup  wns=+1.149  status=MET
[2026-08-15 22:26:21] [DEBUG   ] [sta_top_parser] [parser.py:130]   Parsing: 23_MULTICYCLE_SS_125C_INT_RF_TOP.rpt
[2026-08-15 22:26:21] [DEBUG   ] [sta_top_parser] [parser.py:209]     → design=INT_RF_TOP           corner=ss_0p72v_0p72v_125c                 check=setup  wns=+1.087  status=MET
[2026-08-15 22:26:21] [DEBUG   ] [sta_top_parser] [parser.py:130]   Parsing: 24_SETUP_TT_25C_ECO_INT_RF_TOP.rpt
[2026-08-15 22:26:21] [DEBUG   ] [sta_top_parser] [parser.py:209]     → design=INT_RF_TOP           corner=tt_0p90v_0p90v_25c                  check=setup  wns=+1.105  status=MET
[2026-08-15 22:26:21] [DEBUG   ] [sta_top_parser] [parser.py:130]   Parsing: 25_HOLD_TT_25C_ECO_INT_RF_TOP.rpt
[2026-08-15 22:26:21] [DEBUG   ] [sta_top_parser] [parser.py:209]     → design=INT_RF_TOP           corner=tt_0p90v_0p90v_25c                  check=hold   wns=+1.162  status=MET
[2026-08-15 22:26:21] [DEBUG   ] [sta_top_parser] [parser.py:130]   Parsing: 26_SETUP_SS_125C_SI_INT_RF_TOP.rpt
[2026-08-15 22:26:21] [DEBUG   ] [sta_top_parser] [parser.py:209]     → design=INT_RF_TOP           corner=ss_0p72v_0p72v_125c                 check=setup  wns=+1.134  status=MET
[2026-08-15 22:26:21] [DEBUG   ] [sta_top_parser] [parser.py:130]   Parsing: 27_HOLD_FF_N40C_SI_INT_RF_TOP.rpt
[2026-08-15 22:26:21] [DEBUG   ] [sta_top_parser] [parser.py:209]     → design=INT_RF_TOP           corner=ff_1p16v_1p16v_n40c                 check=hold   wns=+1.108  status=MET
[2026-08-15 22:26:21] [DEBUG   ] [sta_top_parser] [parser.py:130]   Parsing: 28_SETUP_SS_125C_FINAL_INT_RF_TOP.rpt
[2026-08-15 22:26:21] [DEBUG   ] [sta_top_parser] [parser.py:209]     → design=INT_RF_TOP           corner=ss_0p72v_0p72v_125c                 check=setup  wns=+1.102  status=MET
[2026-08-15 22:26:21] [DEBUG   ] [sta_top_parser] [parser.py:130]   Parsing: 29_HOLD_FF_N40C_FINAL_INT_RF_TOP.rpt
[2026-08-15 22:26:21] [DEBUG   ] [sta_top_parser] [parser.py:209]     → design=INT_RF_TOP           corner=ff_1p16v_1p16v_n40c                 check=hold   wns=+1.079  status=MET
[2026-08-15 22:26:21] [DEBUG   ] [sta_top_parser] [parser.py:130]   Parsing: 30_SETUP_TT_25C_FINAL_INT_RF_TOP.rpt
[2026-08-15 22:26:21] [DEBUG   ] [sta_top_parser] [parser.py:209]     → design=INT_RF_TOP           corner=tt_0p90v_0p90v_25c                  check=setup  wns=+1.174  status=MET
[2026-08-15 22:26:21] [DEBUG   ] [sta_top_parser] [parser.py:130]   Parsing: INT_RF_TIMING.rpt
[2026-08-15 22:26:21] [DEBUG   ] [sta_top_parser] [parser.py:209]     → design=N/A                  corner=N/A                                 check=N/A    wns=+0.000  status=UNKNOWN
[2026-08-15 22:26:21] [INFO    ] [sta_top_parser] [parser.py:294]   Parsed 31 / 31 report(s) OK
[2026-08-15 22:26:21] [INFO    ] [sta_top_parser] [dump_log.py:246] Dump log    → D:\Certificates\PD_STA_REPORTS\WRITEBACK\PRF\INT_RF\INT_RF_TOP_dump.log
[2026-08-15 22:26:21] [INFO    ] [sta_top_parser] [json_writer.py:75] JSON dump   → D:\Certificates\PD_STA_REPORTS\WRITEBACK\PRF\INT_RF\INT_RF_TOP_summary.json
[2026-08-15 22:26:21] [INFO    ] [sta_top_parser] [html_writer.py:479] HTML report → D:\Certificates\PD_STA_REPORTS\WRITEBACK\PRF\INT_RF\INT_RF_TOP_report.html
[2026-08-15 22:26:21] [INFO    ] [sta_top_parser] [sta_top_parser.py:328] [57/57] Scanning: WRITEBACK\RESULT_BROADCAST_BUS
[2026-08-15 22:26:21] [INFO    ] [sta_top_parser] [parser.py:284]   Found 31 report file(s) in D:\Certificates\PD_STA_REPORTS\WRITEBACK\RESULT_BROADCAST_BUS
[2026-08-15 22:26:21] [DEBUG   ] [sta_top_parser] [parser.py:130]   Parsing: 01_SETUP_SS_125C_RESULT_BUS_TOP.rpt
[2026-08-15 22:26:21] [DEBUG   ] [sta_top_parser] [parser.py:209]     → design=RESULT_BUS_TOP       corner=ss_0p72v_0p72v_125c                 check=setup  wns=+1.111  status=MET
[2026-08-15 22:26:21] [DEBUG   ] [sta_top_parser] [parser.py:130]   Parsing: 02_HOLD_FF_N40C_RESULT_BUS_TOP.rpt
[2026-08-15 22:26:21] [DEBUG   ] [sta_top_parser] [parser.py:209]     → design=RESULT_BUS_TOP       corner=ff_1p16v_1p16v_n40c                 check=hold   wns=+1.160  status=MET
[2026-08-15 22:26:21] [DEBUG   ] [sta_top_parser] [parser.py:130]   Parsing: 03_SETUP_TT_25C_RESULT_BUS_TOP.rpt
[2026-08-15 22:26:21] [DEBUG   ] [sta_top_parser] [parser.py:209]     → design=RESULT_BUS_TOP       corner=tt_0p90v_0p90v_25c                  check=setup  wns=+1.104  status=MET
[2026-08-15 22:26:21] [DEBUG   ] [sta_top_parser] [parser.py:130]   Parsing: 04_HOLD_TT_25C_RESULT_BUS_TOP.rpt
[2026-08-15 22:26:21] [DEBUG   ] [sta_top_parser] [parser.py:209]     → design=RESULT_BUS_TOP       corner=tt_0p90v_0p90v_25c                  check=hold   wns=+1.055  status=MET
[2026-08-15 22:26:21] [DEBUG   ] [sta_top_parser] [parser.py:130]   Parsing: 05_SETUP_SS_M40C_RESULT_BUS_TOP.rpt
[2026-08-15 22:26:21] [DEBUG   ] [sta_top_parser] [parser.py:209]     → design=RESULT_BUS_TOP       corner=ss_0p72v_0p72v_n40c                 check=setup  wns=+1.030  status=MET
[2026-08-15 22:26:21] [DEBUG   ] [sta_top_parser] [parser.py:130]   Parsing: 06_HOLD_FF_125C_RESULT_BUS_TOP.rpt
[2026-08-15 22:26:21] [DEBUG   ] [sta_top_parser] [parser.py:209]     → design=RESULT_BUS_TOP       corner=ff_1p16v_1p16v_125c                 check=hold   wns=+1.076  status=MET
[2026-08-15 22:26:21] [DEBUG   ] [sta_top_parser] [parser.py:130]   Parsing: 07_SETUP_LVSS_125C_RESULT_BUS_TOP.rpt
[2026-08-15 22:26:21] [DEBUG   ] [sta_top_parser] [parser.py:209]     → design=RESULT_BUS_TOP       corner=ss_0p63v_0p63v_125c                 check=setup  wns=+1.045  status=MET
[2026-08-15 22:26:21] [DEBUG   ] [sta_top_parser] [parser.py:130]   Parsing: 08_CG_CHECK_TT_25C_RESULT_BUS_TOP.rpt
[2026-08-15 22:26:21] [DEBUG   ] [sta_top_parser] [parser.py:209]     → design=RESULT_BUS_TOP       corner=tt_0p90v_0p90v_25c                  check=setup  wns=+1.098  status=MET
[2026-08-15 22:26:21] [DEBUG   ] [sta_top_parser] [parser.py:130]   Parsing: 09_RECOVERY_SS_125C_RESULT_BUS_TOP.rpt
[2026-08-15 22:26:21] [DEBUG   ] [sta_top_parser] [parser.py:209]     → design=RESULT_BUS_TOP       corner=ss_0p72v_0p72v_125c                 check=setup  wns=+1.095  status=MET
[2026-08-15 22:26:21] [DEBUG   ] [sta_top_parser] [parser.py:130]   Parsing: 10_MULTICYCLE_TT_25C_RESULT_BUS_TOP.rpt
[2026-08-15 22:26:21] [DEBUG   ] [sta_top_parser] [parser.py:209]     → design=RESULT_BUS_TOP       corner=tt_0p90v_0p90v_25c                  check=setup  wns=+1.087  status=MET
[2026-08-15 22:26:21] [DEBUG   ] [sta_top_parser] [parser.py:130]   Parsing: 11_SETUP_SS_125C_OCV_RESULT_BUS_TOP.rpt
[2026-08-15 22:26:21] [DEBUG   ] [sta_top_parser] [parser.py:209]     → design=RESULT_BUS_TOP       corner=ss_0p72v_0p72v_125c                 check=setup  wns=+1.056  status=MET
[2026-08-15 22:26:21] [DEBUG   ] [sta_top_parser] [parser.py:130]   Parsing: 12_HOLD_FF_N40C_OCV_RESULT_BUS_TOP.rpt
[2026-08-15 22:26:21] [DEBUG   ] [sta_top_parser] [parser.py:209]     → design=RESULT_BUS_TOP       corner=ff_1p16v_1p16v_n40c                 check=hold   wns=+1.119  status=MET
[2026-08-15 22:26:21] [DEBUG   ] [sta_top_parser] [parser.py:130]   Parsing: 13_SETUP_SS_125C_POCV_RESULT_BUS_TOP.rpt
[2026-08-15 22:26:21] [DEBUG   ] [sta_top_parser] [parser.py:209]     → design=RESULT_BUS_TOP       corner=ss_0p72v_0p72v_125c                 check=setup  wns=+1.147  status=MET
[2026-08-15 22:26:21] [DEBUG   ] [sta_top_parser] [parser.py:130]   Parsing: 14_HOLD_FF_N40C_POCV_RESULT_BUS_TOP.rpt
[2026-08-15 22:26:21] [DEBUG   ] [sta_top_parser] [parser.py:209]     → design=RESULT_BUS_TOP       corner=ff_1p16v_1p16v_n40c                 check=hold   wns=+1.109  status=MET
[2026-08-15 22:26:21] [DEBUG   ] [sta_top_parser] [parser.py:130]   Parsing: 15_SETUP_TT_85C_RESULT_BUS_TOP.rpt
[2026-08-15 22:26:21] [DEBUG   ] [sta_top_parser] [parser.py:209]     → design=RESULT_BUS_TOP       corner=tt_0p90v_0p90v_85c                  check=setup  wns=+1.078  status=MET
[2026-08-15 22:26:21] [DEBUG   ] [sta_top_parser] [parser.py:130]   Parsing: 16_HOLD_TT_85C_RESULT_BUS_TOP.rpt
[2026-08-15 22:26:21] [DEBUG   ] [sta_top_parser] [parser.py:209]     → design=RESULT_BUS_TOP       corner=tt_0p90v_0p90v_85c                  check=hold   wns=+1.077  status=MET
[2026-08-15 22:26:21] [DEBUG   ] [sta_top_parser] [parser.py:130]   Parsing: 17_SETUP_FF_125C_RESULT_BUS_TOP.rpt
[2026-08-15 22:26:21] [DEBUG   ] [sta_top_parser] [parser.py:209]     → design=RESULT_BUS_TOP       corner=ff_1p16v_1p16v_125c                 check=setup  wns=+1.088  status=MET
[2026-08-15 22:26:21] [DEBUG   ] [sta_top_parser] [parser.py:130]   Parsing: 18_HOLD_SS_125C_RESULT_BUS_TOP.rpt
[2026-08-15 22:26:21] [DEBUG   ] [sta_top_parser] [parser.py:209]     → design=RESULT_BUS_TOP       corner=ss_0p72v_0p72v_125c                 check=hold   wns=+1.073  status=MET
[2026-08-15 22:26:21] [DEBUG   ] [sta_top_parser] [parser.py:130]   Parsing: 19_SETUP_LVSS_N40C_RESULT_BUS_TOP.rpt
[2026-08-15 22:26:21] [DEBUG   ] [sta_top_parser] [parser.py:209]     → design=RESULT_BUS_TOP       corner=ss_0p63v_0p63v_n40c                 check=setup  wns=+1.150  status=MET
[2026-08-15 22:26:21] [DEBUG   ] [sta_top_parser] [parser.py:130]   Parsing: 20_HOLD_LVFF_N40C_RESULT_BUS_TOP.rpt
[2026-08-15 22:26:21] [DEBUG   ] [sta_top_parser] [parser.py:209]     → design=RESULT_BUS_TOP       corner=ff_1p32v_1p32v_n40c                 check=hold   wns=+1.059  status=MET
[2026-08-15 22:26:21] [DEBUG   ] [sta_top_parser] [parser.py:130]   Parsing: 21_CG_CHECK_SS_125C_RESULT_BUS_TOP.rpt
[2026-08-15 22:26:21] [DEBUG   ] [sta_top_parser] [parser.py:209]     → design=RESULT_BUS_TOP       corner=ss_0p72v_0p72v_125c                 check=setup  wns=+1.107  status=MET
[2026-08-15 22:26:21] [DEBUG   ] [sta_top_parser] [parser.py:130]   Parsing: 22_RECOVERY_TT_25C_RESULT_BUS_TOP.rpt
[2026-08-15 22:26:21] [DEBUG   ] [sta_top_parser] [parser.py:209]     → design=RESULT_BUS_TOP       corner=tt_0p90v_0p90v_25c                  check=setup  wns=+1.140  status=MET
[2026-08-15 22:26:21] [DEBUG   ] [sta_top_parser] [parser.py:130]   Parsing: 23_MULTICYCLE_SS_125C_RESULT_BUS_TOP.rpt
[2026-08-15 22:26:21] [DEBUG   ] [sta_top_parser] [parser.py:209]     → design=RESULT_BUS_TOP       corner=ss_0p72v_0p72v_125c                 check=setup  wns=+1.117  status=MET
[2026-08-15 22:26:21] [DEBUG   ] [sta_top_parser] [parser.py:130]   Parsing: 24_SETUP_TT_25C_ECO_RESULT_BUS_TOP.rpt
[2026-08-15 22:26:21] [DEBUG   ] [sta_top_parser] [parser.py:209]     → design=RESULT_BUS_TOP       corner=tt_0p90v_0p90v_25c                  check=setup  wns=+1.020  status=MET
[2026-08-15 22:26:21] [DEBUG   ] [sta_top_parser] [parser.py:130]   Parsing: 25_HOLD_TT_25C_ECO_RESULT_BUS_TOP.rpt
[2026-08-15 22:26:21] [DEBUG   ] [sta_top_parser] [parser.py:209]     → design=RESULT_BUS_TOP       corner=tt_0p90v_0p90v_25c                  check=hold   wns=+1.154  status=MET
[2026-08-15 22:26:21] [DEBUG   ] [sta_top_parser] [parser.py:130]   Parsing: 26_SETUP_SS_125C_SI_RESULT_BUS_TOP.rpt
[2026-08-15 22:26:21] [DEBUG   ] [sta_top_parser] [parser.py:209]     → design=RESULT_BUS_TOP       corner=ss_0p72v_0p72v_125c                 check=setup  wns=+1.053  status=MET
[2026-08-15 22:26:21] [DEBUG   ] [sta_top_parser] [parser.py:130]   Parsing: 27_HOLD_FF_N40C_SI_RESULT_BUS_TOP.rpt
[2026-08-15 22:26:21] [DEBUG   ] [sta_top_parser] [parser.py:209]     → design=RESULT_BUS_TOP       corner=ff_1p16v_1p16v_n40c                 check=hold   wns=+1.098  status=MET
[2026-08-15 22:26:21] [DEBUG   ] [sta_top_parser] [parser.py:130]   Parsing: 28_SETUP_SS_125C_FINAL_RESULT_BUS_TOP.rpt
[2026-08-15 22:26:21] [DEBUG   ] [sta_top_parser] [parser.py:209]     → design=RESULT_BUS_TOP       corner=ss_0p72v_0p72v_125c                 check=setup  wns=+1.105  status=MET
[2026-08-15 22:26:21] [DEBUG   ] [sta_top_parser] [parser.py:130]   Parsing: 29_HOLD_FF_N40C_FINAL_RESULT_BUS_TOP.rpt
[2026-08-15 22:26:21] [DEBUG   ] [sta_top_parser] [parser.py:209]     → design=RESULT_BUS_TOP       corner=ff_1p16v_1p16v_n40c                 check=hold   wns=+1.069  status=MET
[2026-08-15 22:26:21] [DEBUG   ] [sta_top_parser] [parser.py:130]   Parsing: 30_SETUP_TT_25C_FINAL_RESULT_BUS_TOP.rpt
[2026-08-15 22:26:21] [DEBUG   ] [sta_top_parser] [parser.py:209]     → design=RESULT_BUS_TOP       corner=tt_0p90v_0p90v_25c                  check=setup  wns=+1.131  status=MET
[2026-08-15 22:26:21] [DEBUG   ] [sta_top_parser] [parser.py:130]   Parsing: RESULT_BUS_TIMING.rpt
[2026-08-15 22:26:21] [DEBUG   ] [sta_top_parser] [parser.py:209]     → design=N/A                  corner=N/A                                 check=N/A    wns=+0.000  status=UNKNOWN
[2026-08-15 22:26:21] [INFO    ] [sta_top_parser] [parser.py:294]   Parsed 31 / 31 report(s) OK
[2026-08-15 22:26:21] [INFO    ] [sta_top_parser] [dump_log.py:246] Dump log    → D:\Certificates\PD_STA_REPORTS\WRITEBACK\RESULT_BROADCAST_BUS\RESULT_BUS_TOP_dump.log
[2026-08-15 22:26:21] [INFO    ] [sta_top_parser] [json_writer.py:75] JSON dump   → D:\Certificates\PD_STA_REPORTS\WRITEBACK\RESULT_BROADCAST_BUS\RESULT_BUS_TOP_summary.json
[2026-08-15 22:26:21] [INFO    ] [sta_top_parser] [html_writer.py:479] HTML report → D:\Certificates\PD_STA_REPORTS\WRITEBACK\RESULT_BROADCAST_BUS\RESULT_BUS_TOP_report.html
[2026-08-15 22:26:21] [INFO    ] [sta_top_parser] [sta_top_parser.py:353] ────────────────────────────────────────────────────────────
[2026-08-15 22:26:21] [INFO    ] [sta_top_parser] [sta_top_parser.py:354] Aggregating 57 block(s) …
[2026-08-15 22:26:21] [INFO    ] [sta_top_parser] [sta_top_parser.py:239] ────────────────────────────────────────────────────────────────────────────────
[2026-08-15 22:26:21] [INFO    ] [sta_top_parser] [sta_top_parser.py:240]   STA TOP-LEVEL SUMMARY  —  PD_STA_REPORTS
[2026-08-15 22:26:21] [INFO    ] [sta_top_parser] [sta_top_parser.py:241]   Root       : D:\Certificates\PD_STA_REPORTS
[2026-08-15 22:26:21] [INFO    ] [sta_top_parser] [sta_top_parser.py:242]   Parsed at  : 2026-08-15T22:26:21
[2026-08-15 22:26:21] [INFO    ] [sta_top_parser] [sta_top_parser.py:243]   Blocks: 57   Reports: 1007
[2026-08-15 22:26:21] [INFO    ] [sta_top_parser] [sta_top_parser.py:244] ────────────────────────────────────────────────────────────────────────────────
[2026-08-15 22:26:21] [INFO    ] [sta_top_parser] [sta_top_parser.py:245]   STATUS      WORST WNS  WORST TNS  WORST WHS  VIOLATIONS
[2026-08-15 22:26:21] [INFO    ] [sta_top_parser] [sta_top_parser.py:247]   VIOLATED       -0.231     -6.788     -0.041  9
[2026-08-15 22:26:21] [INFO    ] [sta_top_parser] [sta_top_parser.py:251] ────────────────────────────────────────────────────────────────────────────────
[2026-08-15 22:26:21] [INFO    ] [sta_top_parser] [sta_top_parser.py:252]   BY PIPELINE STAGE
[2026-08-15 22:26:21] [INFO    ] [sta_top_parser] [sta_top_parser.py:253]   STAGE                      BLKS   WNS(ns)   TNS(ns)   WHS(ns)  STATUS
[2026-08-15 22:26:21] [INFO    ] [sta_top_parser] [sta_top_parser.py:255]   ──────────────────────────────────────────────────────────────────────
[2026-08-15 22:26:21] [INFO    ] [sta_top_parser] [sta_top_parser.py:257]   CACHE                         5    -0.145    -3.340    +0.000  VIOLATED
[2026-08-15 22:26:21] [INFO    ] [sta_top_parser] [sta_top_parser.py:257]   COMMIT                        4    +0.000    +0.000    +0.000  MET
[2026-08-15 22:26:21] [INFO    ] [sta_top_parser] [sta_top_parser.py:257]   DECODE                        5    -0.089    -0.876    +0.000  VIOLATED
[2026-08-15 22:26:21] [INFO    ] [sta_top_parser] [sta_top_parser.py:257]   EXECUTE                      13    -0.198    -3.760    +0.000  VIOLATED
[2026-08-15 22:26:21] [INFO    ] [sta_top_parser] [sta_top_parser.py:257]   FETCH                         7    -0.048    -0.468    +0.000  VIOLATED
[2026-08-15 22:26:21] [INFO    ] [sta_top_parser] [sta_top_parser.py:257]   ISSUE                         4    +0.000    +0.000    -0.041  VIOLATED
[2026-08-15 22:26:21] [INFO    ] [sta_top_parser] [sta_top_parser.py:257]   MEMORY                        6    -0.063    -0.628    +0.000  VIOLATED
[2026-08-15 22:26:21] [INFO    ] [sta_top_parser] [sta_top_parser.py:257]   RENAME_DISPATCH               4    +0.000    +0.000    -0.033  VIOLATED
[2026-08-15 22:26:21] [INFO    ] [sta_top_parser] [sta_top_parser.py:257]   UNCORE                        6    +0.000    +0.000    +0.000  MET
[2026-08-15 22:26:21] [INFO    ] [sta_top_parser] [sta_top_parser.py:257]   WRITEBACK                     3    -0.231    -6.788    +0.000  VIOLATED
[2026-08-15 22:26:21] [INFO    ] [sta_top_parser] [sta_top_parser.py:260] ────────────────────────────────────────────────────────────────────────────────
[2026-08-15 22:26:21] [INFO    ] [sta_top_parser] [sta_top_parser.py:261]   BY CORNER
[2026-08-15 22:26:21] [INFO    ] [sta_top_parser] [sta_top_parser.py:262]   CORNER                                         WNS(ns)   TNS(ns)   WHS(ns)  STATUS
[2026-08-15 22:26:21] [INFO    ] [sta_top_parser] [sta_top_parser.py:264]   ────────────────────────────────────────────────────────────────────────────
[2026-08-15 22:26:21] [INFO    ] [sta_top_parser] [sta_top_parser.py:266]   N/A                                             +0.000    +0.000    +0.000  MET
[2026-08-15 22:26:21] [INFO    ] [sta_top_parser] [sta_top_parser.py:266]   ff_1p16v_1p16v_125c                             +0.018    +0.000    -0.041  VIOLATED
[2026-08-15 22:26:21] [INFO    ] [sta_top_parser] [sta_top_parser.py:266]   ff_1p16v_1p16v_n40c                             +0.031    +0.000    -0.033  VIOLATED
[2026-08-15 22:26:21] [INFO    ] [sta_top_parser] [sta_top_parser.py:266]   ff_1p32v_1p32v_n40c                             +1.048    +0.000    +0.000  MET
[2026-08-15 22:26:21] [INFO    ] [sta_top_parser] [sta_top_parser.py:266]   lvss_0p63v_0p63v_125c                           -0.231    -6.788    +0.076  VIOLATED
[2026-08-15 22:26:21] [INFO    ] [sta_top_parser] [sta_top_parser.py:266]   ss_0p63v_0p63v_125c                             +1.045    +0.000    +0.061  MET
[2026-08-15 22:26:21] [INFO    ] [sta_top_parser] [sta_top_parser.py:266]   ss_0p63v_0p63v_n40c                             +1.045    +0.000    +0.000  MET
[2026-08-15 22:26:21] [INFO    ] [sta_top_parser] [sta_top_parser.py:266]   ss_0p72v_0p72v_125c                             -0.145    -3.340    +0.000  VIOLATED
[2026-08-15 22:26:21] [INFO    ] [sta_top_parser] [sta_top_parser.py:266]   ss_0p72v_0p72v_m40c                             -0.198    -3.760    +0.071  VIOLATED
[2026-08-15 22:26:21] [INFO    ] [sta_top_parser] [sta_top_parser.py:266]   ss_0p72v_0p72v_n40c                             +1.030    +0.000    +0.061  MET
[2026-08-15 22:26:21] [INFO    ] [sta_top_parser] [sta_top_parser.py:266]   tt_0p90v_0p90v_25c                              -0.063    -0.628    +0.000  VIOLATED
[2026-08-15 22:26:21] [INFO    ] [sta_top_parser] [sta_top_parser.py:266]   tt_0p90v_0p90v_85c                              +1.044    +0.000    +0.000  MET
[2026-08-15 22:26:21] [INFO    ] [sta_top_parser] [sta_top_parser.py:268] ────────────────────────────────────────────────────────────────────────────────
[2026-08-15 22:26:21] [INFO    ] [sta_top_parser] [dump_log.py:246] Dump log    → D:\Certificates\PD_STA_REPORTS\_TOP_dump.log
[2026-08-15 22:26:21] [INFO    ] [sta_top_parser] [json_writer.py:75] JSON dump   → D:\Certificates\PD_STA_REPORTS\_TOP_summary.json
[2026-08-15 22:26:21] [INFO    ] [sta_top_parser] [html_writer.py:697] HTML report → D:\Certificates\PD_STA_REPORTS\_TOP_report.html
[2026-08-15 22:26:21] [INFO    ] [sta_top_parser] [sta_top_parser.py:392] Run log     → D:\Certificates\PD_STA_REPORTS\_TOP_run_20260815_222620.log
[2026-08-15 22:26:21] [INFO    ] [sta_top_parser] [sta_top_parser.py:393] Done.  57 blocks  |  1007 reports  |  status: VIOLATED
